{
    "episode": 4622,
    "seed": 4622,
    "metrics": {
        "sinr_ue1": [
            2.456730655909746,
            14.587938293403928,
            2.4040640696589923,
            2.4486976535217124,
            2.382122080361391,
            2.320203143727521,
            11.400146577474493,
            2.285302702693067,
            2.2285427927763832,
            2.165763376541606,
            2.1858497077406676,
            2.25368644399672,
            2.2269014904108184,
            2.2906473042519826,
            2.3586699712930503,
            2.419688594853083,
            2.486066078994682,
            2.4426244459319704,
            2.3923280751867817,
            2.456305647838454
        ],
        "sinr_ue2": [
            14.516434683701974,
            14.515614318514245,
            14.507569358606222,
            14.502115102420472,
            14.509705008881093,
            14.516557623615615,
            14.511823403690425,
            14.50427087367719,
            14.503459244429592,
            14.508208287665587,
            14.503176925462101,
            14.508682776929838,
            14.509789547510183,
            14.510016918503572,
            14.508733350894524,
            14.500983985683954,
            14.500741447794482,
            14.506809549049533,
            14.514757410829786,
            14.520145362700221
        ],
        "power_bs1": [
            30.640145648040594,
            30.640145648040594,
            30.640145648040594,
            30.640145648040594,
            30.640145648040594,
            30.640145648040594,
            30.640145648040594,
            30.640145648040594,
            30.640145648040594,
            30.640145648040594,
            30.640145648040594,
            30.640145648040594,
            30.640145648040594,
            30.640145648040594,
            30.640145648040594,
            30.640145648040594,
            30.640145648040594,
            30.640145648040594,
            30.640145648040594,
            30.640145648040594
        ],
        "power_bs2": [
            36.68140571964032,
            36.68140571964032,
            36.68140571964032,
            36.68140571964032,
            36.68140571964032,
            36.68140571964032,
            36.68140571964032,
            36.68140571964032,
            36.68140571964032,
            36.68140571964032,
            36.68140571964032,
            36.68140571964032,
            36.68140571964032,
            36.68140571964032,
            36.68140571964032,
            36.68140571964032,
            36.68140571964032,
            36.68140571964032,
            36.68140571964032,
            36.68140571964032
        ]
    }
}