{
    "episode": 4936,
    "seed": 4936,
    "metrics": {
        "sinr_ue1": [
            7.57735054508159,
            12.494260113074391,
            12.52545681160169,
            12.540065024512142,
            12.512437545397807,
            12.546253557855497,
            12.563154881147986,
            12.560357167248663,
            9.79869687789702,
            12.487258925540585,
            14.13033516702604,
            12.504171972302725,
            12.510988881706016,
            12.500478967980888,
            12.503084444872371,
            12.473460261131185,
            12.485856682581158,
            12.45093991177077,
            12.481572249054366,
            12.481164242707397
        ],
        "sinr_ue2": [
            3.039890502260162,
            2.921595616780915,
            2.8687803603759297,
            0.22654613640695143,
            3.0815878960315053,
            2.9529532132573997,
            3.0025106161697517,
            3.022626090161091,
            3.1522429709093998,
            3.055127254644649,
            3.149952844296363,
            3.0564299056470543,
            2.9307860476346184,
            2.9046775381719927,
            2.856537261649301,
            2.7332204861039964,
            2.7737453401930914,
            2.7232873647482285,
            2.601844895953638,
            2.6115049159356714
        ],
        "power_bs1": [
            40.563546523002785,
            40.563546523002785,
            40.563546523002785,
            40.563546523002785,
            40.563546523002785,
            40.563546523002785,
            40.563546523002785,
            40.563546523002785,
            40.563546523002785,
            40.563546523002785,
            40.563546523002785,
            40.563546523002785,
            40.563546523002785,
            40.563546523002785,
            40.563546523002785,
            40.563546523002785,
            40.563546523002785,
            40.563546523002785,
            40.563546523002785,
            40.563546523002785
        ],
        "power_bs2": [
            41.83911680671165,
            41.83911680671165,
            41.83911680671165,
            41.83911680671165,
            41.83911680671165,
            41.83911680671165,
            41.83911680671165,
            41.83911680671165,
            41.83911680671165,
            41.83911680671165,
            41.83911680671165,
            41.83911680671165,
            41.83911680671165,
            41.83911680671165,
            41.83911680671165,
            41.83911680671165,
            41.83911680671165,
            41.83911680671165,
            41.83911680671165,
            41.83911680671165
        ]
    }
}