{
    "episode": 266,
    "seed": 266,
    "metrics": {
        "sinr_ue1": [
            14.4263693735127,
            14.436213261639812,
            14.445128513394511,
            14.440017819884279,
            14.428569033214611,
            14.435330366548767,
            3.349112362366324,
            14.430199069056542,
            14.418865178202804,
            14.420326814018884,
            5.223023102735146,
            14.420532895123513,
            14.421378370494416,
            14.430895708988146,
            14.421450259153382,
            14.423976222348381,
            14.41825360325172,
            14.427200212760194,
            8.791020039960781,
            14.42399835431402
        ],
        "sinr_ue2": [
            14.488524289527053,
            14.493820625722371,
            14.486227707017537,
            14.483076314735012,
            14.475176195564684,
            14.473165337166972,
            14.471850611258015,
            14.468683845240752,
            1.2376718321986289,
            14.468484749047983,
            14.473607987575498,
            6.694094400802362,
            14.474498700906212,
            14.482111273971267,
            14.477123736816303,
            14.477905338165206,
            14.4780033397631,
            14.473498367610734,
            14.466739769329358,
            14.47455717786968
        ],
        "power_bs1": [
            35.327898241665245,
            35.327898241665245,
            35.327898241665245,
            35.327898241665245,
            35.327898241665245,
            35.327898241665245,
            35.327898241665245,
            35.327898241665245,
            35.327898241665245,
            35.327898241665245,
            35.327898241665245,
            35.327898241665245,
            35.327898241665245,
            35.327898241665245,
            35.327898241665245,
            35.327898241665245,
            35.327898241665245,
            35.327898241665245,
            35.327898241665245,
            35.327898241665245
        ],
        "power_bs2": [
            38.44252032273786,
            38.44252032273786,
            38.44252032273786,
            38.44252032273786,
            38.44252032273786,
            38.44252032273786,
            38.44252032273786,
            38.44252032273786,
            38.44252032273786,
            38.44252032273786,
            38.44252032273786,
            38.44252032273786,
            38.44252032273786,
            38.44252032273786,
            38.44252032273786,
            38.44252032273786,
            38.44252032273786,
            38.44252032273786,
            38.44252032273786,
            38.44252032273786
        ]
    }
}