{
    "episode": 1955,
    "seed": 1955,
    "metrics": {
        "sinr_ue1": [
            10.86772227621129,
            10.917083173790884,
            10.936249776861633,
            10.970127464764118,
            11.016952026102846,
            11.064753152417058,
            6.13483295571584,
            11.083916750259618,
            11.090456535973743,
            11.04614529892427,
            11.092636977798069,
            11.120377545214438,
            11.12304517394432,
            11.145974312822425,
            11.187049552622982,
            11.230837579089075,
            11.257351928130792,
            11.262743312172393,
            11.310497869627953,
            11.339250961040888
        ],
        "sinr_ue2": [
            6.901942615411122,
            6.920195499732474,
            6.978399136874392,
            7.002869730013,
            6.9458503351943675,
            7.002597921729106,
            7.0513916411139554,
            7.109102969368605,
            7.049584714076638,
            6.990073207518837,
            6.963031597570241,
            6.918941279518583,
            6.966527834315157,
            6.956610209220402,
            6.8993799026320595,
            6.9259135454510465,
            6.957198189294228,
            6.98211360155859,
            6.966082727656454,
            6.91414323397056
        ],
        "power_bs1": [
            39.29632587701968,
            39.29632587701968,
            39.29632587701968,
            39.29632587701968,
            39.29632587701968,
            39.29632587701968,
            39.29632587701968,
            39.29632587701968,
            39.29632587701968,
            39.29632587701968,
            39.29632587701968,
            39.29632587701968,
            39.29632587701968,
            39.29632587701968,
            39.29632587701968,
            39.29632587701968,
            39.29632587701968,
            39.29632587701968,
            39.29632587701968,
            39.29632587701968
        ],
        "power_bs2": [
            40.38427746371762,
            40.38427746371762,
            40.38427746371762,
            40.38427746371762,
            40.38427746371762,
            40.38427746371762,
            40.38427746371762,
            40.38427746371762,
            40.38427746371762,
            40.38427746371762,
            40.38427746371762,
            40.38427746371762,
            40.38427746371762,
            40.38427746371762,
            40.38427746371762,
            40.38427746371762,
            40.38427746371762,
            40.38427746371762,
            40.38427746371762,
            40.38427746371762
        ]
    }
}