{
    "episode": 2394,
    "seed": 2394,
    "metrics": {
        "sinr_ue1": [
            8.009861789139974,
            7.998252153663088,
            8.042950991346604,
            7.964350003851185,
            8.050718119185385,
            4.209360461005064,
            8.069991308757924,
            8.157085259847722,
            8.17535155344851,
            8.126579660698889,
            8.109779569348946,
            8.031700085612723,
            7.984307080676043,
            7.928151847524541,
            14.304454462852732,
            8.060058892897835,
            8.13790013695807,
            8.059543587925607,
            8.107854165902044,
            8.022673756228198
        ],
        "sinr_ue2": [
            4.107916090260241,
            14.132341973897352,
            14.132776469124039,
            14.135989290467963,
            14.13916399779027,
            14.139469789407997,
            14.136251408120685,
            14.133024971110702,
            14.134713179214602,
            14.137773771339322,
            14.139786230957643,
            14.638477352098992,
            14.1377810615436,
            14.134783867228027,
            14.131584075710037,
            14.13269542984608,
            14.135825972061276,
            14.133197621714475,
            14.130415285113315,
            14.130092717336197
        ],
        "power_bs1": [
            40.82391738955824,
            40.82391738955824,
            40.82391738955824,
            40.82391738955824,
            40.82391738955824,
            40.82391738955824,
            40.82391738955824,
            40.82391738955824,
            40.82391738955824,
            40.82391738955824,
            40.82391738955824,
            40.82391738955824,
            40.82391738955824,
            40.82391738955824,
            40.82391738955824,
            40.82391738955824,
            40.82391738955824,
            40.82391738955824,
            40.82391738955824,
            40.82391738955824
        ],
        "power_bs2": [
            41.549520806116774,
            41.549520806116774,
            41.549520806116774,
            41.549520806116774,
            41.549520806116774,
            41.549520806116774,
            41.549520806116774,
            41.549520806116774,
            41.549520806116774,
            41.549520806116774,
            41.549520806116774,
            41.549520806116774,
            41.549520806116774,
            41.549520806116774,
            41.549520806116774,
            41.549520806116774,
            41.549520806116774,
            41.549520806116774,
            41.549520806116774,
            41.549520806116774
        ]
    }
}