{
    "episode": 430,
    "seed": 430,
    "metrics": {
        "sinr_ue1": [
            6.54700176099252,
            6.532719521384955,
            6.463542653794443,
            6.401173164780985,
            6.3675113283154285,
            6.371451217309739,
            6.437958510791626,
            6.446623835083491,
            6.374079946594426,
            6.349282552782402,
            6.3607934350690085,
            6.353238413551867,
            6.315251693624596,
            6.358708579443161,
            6.432260574785895,
            6.497752533566581,
            6.427955573672228,
            6.423312943205952,
            6.448461374670764,
            6.47081671920643
        ],
        "sinr_ue2": [
            14.374957960674374,
            11.573051445350755,
            14.359789941953334,
            14.350524078746169,
            14.362736615364753,
            14.36142892848262,
            14.351540142657523,
            14.352257689492674,
            14.347095509265406,
            14.359212053774975,
            14.350491665271829,
            14.34787612108791,
            14.349651524016032,
            14.353563265828411,
            14.36554653496896,
            14.363266058936587,
            14.352160842767935,
            14.341358328716744,
            14.340204660832557,
            14.335132506986781
        ],
        "power_bs1": [
            41.95932384230001,
            41.95932384230001,
            41.95932384230001,
            41.95932384230001,
            41.95932384230001,
            41.95932384230001,
            41.95932384230001,
            41.95932384230001,
            41.95932384230001,
            41.95932384230001,
            41.95932384230001,
            41.95932384230001,
            41.95932384230001,
            41.95932384230001,
            41.95932384230001,
            41.95932384230001,
            41.95932384230001,
            41.95932384230001,
            41.95932384230001,
            41.95932384230001
        ],
        "power_bs2": [
            38.79366195599652,
            38.79366195599652,
            38.79366195599652,
            38.79366195599652,
            38.79366195599652,
            38.79366195599652,
            38.79366195599652,
            38.79366195599652,
            38.79366195599652,
            38.79366195599652,
            38.79366195599652,
            38.79366195599652,
            38.79366195599652,
            38.79366195599652,
            38.79366195599652,
            38.79366195599652,
            38.79366195599652,
            38.79366195599652,
            38.79366195599652,
            38.79366195599652
        ]
    }
}