{
    "episode": 1743,
    "seed": 1743,
    "metrics": {
        "sinr_ue1": [
            14.667514203534655,
            14.675464092202906,
            14.684925820060482,
            14.69189788346119,
            14.682130966244776,
            14.687964893957563,
            14.679426503587651,
            2.106068748322931,
            14.681398916407842,
            14.686225443793843,
            14.677470557620103,
            14.670165898030929,
            14.66450513097252,
            14.659418016568559,
            14.65801767182119,
            14.648745159501404,
            14.639301504750076,
            14.647093181743765,
            14.641419847605153,
            14.632227496111032
        ],
        "sinr_ue2": [
            13.983005761673041,
            13.973255757102931,
            13.88089460445373,
            13.912884901386668,
            13.949068368050629,
            13.862835776988359,
            13.957278047613933,
            13.85487440205943,
            13.874943895398818,
            4.126570606939149,
            13.871056759636238,
            13.78623693428131,
            13.82774214365876,
            13.920350818866876,
            4.260109622694972,
            14.010925294368592,
            14.068938899643182,
            14.112932010774694,
            14.11326697435164,
            14.117962790524048
        ],
        "power_bs1": [
            42.87781780730774,
            42.87781780730774,
            42.87781780730774,
            42.87781780730774,
            42.87781780730774,
            42.87781780730774,
            42.87781780730774,
            42.87781780730774,
            42.87781780730774,
            42.87781780730774,
            42.87781780730774,
            42.87781780730774,
            42.87781780730774,
            42.87781780730774,
            42.87781780730774,
            42.87781780730774,
            42.87781780730774,
            42.87781780730774,
            42.87781780730774,
            42.87781780730774
        ],
        "power_bs2": [
            40.83238891781886,
            40.83238891781886,
            40.83238891781886,
            40.83238891781886,
            40.83238891781886,
            40.83238891781886,
            40.83238891781886,
            40.83238891781886,
            40.83238891781886,
            40.83238891781886,
            40.83238891781886,
            40.83238891781886,
            40.83238891781886,
            40.83238891781886,
            40.83238891781886,
            40.83238891781886,
            40.83238891781886,
            40.83238891781886,
            40.83238891781886,
            40.83238891781886
        ]
    }
}