{
    "episode": 2445,
    "seed": 2445,
    "metrics": {
        "sinr_ue1": [
            11.250268343111296,
            11.389428894553031,
            11.417490705622063,
            11.553209214472755,
            11.68004711430812,
            11.796055008356952,
            11.784415479615774,
            11.661438614483558,
            14.497690450735826,
            11.790145087099908,
            11.894037483429742,
            11.750703600254308,
            11.59838048099905,
            11.599541868797512,
            11.509498631229755,
            11.440961844917261,
            11.595008354998217,
            11.713647720704946,
            11.724360986827747,
            11.605027466110736
        ],
        "sinr_ue2": [
            0.876248979866705,
            0.8215073221350826,
            0.7615058469909779,
            6.989659096625379,
            0.777179283891186,
            0.722368512402217,
            0.7060257123928242,
            0.6953873430132207,
            0.7548564826267863,
            0.7700350550271766,
            0.7413220354119625,
            0.706759938179383,
            0.6771272688789765,
            0.6173642966833435,
            0.6313921538566989,
            0.5835670516873153,
            0.5254294405321809,
            0.4646087826371659,
            11.751954703198791,
            0.37631893434673636
        ],
        "power_bs1": [
            43.558657917486386,
            43.558657917486386,
            43.558657917486386,
            43.558657917486386,
            43.558657917486386,
            43.558657917486386,
            43.558657917486386,
            43.558657917486386,
            43.558657917486386,
            43.558657917486386,
            43.558657917486386,
            43.558657917486386,
            43.558657917486386,
            43.558657917486386,
            43.558657917486386,
            43.558657917486386,
            43.558657917486386,
            43.558657917486386,
            43.558657917486386,
            43.558657917486386
        ],
        "power_bs2": [
            36.79152462301696,
            36.79152462301696,
            36.79152462301696,
            36.79152462301696,
            36.79152462301696,
            36.79152462301696,
            36.79152462301696,
            36.79152462301696,
            36.79152462301696,
            36.79152462301696,
            36.79152462301696,
            36.79152462301696,
            36.79152462301696,
            36.79152462301696,
            36.79152462301696,
            36.79152462301696,
            36.79152462301696,
            36.79152462301696,
            36.79152462301696,
            36.79152462301696
        ]
    }
}