{
    "episode": 2822,
    "seed": 2822,
    "metrics": {
        "sinr_ue1": [
            7.201601697002095,
            2.1946789925742687,
            2.186227006950664,
            2.132274128675351,
            2.1460798355027495,
            2.2115873529396946,
            2.185588378626051,
            2.087085386623028,
            5.995896320123763,
            5.946034226578927,
            5.845891317947533,
            5.847249160608427,
            5.809294610991925,
            5.805669402884703,
            7.805653040583658,
            7.782089443211684,
            7.619741932932852,
            7.401803780166197,
            7.258775759201676,
            7.068141228210535
        ],
        "sinr_ue2": [
            11.834081793397052,
            1.1217305168983058,
            0.244838767899775,
            11.973286861009553,
            12.044183631276617,
            12.03275743141068,
            14.828127627348207,
            12.096797085637633,
            8.274309631150011,
            8.329753539469513,
            8.238589576025749,
            8.200813343629443,
            8.167799993820577,
            8.08256307701874,
            6.069020314405455,
            6.096446587238516,
            6.080405632226893,
            6.095834450361981,
            5.980217466229464,
            5.890156100176336
        ],
        "power_bs1": [
            40.40861939787043,
            39.40861939787044,
            38.40861939787044,
            37.40861939787044,
            36.40861939787043,
            35.40861939787043,
            34.40861939787044,
            33.40861939787044,
            36.40861939787043,
            35.40861939787043,
            34.40861939787043,
            33.40861939787044,
            32.40861939787044,
            31.408619397870435,
            32.40861939787044,
            31.408619397870435,
            30.40861939787043,
            29.40861939787044,
            28.40861939787043,
            27.408619397870435
        ],
        "power_bs2": [
            39.17981573252443,
            38.17981573252443,
            37.17981573252444,
            36.17981573252444,
            35.17981573252443,
            34.17981573252443,
            33.17981573252443,
            32.17981573252443,
            31.179815732524435,
            30.179815732524435,
            29.179815732524435,
            28.179815732524432,
            27.179815732524432,
            26.179815732524432,
            25.179815732524435,
            24.179815732524435,
            23.179815732524432,
            22.179815732524432,
            21.179815732524432,
            20.179815732524435
        ]
    }
}