{
    "episode": 3844,
    "seed": 3844,
    "metrics": {
        "sinr_ue1": [
            11.588780817157282,
            11.506370377969201,
            11.573864112981584,
            11.528437951099553,
            11.57598872055923,
            11.50478031209284,
            13.646523259743002,
            11.541700147264477,
            11.473435728906674,
            11.360241798803148,
            11.315838676129975,
            11.162244582175658,
            11.0878649456479,
            10.996159172909714,
            2.952307049173122,
            10.51836355677373,
            10.263149059934628,
            4.997477205961433,
            4.792685581781788,
            4.471758133399216
        ],
        "sinr_ue2": [
            8.723709521277787,
            8.71177864605482,
            8.797431644380804,
            8.792851768120137,
            8.874295224612238,
            8.951694296247073,
            9.0031958416258,
            9.029092045510243,
            8.953722890308626,
            8.890153295221408,
            8.782992398245216,
            8.686895740373002,
            8.676233719235457,
            8.666572012217499,
            8.483394345016201,
            8.36549073398593,
            8.167055994027702,
            13.342664555615727,
            13.049728380599142,
            12.678021646243874
        ],
        "power_bs1": [
            37.757874786416465,
            36.757874786416465,
            35.757874786416465,
            34.757874786416465,
            33.757874786416465,
            32.757874786416465,
            31.757874786416465,
            30.75787478641647,
            29.757874786416465,
            28.757874786416465,
            27.757874786416465,
            26.757874786416465,
            25.757874786416465,
            24.757874786416465,
            23.757874786416465,
            22.757874786416465,
            21.757874786416465,
            18.757874786416465,
            17.757874786416465,
            16.757874786416465
        ],
        "power_bs2": [
            41.32801341268554,
            40.32801341268555,
            39.32801341268555,
            38.32801341268555,
            37.32801341268555,
            36.32801341268555,
            35.32801341268555,
            34.32801341268555,
            33.32801341268555,
            32.32801341268555,
            31.32801341268555,
            30.32801341268555,
            29.328013412685547,
            28.328013412685547,
            27.32801341268555,
            26.32801341268555,
            25.32801341268555,
            28.328013412685547,
            27.32801341268555,
            26.32801341268555
        ]
    }
}