{
    "episode": 2640,
    "seed": 2640,
    "metrics": {
        "sinr_ue1": [
            9.971034576455146,
            9.953727908302291,
            10.098661752447583,
            10.130990027691958,
            9.999933603477606,
            10.14242419927152,
            10.225681239499517,
            12.32113786547578,
            12.441037024462629,
            12.524864114483668,
            3.202670384634536,
            12.541189291934003,
            1.1133902304363694,
            10.394410539380353,
            0.902373059531941,
            7.710351513281344,
            9.837512493258732,
            6.470112415383911,
            6.295909660656352,
            6.11789940601442
        ],
        "sinr_ue2": [
            14.20479795834414,
            14.200896308676137,
            14.194351923572647,
            14.187823200591042,
            14.173537019979221,
            14.211588264957754,
            14.198429375155047,
            13.146750842233388,
            12.76556035969719,
            12.719000856718985,
            12.632702128027072,
            12.508873923569144,
            12.402510596174327,
            14.128088376623374,
            14.081767833497052,
            14.276258472951008,
            14.213242022815454,
            14.293999487482663,
            14.197898114466325,
            14.112648580387955
        ],
        "power_bs1": [
            42.77859112224216,
            41.77859112224216,
            40.77859112224217,
            39.77859112224216,
            38.77859112224216,
            41.77859112224216,
            40.77859112224217,
            41.77859112224216,
            40.77859112224217,
            39.77859112224216,
            38.77859112224216,
            37.77859112224216,
            36.77859112224216,
            35.77859112224216,
            34.77859112224216,
            31.77859112224216,
            30.77859112224216,
            27.77859112224216,
            26.77859112224216,
            25.77859112224216
        ],
        "power_bs2": [
            41.24894642102877,
            40.24894642102876,
            39.24894642102877,
            38.24894642102877,
            37.24894642102876,
            40.24894642102876,
            39.24894642102877,
            38.24894642102877,
            37.24894642102876,
            36.24894642102876,
            35.24894642102876,
            34.24894642102877,
            33.24894642102877,
            34.24894642102877,
            33.24894642102877,
            32.24894642102876,
            31.248946421028766,
            30.248946421028762,
            29.248946421028762,
            28.248946421028766
        ]
    }
}