{
    "episode": 3785,
    "seed": 3785,
    "metrics": {
        "sinr_ue1": [
            14.772476242305983,
            5.852368188279332,
            12.612141833211275,
            12.794536296834597,
            12.934906411883391,
            13.100070163385551,
            13.186566876364502,
            13.257340088955118,
            13.174950171626588,
            13.245773126414326,
            13.155973333676238,
            13.276984272010905,
            13.158593681762074,
            13.04574635532854,
            13.1399696387875,
            13.020160943237642,
            13.106659256231527,
            13.005086037486265,
            13.09256904847062,
            12.992412100567387
        ],
        "sinr_ue2": [
            10.37093830718366,
            10.450620066511286,
            14.52325439119922,
            14.554465348894443,
            14.541015081546487,
            14.563950157535796,
            14.589364041133374,
            14.571701564648755,
            14.564994209463599,
            14.549697818289324,
            14.548420510328565,
            14.554510820962086,
            14.557311915490331,
            14.572943355936118,
            14.573071214055117,
            14.558049666909637,
            14.542095127277502,
            14.559838256952228,
            14.15499547586545,
            14.557132862721168
        ],
        "power_bs1": [
            36.209663141290235,
            37.209663141290235,
            34.209663141290235,
            35.209663141290235,
            36.209663141290235,
            37.209663141290235,
            38.209663141290235,
            39.209663141290235,
            38.209663141290235,
            39.209663141290235,
            38.209663141290235,
            39.209663141290235,
            38.209663141290235,
            37.209663141290235,
            38.209663141290235,
            37.209663141290235,
            38.209663141290235,
            37.209663141290235,
            38.209663141290235,
            37.209663141290235
        ],
        "power_bs2": [
            31.80720977067963,
            32.80720977067963,
            35.80720977067963,
            36.80720977067963,
            37.807209770679634,
            38.80720977067963,
            39.80720977067963,
            40.80720977067963,
            39.80720977067963,
            40.80720977067963,
            39.80720977067963,
            40.80720977067963,
            39.80720977067963,
            38.807209770679634,
            39.80720977067963,
            38.807209770679634,
            39.80720977067963,
            38.807209770679634,
            39.80720977067963,
            38.807209770679634
        ]
    }
}