{
    "episode": 3796,
    "seed": 3796,
    "metrics": {
        "sinr_ue1": [
            9.54670644013759,
            9.608010832068139,
            9.625328249220845,
            7.66945887410663,
            7.628167257977083,
            7.550086664484945,
            7.556752721137815,
            7.473110511457153,
            7.489839387545692,
            7.421014307056939,
            7.381390889859038,
            7.332312234191942,
            5.258520714168016,
            5.180562597102348,
            5.114895549812447,
            5.082546841969508,
            5.072888047281303,
            5.003603087729498,
            6.924501078884061,
            6.982578259653238
        ],
        "sinr_ue2": [
            4.213230522394885,
            4.325100851368666,
            4.350946092113289,
            6.426495751944769,
            6.296472030208889,
            6.411367531304861,
            6.355887340738198,
            6.2191546031208595,
            6.1545883708822675,
            6.276388288560092,
            6.178094201568746,
            6.054007519568685,
            7.928792155330452,
            8.051950638506435,
            8.027979719694741,
            7.910895595496666,
            7.941312642514689,
            7.819562452845955,
            5.928220376212378,
            6.056846177819924
        ],
        "power_bs1": [
            39.614258673650525,
            40.614258673650525,
            41.61425867365053,
            42.614258673650525,
            41.61425867365053,
            40.614258673650525,
            41.61425867365053,
            40.614258673650525,
            41.61425867365053,
            40.614258673650525,
            41.61425867365053,
            40.614258673650525,
            37.614258673650525,
            38.614258673650525,
            39.614258673650525,
            40.614258673650525,
            39.614258673650525,
            40.614258673650525,
            39.614258673650525,
            40.614258673650525
        ],
        "power_bs2": [
            37.2687181001858,
            38.2687181001858,
            39.26871810018581,
            42.2687181001858,
            41.26871810018581,
            40.2687181001858,
            41.26871810018581,
            40.2687181001858,
            41.26871810018581,
            40.2687181001858,
            41.26871810018581,
            40.2687181001858,
            39.26871810018581,
            40.2687181001858,
            41.26871810018581,
            42.2687181001858,
            41.26871810018581,
            42.2687181001858,
            39.26871810018581,
            40.2687181001858
        ]
    }
}