{
    "episode": 3792,
    "seed": 3792,
    "metrics": {
        "sinr_ue1": [
            3.800223791382484,
            6.750915808827573,
            1.8440621906071797,
            1.7953286476277173,
            1.7543026557874528,
            1.8046897704417086,
            4.057488761103045,
            1.7745163816841858,
            1.7037361573220227,
            7.695907360815687,
            7.677270183962254,
            7.60905996834408,
            7.545767715007168,
            7.537989560260703,
            13.335862835750639,
            7.311317119140615,
            7.203220985556105,
            7.067755777999283,
            1.4637986336049085,
            1.41297223378582
        ],
        "sinr_ue2": [
            14.360919896997155,
            14.907879290194064,
            14.884003929202612,
            14.855060706354397,
            14.820902099378607,
            14.803534471152,
            14.779714256428111,
            14.744370383401149,
            14.703870213574046,
            11.417771619050047,
            11.315520892985255,
            11.14494139798064,
            11.02469192347877,
            10.844228361424214,
            10.654496426879673,
            10.41978388955045,
            10.138361819547445,
            9.73150995621579,
            14.25305500557895,
            1.5879660138316516
        ],
        "power_bs1": [
            40.49643485841773,
            41.49643485841772,
            40.49643485841773,
            39.49643485841772,
            38.49643485841772,
            37.49643485841772,
            36.49643485841772,
            35.49643485841772,
            34.49643485841772,
            37.49643485841772,
            36.49643485841772,
            35.49643485841772,
            34.49643485841772,
            33.49643485841772,
            32.49643485841772,
            31.49643485841772,
            30.49643485841772,
            29.49643485841772,
            26.49643485841772,
            25.49643485841772
        ],
        "power_bs2": [
            40.955226365971164,
            43.95522636597117,
            42.955226365971164,
            41.95522636597117,
            40.955226365971164,
            39.955226365971164,
            38.955226365971164,
            37.955226365971164,
            36.955226365971164,
            33.955226365971164,
            32.955226365971164,
            31.955226365971164,
            30.955226365971164,
            29.955226365971164,
            28.955226365971164,
            27.955226365971164,
            26.955226365971164,
            25.955226365971164,
            28.955226365971164,
            27.955226365971164
        ]
    }
}