{
    "episode": 2907,
    "seed": 2907,
    "metrics": {
        "sinr_ue1": [
            16.812307484277987,
            29.484872549905738,
            31.642843065030082,
            16.86034551667063,
            14.868186411585409,
            14.93582033721501,
            29.392839663381146,
            14.817138190843394,
            10.84974099928479,
            12.776305964975858,
            18.726657260785462,
            29.993059733960873,
            12.79358576000124,
            23.306411335822187,
            16.67095361334614,
            10.785513608854494,
            16.742331301951825,
            42.398324555702125,
            26.31690744674861,
            28.406731957176437
        ],
        "sinr_ue2": [
            30.824704984953847,
            12.635270126402723,
            16.706723013023193,
            29.6303019377736,
            14.605434606789862,
            14.61587597982087,
            14.569705674751507,
            27.622855148252476,
            37.287999726887456,
            32.308171510041085,
            26.99975601288154,
            25.131214233386196,
            30.168939812354694,
            38.633366427183695,
            30.561942313636518,
            36.50437885048567,
            26.725217892818577,
            6.4716400480651695,
            21.72514952502749,
            16.557114731192282
        ],
        "power_bs1": [
            38.43735272904118,
            35.43735272904117,
            36.43735272904117,
            35.43735272904117,
            36.43735272904117,
            39.43735272904117,
            36.43735272904117,
            33.43735272904117,
            30.437352729041173,
            29.437352729041173,
            32.43735272904117,
            29.437352729041173,
            28.437352729041173,
            25.43735272904117,
            28.437352729041173,
            25.43735272904117,
            28.437352729041173,
            31.43735272904117,
            32.43735272904117,
            35.437352729041166
        ],
        "power_bs2": [
            38.640163081325404,
            35.640163081325404,
            32.640163081325404,
            35.640163081325404,
            38.640163081325404,
            41.64016308132541,
            38.640163081325404,
            35.640163081325404,
            36.640163081325404,
            33.640163081325404,
            30.640163081325404,
            31.640163081325404,
            32.640163081325404,
            31.640163081325404,
            28.640163081325404,
            31.640163081325404,
            28.640163081325404,
            25.640163081325404,
            22.6401630813254,
            23.640163081325404
        ]
    }
}