{
    "episode": 1347,
    "seed": 1347,
    "metrics": {
        "sinr_ue1": [
            15.741681094382777,
            30.048686411418885,
            38.55870964239919,
            38.40324118977435,
            36.68328183528018,
            41.19364213901715,
            11.81155649823788,
            33.79941984367516,
            13.646847294788069,
            26.66999020541744,
            26.99256283775536,
            25.6918393013606,
            9.914251121801152,
            25.83788289303916,
            21.00205981762422,
            9.72033062386828,
            25.958209801708012,
            28.858585298635514,
            13.780371675616545,
            25.102019806078722
        ],
        "sinr_ue2": [
            25.531101056077556,
            4.7948401153774896,
            0.8207283350427129,
            0.7359883616588971,
            0.6872650929306416,
            2.7446489251458766,
            22.015900421673415,
            6.713834543223576,
            6.815286091991073,
            10.724485982852626,
            21.29950127977768,
            12.881669056084643,
            20.665775139183165,
            10.941072984815728,
            29.304418170865375,
            10.955901049015317,
            7.029503040398479,
            4.944340953017865,
            20.481945133549612,
            25.42926115826348
        ],
        "power_bs1": [
            35.323026402180474,
            34.32302640218047,
            35.323026402180474,
            34.32302640218047,
            31.32302640218047,
            28.323026402180467,
            25.32302640218047,
            24.32302640218047,
            27.323026402180467,
            26.32302640218047,
            25.32302640218047,
            24.32302640218047,
            25.32302640218047,
            28.323026402180467,
            25.32302640218047,
            28.323026402180467,
            31.323026402180467,
            34.32302640218047,
            33.32302640218047,
            32.32302640218047
        ],
        "power_bs2": [
            35.98294323737456,
            34.982943237374556,
            31.982943237374563,
            30.98294323737456,
            27.982943237374556,
            26.982943237374563,
            29.98294323737456,
            26.982943237374563,
            29.98294323737456,
            32.982943237374556,
            29.98294323737456,
            32.982943237374556,
            31.982943237374556,
            34.982943237374556,
            31.982943237374556,
            34.982943237374556,
            33.982943237374556,
            34.982943237374556,
            35.982943237374556,
            36.982943237374556
        ]
    }
}