{
    "episode": 2221,
    "seed": 2221,
    "metrics": {
        "sinr_ue1": [
            10.301101060364047,
            10.243751150299756,
            10.169213131704996,
            6.181402668747207,
            6.094521021416726,
            3.9838660958170635,
            3.9165555882570082,
            14.13941878662635,
            25.558031642128128,
            25.445340882430507,
            9.905439925536498,
            11.927394943483376,
            14.021358462133161,
            37.044345655709925,
            12.05853217199812,
            25.812415005783137,
            17.298505267790418,
            26.598080294939052,
            7.797188356720461,
            23.15302831227038
        ],
        "sinr_ue2": [
            37.9724024609095,
            43.291538028266814,
            39.63174274134656,
            40.20320485208448,
            41.05519524416994,
            49.49143641952005,
            32.25459113684603,
            23.89513264810121,
            21.966168817181288,
            20.056000844176637,
            39.4643967150921,
            36.408342004602396,
            33.29624070778273,
            14.216124937478288,
            33.64184883217762,
            20.00098622638096,
            39.5139153128624,
            22.028663934219963,
            34.49125891916586,
            23.995461356135216
        ],
        "power_bs1": [
            37.15895843475337,
            38.15895843475337,
            35.15895843475337,
            32.15895843475337,
            29.158958434753373,
            26.158958434753373,
            25.158958434753377,
            26.158958434753373,
            27.158958434753373,
            28.158958434753373,
            27.158958434753373,
            26.158958434753373,
            27.158958434753373,
            30.158958434753373,
            27.158958434753373,
            26.158958434753373,
            25.158958434753373,
            26.158958434753373,
            29.158958434753373,
            26.158958434753373
        ],
        "power_bs2": [
            40.92417625695322,
            41.92417625695321,
            38.92417625695322,
            39.92417625695322,
            36.92417625695321,
            35.92417625695321,
            34.92417625695322,
            33.92417625695322,
            32.92417625695321,
            31.92417625695321,
            30.92417625695321,
            27.924176256953213,
            26.92417625695321,
            27.924176256953213,
            28.924176256953213,
            29.924176256953213,
            30.92417625695321,
            31.92417625695321,
            34.92417625695322,
            33.92417625695322
        ]
    }
}