{
    "episode": 1368,
    "seed": 1368,
    "metrics": {
        "sinr_ue1": [
            15.33030700524744,
            36.37728333033961,
            39.634609191322106,
            32.703442160449015,
            17.298679151267745,
            13.45209300011954,
            30.899861619302907,
            15.51831051232087,
            11.649123633210701,
            17.501500471348898,
            24.748844282382,
            17.60318051667787,
            11.46219181897708,
            30.19335269680241,
            23.552751238738168,
            29.92223949365245,
            17.23184221191854,
            17.349712828544558,
            21.40741816376559,
            25.32133079672903
        ],
        "sinr_ue2": [
            22.915997187713604,
            8.157493923982692,
            4.265221342176554,
            6.440814683386592,
            26.232893821765806,
            27.595674540094024,
            10.518591234708767,
            27.845251696170557,
            27.85014957265513,
            21.869603376542408,
            14.846564330112987,
            10.604804478682563,
            31.00695797629562,
            12.924622013165719,
            11.036055819064591,
            18.840552702081478,
            20.421487914869935,
            19.185518535647695,
            15.463421190422128,
            21.127102375782684
        ],
        "power_bs1": [
            38.956435031294816,
            41.956435031294816,
            42.956435031294816,
            39.956435031294816,
            36.956435031294816,
            35.956435031294816,
            34.956435031294816,
            33.956435031294816,
            32.956435031294816,
            35.956435031294816,
            32.956435031294816,
            35.956435031294816,
            32.956435031294816,
            33.956435031294816,
            32.956435031294816,
            35.956435031294816,
            34.956435031294816,
            33.956435031294816,
            36.956435031294816,
            37.956435031294816
        ],
        "power_bs2": [
            34.41716063357223,
            35.41716063357223,
            32.41716063357223,
            31.41716063357223,
            30.41716063357223,
            33.41716063357224,
            30.41716063357223,
            29.41716063357223,
            32.41716063357223,
            29.41716063357223,
            32.41716063357223,
            29.41716063357223,
            32.41716063357223,
            31.417160633572227,
            28.41716063357223,
            27.41716063357223,
            28.41716063357223,
            27.41716063357223,
            26.417160633572227,
            23.41716063357223
        ]
    }
}