{
    "episode": 776,
    "seed": 776,
    "metrics": {
        "sinr_ue1": [
            28.15376983033783,
            11.12880136167992,
            15.20267191042004,
            35.137610664623054,
            11.210808109648166,
            13.203514301038876,
            34.15801999851929,
            15.24088424518559,
            27.5406189400754,
            28.362910337257507,
            18.753697512551884,
            11.313772537967672,
            11.252394403545669,
            30.479035809762067,
            28.977771645659587,
            13.311491994059889,
            30.765768656476023,
            22.046063685571696,
            29.339349539255007,
            26.547525292159765
        ],
        "sinr_ue2": [
            11.80636130687744,
            24.877605517799232,
            21.055499239496292,
            1.8622101250280674,
            8.479159739850164,
            5.869849769285963,
            17.77384143330969,
            21.675988508359687,
            5.898801837275814,
            7.897719490441859,
            5.871546342839302,
            18.691308633144455,
            7.862838659295134,
            5.8361628034022885,
            7.768099368943475,
            24.55980261574929,
            9.7782757107491,
            19.216905419295948,
            9.777009880470809,
            9.828059391611465
        ],
        "power_bs1": [
            31.213776883308057,
            34.21377688330806,
            37.21377688330805,
            40.21377688330805,
            37.21377688330805,
            40.21377688330805,
            43.21377688330806,
            40.21377688330805,
            39.21377688330806,
            36.21377688330805,
            35.21377688330806,
            32.21377688330805,
            35.21377688330805,
            34.21377688330806,
            31.21377688330805,
            32.21377688330805,
            31.21377688330805,
            34.21377688330806,
            31.21377688330805,
            30.21377688330805
        ],
        "power_bs2": [
            39.570030214704644,
            38.57003021470465,
            37.57003021470465,
            38.57003021470465,
            41.57003021470465,
            42.570030214704644,
            39.570030214704644,
            40.570030214704644,
            41.57003021470465,
            40.570030214704644,
            37.570030214704644,
            36.57003021470465,
            39.570030214704644,
            36.57003021470465,
            35.57003021470465,
            34.570030214704644,
            37.570030214704644,
            40.570030214704644,
            37.570030214704644,
            36.570030214704644
        ]
    }
}