{
    "episode": 3149,
    "seed": 3149,
    "metrics": {
        "sinr_ue1": [
            30.686870279960967,
            39.821707212783885,
            19.182477175984953,
            19.19280647678078,
            21.18561288942209,
            20.6885827916174,
            19.242471760530456,
            36.6091865659112,
            40.472923875515995,
            15.20076520061183,
            33.84046094532514,
            29.11488725053182,
            13.21108557583884,
            9.252278862564127,
            24.03740950551445,
            5.221034271149757,
            23.941391030048578,
            18.802284128326892,
            3.17372324696753,
            16.112223861728324
        ],
        "sinr_ue2": [
            9.397536239181486,
            7.391861716177486,
            23.96678513165974,
            25.40835672959186,
            17.737690865024167,
            7.393270726333237,
            7.427075740037539,
            9.403862433368587,
            7.4200879120926855,
            20.76385405842188,
            11.457880623028188,
            15.42597400334379,
            28.652355970520148,
            34.85748097156903,
            21.401835862631707,
            41.43458448412636,
            29.801173164076804,
            27.26552979470986,
            41.98866723619021,
            30.37439523351132
        ],
        "power_bs1": [
            39.31943980718884,
            40.31943980718885,
            41.31943980718884,
            38.31943980718884,
            39.31943980718884,
            40.31943980718885,
            43.31943980718884,
            44.31943980718884,
            43.31943980718884,
            40.31943980718885,
            41.31943980718884,
            40.31943980718885,
            41.31943980718884,
            38.31943980718884,
            35.31943980718884,
            32.31943980718884,
            29.319439807188843,
            30.319439807188843,
            29.319439807188843,
            32.31943980718884
        ],
        "power_bs2": [
            37.33023132089705,
            36.33023132089705,
            37.33023132089705,
            34.33023132089704,
            33.33023132089705,
            36.33023132089705,
            39.33023132089704,
            42.33023132089705,
            39.33023132089704,
            40.33023132089704,
            41.33023132089704,
            44.33023132089705,
            43.33023132089704,
            44.33023132089705,
            45.33023132089704,
            42.33023132089705,
            41.33023132089704,
            42.33023132089705,
            41.33023132089704,
            40.33023132089704
        ]
    }
}