{
    "episode": 4563,
    "seed": 4563,
    "metrics": {
        "sinr_ue1": [
            3.0761462658253445,
            21.76557067540688,
            5.06616049430741,
            23.980237672060824,
            23.848614053009214,
            27.562246635265385,
            31.228365855661252,
            20.363511466200407,
            31.311737162635996,
            24.086467575488374,
            25.77903627277355,
            9.02960289988541,
            12.96761498374358,
            16.966433964261974,
            32.245718247109146,
            14.869844268324016,
            13.065452216444662,
            29.408538347115076,
            34.492428763194,
            18.478923421348043
        ],
        "sinr_ue2": [
            29.95302589239959,
            23.82342745168948,
            29.709616396621215,
            17.226409311856884,
            13.317491088870092,
            11.357180874141196,
            7.416500201283328,
            5.387546176793769,
            5.324430156970559,
            24.004821454144512,
            5.307559297116089,
            25.356223029363584,
            25.329175496512228,
            22.11074382381041,
            5.209727686315089,
            19.49672633299808,
            7.136397285762732,
            7.0235718852974385,
            1.017961958168518,
            16.83489934819454
        ],
        "power_bs1": [
            32.59682981110313,
            31.596829811103127,
            32.59682981110313,
            29.596829811103127,
            32.59682981110313,
            35.59682981110313,
            36.59682981110313,
            37.59682981110313,
            34.59682981110313,
            33.59682981110313,
            34.59682981110313,
            31.596829811103127,
            32.59682981110313,
            35.59682981110313,
            32.59682981110313,
            29.596829811103124,
            30.596829811103127,
            27.596829811103127,
            30.596829811103127,
            29.596829811103124
        ],
        "power_bs2": [
            39.70178452024656,
            36.70178452024656,
            37.70178452024656,
            36.70178452024656,
            35.70178452024656,
            36.70178452024656,
            33.70178452024656,
            32.70178452024656,
            29.701784520246566,
            32.70178452024656,
            29.701784520246566,
            32.70178452024656,
            29.701784520246566,
            28.701784520246566,
            27.701784520246562,
            24.701784520246562,
            27.701784520246562,
            24.701784520246562,
            21.701784520246562,
            20.701784520246562
        ]
    }
}