{
    "episode": 620,
    "seed": 620,
    "metrics": {
        "sinr_ue1": [
            13.14856404379942,
            23.593783563103067,
            30.57187489639043,
            18.706435331373108,
            30.713404701100878,
            19.426694918579233,
            21.451776519692714,
            19.333345027256293,
            46.684971103400656,
            23.31955545095795,
            41.93796382757003,
            34.63957584957424,
            35.03316822379108,
            25.704152867955518,
            11.414165661506326,
            7.525192679487547,
            3.616441234804481,
            22.424998023361134,
            1.899041741120411,
            -0.2074946196194628
        ],
        "sinr_ue2": [
            30.33292901730915,
            28.386388442237987,
            31.143327228631797,
            26.267348910392634,
            14.95749944908133,
            24.414262000860674,
            23.249923455017978,
            18.259452164192936,
            2.7311488113131426,
            20.181070565590122,
            4.732591760501305,
            10.679834174207034,
            23.299876880183696,
            14.569171324204177,
            34.058822081682024,
            36.54283235038582,
            43.42133088323354,
            24.729842740835586,
            44.98772927142945,
            43.77639105896685
        ],
        "power_bs1": [
            41.84526639843726,
            40.84526639843727,
            41.84526639843726,
            40.84526639843727,
            43.84526639843727,
            44.84526639843726,
            45.84526639843727,
            42.84526639843726,
            45.84526639843727,
            42.84526639843726,
            41.84526639843726,
            38.84526639843726,
            37.84526639843727,
            36.84526639843726,
            37.84526639843727,
            36.84526639843726,
            35.84526639843726,
            36.84526639843726,
            35.84526639843726,
            34.84526639843726
        ],
        "power_bs2": [
            37.08049544598188,
            36.08049544598188,
            35.08049544598188,
            34.08049544598188,
            33.08049544598188,
            34.08049544598188,
            33.08049544598188,
            32.08049544598188,
            29.08049544598188,
            28.080495445981878,
            27.08049544598188,
            30.08049544598188,
            29.08049544598188,
            32.08049544598188,
            35.08049544598188,
            38.08049544598188,
            41.08049544598188,
            42.08049544598188,
            43.08049544598188,
            44.08049544598188
        ]
    }
}