{
    "episode": 1254,
    "seed": 1254,
    "metrics": {
        "sinr_ue1": [
            12.379267855322627,
            12.345332861861081,
            31.354032668767854,
            22.993317693902597,
            30.454141101077916,
            14.40792306683617,
            16.353373339147915,
            30.417873971814018,
            31.463217958829578,
            22.17235644229565,
            36.40271978003493,
            20.286839802569432,
            43.623531489882616,
            27.877847083801544,
            44.87963764733472,
            27.82882868982377,
            50.02552478890243,
            51.36618349155409,
            31.968619509044093,
            52.78224829438696
        ],
        "sinr_ue2": [
            31.588420004376538,
            17.401272244117916,
            17.367283406257442,
            21.29622475394129,
            17.296755402268122,
            31.328422350314487,
            29.828277666131328,
            13.268242118997609,
            13.046112254898008,
            28.27081983197969,
            9.174261059398226,
            17.985177007679177,
            5.241476273031768,
            15.210733439213527,
            1.3103580536474837,
            9.388457543615544,
            1.3550422005249905,
            -2.584892965653318,
            11.369651934982796,
            -0.5703319316897476
        ],
        "power_bs1": [
            34.95599812210978,
            37.95599812210978,
            36.95599812210978,
            33.95599812210978,
            34.955998122109776,
            33.95599812210978,
            34.955998122109776,
            31.955998122109783,
            28.95599812210978,
            31.955998122109783,
            30.95599812210978,
            31.955998122109783,
            32.955998122109776,
            33.95599812210978,
            34.955998122109776,
            33.95599812210978,
            36.95599812210978,
            39.955998122109776,
            38.955998122109776,
            39.955998122109776
        ],
        "power_bs2": [
            40.91594994057483,
            43.91594994057483,
            42.91594994057483,
            43.91594994057483,
            40.91594994057483,
            37.91594994057483,
            36.91594994057483,
            33.91594994057483,
            30.915949940574833,
            27.915949940574833,
            28.91594994057483,
            29.91594994057483,
            26.915949940574833,
            23.91594994057483,
            24.91594994057483,
            23.91594994057483,
            26.915949940574833,
            25.915949940574833,
            24.91594994057483,
            27.91594994057483
        ]
    }
}