{
    "episode": 2155,
    "seed": 2155,
    "metrics": {
        "sinr_ue1": [
            12.020837431384766,
            27.986059584100648,
            25.435656885388003,
            31.210155308433617,
            33.965711628128886,
            9.952950513968913,
            20.846637693941318,
            2.1252516396316548,
            0.07971470822427182,
            8.896203419692865,
            4.028205309608429,
            9.972047683718428,
            10.051678895262386,
            37.409396350928645,
            35.656123930785604,
            36.880060524427094,
            41.648398708885274,
            25.647810974381628,
            47.7371801177612,
            31.341592357084306
        ],
        "sinr_ue2": [
            32.020103268771805,
            35.492006262617615,
            22.526224838938084,
            18.468100655187108,
            18.557068728629627,
            39.52231424430466,
            28.47331868603102,
            45.12798798000958,
            48.677178635321965,
            32.315934832045514,
            41.33052632974412,
            38.83797446128369,
            39.234726197090296,
            16.3987943637959,
            10.30006052827617,
            12.358171796141166,
            10.43078505133919,
            21.79891830899436,
            18.31302716996264,
            20.451849090183465
        ],
        "power_bs1": [
            33.33796993982422,
            32.33796993982422,
            29.337969939824212,
            32.33796993982422,
            29.337969939824212,
            28.337969939824212,
            25.337969939824212,
            26.337969939824216,
            23.337969939824212,
            24.337969939824212,
            25.337969939824212,
            28.337969939824212,
            31.337969939824216,
            34.33796993982421,
            37.33796993982421,
            36.33796993982421,
            35.33796993982421,
            38.33796993982421,
            41.33796993982421,
            42.33796993982422
        ],
        "power_bs2": [
            35.29253700729426,
            32.29253700729426,
            33.29253700729426,
            32.29253700729426,
            29.292537007294257,
            32.29253700729426,
            35.29253700729426,
            38.29253700729426,
            37.29253700729426,
            38.29253700729426,
            35.29253700729426,
            32.29253700729426,
            35.29253700729426,
            32.29253700729426,
            29.292537007294257,
            30.292537007294257,
            27.292537007294257,
            26.292537007294253,
            25.292537007294257,
            24.292537007294257
        ]
    }
}