{
    "episode": 1591,
    "seed": 1591,
    "metrics": {
        "sinr_ue1": [
            21.5956046668582,
            8.912203374089792,
            25.964089799124753,
            29.944575031084785,
            16.919691573148917,
            27.64752068343626,
            29.168085368540446,
            10.819074934176685,
            8.749409944920526,
            10.674360622039238,
            26.375694451807547,
            35.110922717094326,
            28.010738946369074,
            12.635062522334866,
            14.564973031489126,
            12.60587398623519,
            12.677312959692014,
            27.730105132273476,
            25.556638818019188,
            2.7965407428360196
        ],
        "sinr_ue2": [
            25.715756621762857,
            38.86990931235134,
            21.681610985996514,
            15.87019389134509,
            24.644803820668642,
            19.916517331841973,
            22.12911630964287,
            35.18782974489416,
            39.956249265936606,
            35.955847890227226,
            19.941035398946365,
            14.124557547859,
            18.084822618870856,
            33.019765949796245,
            32.22984159653689,
            28.693776172751488,
            37.665378232954744,
            19.57502880403569,
            41.462795461774405,
            44.82615279092489
        ],
        "power_bs1": [
            40.14746351607204,
            43.14746351607204,
            42.14746351607204,
            45.14746351607204,
            44.14746351607204,
            41.14746351607204,
            38.14746351607204,
            37.14746351607204,
            38.14746351607204,
            37.14746351607204,
            34.14746351607204,
            37.14746351607204,
            36.14746351607204,
            33.14746351607204,
            36.14746351607204,
            35.14746351607204,
            36.14746351607204,
            33.14746351607204,
            32.14746351607204,
            29.147463516072033
        ],
        "power_bs2": [
            43.5328109294945,
            42.5328109294945,
            41.532810929494495,
            38.5328109294945,
            35.532810929494495,
            38.5328109294945,
            37.532810929494495,
            34.5328109294945,
            37.532810929494495,
            34.5328109294945,
            31.532810929494495,
            28.5328109294945,
            31.532810929494495,
            28.532810929494495,
            29.532810929494495,
            30.532810929494495,
            31.532810929494495,
            30.532810929494495,
            33.5328109294945,
            34.5328109294945
        ]
    }
}