{
    "episode": 3223,
    "seed": 3223,
    "metrics": {
        "sinr_ue1": [
            26.04563966609907,
            44.725040243925484,
            27.832827340075724,
            24.039642473600523,
            23.894354243663706,
            30.70418990124752,
            35.88041829289252,
            42.675190054033564,
            36.79281090471791,
            15.558345985808122,
            31.44412247801451,
            27.00462518720571,
            11.634210771820664,
            32.251892880241655,
            31.668238207474108,
            28.02747510248876,
            28.809993310662456,
            17.822995433513018,
            21.858982729883763,
            33.133322408287114
        ],
        "sinr_ue2": [
            20.69395779363628,
            19.623970209972065,
            23.91842863101715,
            29.700683366419284,
            10.070162794355316,
            7.207180791329248,
            8.13624456050633,
            10.269855791081392,
            12.34974300591608,
            35.87755587298913,
            20.380716827046133,
            22.360884630823623,
            36.454130294205285,
            35.192035068807755,
            22.4632501286278,
            22.485927930434784,
            18.626733420951027,
            34.13027601595783,
            20.063021832666696,
            6.165202282420715
        ],
        "power_bs1": [
            38.04840783843155,
            37.048407838431544,
            36.048407838431544,
            35.048407838431544,
            38.04840783843155,
            41.048407838431544,
            40.048407838431544,
            37.048407838431544,
            38.048407838431544,
            35.048407838431544,
            32.048407838431544,
            33.048407838431544,
            30.048407838431544,
            29.048407838431544,
            30.048407838431544,
            31.048407838431547,
            34.048407838431544,
            35.048407838431544,
            36.048407838431544,
            39.048407838431544
        ],
        "power_bs2": [
            33.07387720047328,
            32.07387720047328,
            29.073877200473277,
            32.07387720047328,
            35.07387720047328,
            36.07387720047328,
            35.07387720047328,
            34.07387720047328,
            37.07387720047328,
            40.07387720047327,
            39.07387720047328,
            42.07387720047328,
            39.07387720047328,
            36.07387720047327,
            39.07387720047328,
            40.07387720047327,
            39.07387720047328,
            38.07387720047328,
            35.07387720047327,
            38.07387720047328
        ]
    }
}