{
    "episode": 4264,
    "seed": 4264,
    "metrics": {
        "sinr_ue1": [
            57.79375359588185,
            36.585681713010835,
            36.386155386738345,
            56.11432220598583,
            38.01119936351156,
            57.095951345495955,
            42.7913462010285,
            50.24006226330976,
            35.693080269016605,
            52.18601194981893,
            37.47305266929962,
            55.70478860560353,
            39.1013355771858,
            56.089432788645325,
            42.77900580967554,
            40.997756480671654,
            40.73778884434929,
            37.03030611234549,
            40.80587172529766,
            56.81412067877267
        ],
        "sinr_ue2": [
            12.84655634197298,
            26.421877882570893,
            24.766112791935306,
            20.587060729682207,
            22.034241550006467,
            6.948443469880202,
            24.049810616924027,
            4.921427193160701,
            20.61090838229891,
            4.927536636014445,
            25.204885806559876,
            4.8560686973854175,
            16.781623474603517,
            2.8754744416119102,
            12.370248006376466,
            20.87829534884197,
            18.918977008242997,
            26.532725619661957,
            16.399774098527203,
            -1.0819792057457374
        ],
        "power_bs1": [
            41.0102350458969,
            38.0102350458969,
            39.0102350458969,
            42.010235045896906,
            41.0102350458969,
            40.0102350458969,
            37.010235045896906,
            38.0102350458969,
            39.0102350458969,
            38.010235045896906,
            39.0102350458969,
            36.0102350458969,
            35.0102350458969,
            34.0102350458969,
            37.010235045896906,
            38.010235045896906,
            35.0102350458969,
            34.0102350458969,
            37.010235045896906,
            36.0102350458969
        ],
        "power_bs2": [
            30.707986352670424,
            31.707986352670424,
            32.707986352670424,
            33.707986352670424,
            32.707986352670424,
            33.707986352670424,
            32.707986352670424,
            29.707986352670428,
            32.707986352670424,
            29.707986352670428,
            30.707986352670424,
            27.707986352670424,
            24.707986352670424,
            23.707986352670428,
            22.707986352670424,
            25.707986352670424,
            22.707986352670424,
            25.707986352670424,
            24.707986352670424,
            21.707986352670424
        ]
    }
}