{
    "episode": 2171,
    "seed": 2171,
    "metrics": {
        "sinr_ue1": [
            32.47890965866083,
            28.688337246781646,
            39.60712800200194,
            33.24266780901415,
            22.365467862110332,
            34.362781442608735,
            37.276171542328875,
            18.48910845685163,
            27.968694942584094,
            44.88323611815745,
            22.353612491911413,
            38.33506216094059,
            18.37393426554569,
            29.680066139995084,
            23.603613639678848,
            26.675250541464777,
            37.21625358274477,
            37.59317299546795,
            20.306637899097005,
            16.513612177332348
        ],
        "sinr_ue2": [
            38.7772491956503,
            38.654927525311734,
            23.026918615594777,
            26.975602900640126,
            48.80755964776195,
            30.95129094978368,
            32.80018334373328,
            45.25837171703941,
            32.577140686498595,
            36.049705579588135,
            44.699134199293844,
            28.406581922766925,
            36.25139289694348,
            35.8580204455789,
            37.52763130946362,
            33.84727016049063,
            30.417877697623055,
            29.990639676473812,
            49.119633059822505,
            54.901822725257574
        ],
        "power_bs1": [
            44.52313450859067,
            43.52313450859068,
            40.52313450859068,
            37.52313450859068,
            34.52313450859067,
            31.52313450859068,
            28.523134508590676,
            27.523134508590672,
            24.523134508590676,
            25.523134508590676,
            26.52313450859068,
            23.523134508590676,
            22.523134508590672,
            19.523134508590676,
            18.523134508590676,
            19.523134508590676,
            22.523134508590672,
            19.523134508590672,
            22.523134508590672,
            21.523134508590672
        ],
        "power_bs2": [
            42.52504268633156,
            45.52504268633156,
            42.52504268633156,
            43.52504268633155,
            42.52504268633156,
            41.52504268633155,
            40.52504268633156,
            39.52504268633155,
            36.52504268633155,
            33.52504268633155,
            34.52504268633155,
            31.525042686331552,
            34.52504268633155,
            35.52504268633155,
            36.52504268633155,
            33.52504268633155,
            32.52504268633155,
            29.525042686331552,
            32.52504268633155,
            35.52504268633155
        ]
    }
}