{
    "episode": 2682,
    "seed": 2682,
    "metrics": {
        "sinr_ue1": [
            62.856883213284355,
            65.02857786069993,
            61.07243834972844,
            63.89606580631484,
            51.95976067207175,
            73.44502422903388,
            66.36574846885796,
            62.01094144694713,
            47.74151342269258,
            62.61677164005676,
            60.506856898249865,
            52.70288153194031,
            59.18663534300288,
            39.86687943928148,
            39.26098052655103,
            38.19837489653561,
            54.904058537050375,
            35.787247537297134,
            29.82160205153688,
            44.15060830311034
        ],
        "sinr_ue2": [
            17.72657536088842,
            21.704590998651113,
            33.17777774361531,
            21.71558216427084,
            25.23841333043591,
            19.59848611896842,
            36.06456029472204,
            23.657906357719067,
            36.94225962066376,
            8.489363225601004,
            37.29665264857595,
            46.54177750854069,
            27.31333160468319,
            33.29485204818237,
            43.65635573212627,
            44.079039011953626,
            28.67185061040668,
            42.60649049872334,
            47.84562389756475,
            21.500916491118915
        ],
        "power_bs1": [
            39.481152794253155,
            36.48115279425316,
            33.481152794253155,
            34.481152794253155,
            35.48115279425316,
            32.48115279425316,
            31.48115279425316,
            32.48115279425316,
            33.481152794253155,
            32.48115279425316,
            29.48115279425316,
            26.48115279425316,
            25.48115279425316,
            24.48115279425316,
            23.481152794253155,
            20.48115279425316,
            21.48115279425316,
            20.48115279425316,
            17.48115279425316,
            20.48115279425316
        ],
        "power_bs2": [
            40.73291448539963,
            41.73291448539963,
            40.73291448539963,
            39.73291448539963,
            36.73291448539964,
            35.73291448539963,
            38.73291448539963,
            39.73291448539963,
            38.73291448539963,
            37.73291448539964,
            36.73291448539964,
            35.73291448539963,
            36.73291448539964,
            35.73291448539963,
            34.73291448539963,
            33.73291448539963,
            34.73291448539963,
            35.73291448539963,
            38.73291448539963,
            35.73291448539963
        ]
    }
}