{
    "episode": 653,
    "seed": 653,
    "metrics": {
        "sinr_ue1": [
            30.54286928548776,
            35.69059454840849,
            21.383004369049768,
            23.318947329003663,
            38.164903501049096,
            29.422704004409805,
            27.29641645368046,
            29.235632798572233,
            29.1492624166754,
            44.177489907877685,
            43.411053380504825,
            21.275251206456083,
            19.264657624712726,
            17.250028960890308,
            21.186153675909406,
            21.14510349074908,
            31.387695930514635,
            19.201209563707547,
            36.58047473588264,
            39.69361276595796
        ],
        "sinr_ue2": [
            21.564079660766623,
            19.477620661086753,
            33.60654039592977,
            31.628721254822526,
            17.256959872987792,
            24.533224612655914,
            19.776155717259783,
            25.49494138072141,
            24.69941437158471,
            7.152310643967267,
            11.147812298125558,
            31.553306553091364,
            31.247735024671023,
            34.03135562479814,
            27.69203015689857,
            28.891075665238755,
            17.200934675886835,
            33.089424257090954,
            15.508177057558195,
            13.590267017226203
        ],
        "power_bs1": [
            38.40796688735276,
            37.40796688735276,
            40.40796688735276,
            39.40796688735276,
            38.40796688735276,
            41.40796688735276,
            42.40796688735276,
            43.40796688735276,
            42.40796688735276,
            43.40796688735276,
            40.40796688735276,
            39.40796688735276,
            40.40796688735276,
            41.40796688735276,
            42.40796688735276,
            39.40796688735276,
            36.40796688735276,
            39.40796688735276,
            38.40796688735276,
            41.40796688735275
        ],
        "power_bs2": [
            39.21363727882911,
            36.21363727882911,
            35.21363727882911,
            32.21363727882911,
            35.21363727882911,
            32.21363727882911,
            31.21363727882911,
            30.213637278829108,
            29.213637278829108,
            30.213637278829108,
            31.21363727882911,
            34.21363727882911,
            37.21363727882911,
            40.21363727882911,
            37.21363727882911,
            34.21363727882911,
            33.213637278829104,
            36.21363727882911,
            33.213637278829104,
            34.21363727882911
        ]
    }
}