{
    "episode": 3620,
    "seed": 3620,
    "metrics": {
        "sinr_ue1": [
            4.257819812324711,
            17.756684127585693,
            17.442236219409768,
            6.446628415039649,
            17.303640341100056,
            4.377685729334888,
            16.193019138905736,
            10.421699313822621,
            7.807284391576898,
            12.66594004582986,
            -1.6991517676338177,
            -1.8010739723641382,
            4.298591012383795,
            21.458692355980183,
            20.521444028567583,
            13.29664548473242,
            18.381654858272334,
            2.221942260667911,
            4.29311455566737,
            8.197742508649457
        ],
        "sinr_ue2": [
            24.040495775977643,
            4.11698842740161,
            14.614449214854922,
            8.829129607945122,
            8.281197317973678,
            19.452451566264987,
            8.265287714132693,
            17.15903521123767,
            14.238452020201898,
            8.148604163684555,
            30.00438326789211,
            28.293321711115453,
            22.7028852355374,
            6.130278939818819,
            28.440951348507312,
            10.128638798168508,
            8.04497973328314,
            18.601138906989526,
            20.04845212719811,
            17.818518235085637
        ],
        "power_bs1": [
            35.762713155068006,
            32.76271315506801,
            33.76271315506801,
            34.762713155068006,
            31.76271315506801,
            34.762713155068006,
            31.76271315506801,
            30.76271315506801,
            27.76271315506801,
            30.76271315506801,
            27.76271315506801,
            28.762713155068013,
            31.76271315506801,
            28.762713155068006,
            29.762713155068006,
            26.76271315506801,
            25.76271315506801,
            28.762713155068006,
            31.76271315506801,
            32.762713155068006
        ],
        "power_bs2": [
            41.0839849741216,
            38.0839849741216,
            37.0839849741216,
            38.0839849741216,
            41.0839849741216,
            40.0839849741216,
            41.0839849741216,
            40.0839849741216,
            43.0839849741216,
            40.0839849741216,
            39.08398497412159,
            40.0839849741216,
            37.0839849741216,
            36.0839849741216,
            39.08398497412159,
            38.0839849741216,
            35.0839849741216,
            36.0839849741216,
            37.0839849741216,
            34.08398497412159
        ]
    }
}