{
    "episode": 603,
    "seed": 603,
    "metrics": {
        "sinr_ue1": [
            30.189980857717053,
            11.943315709521398,
            28.78002612601648,
            35.40045812659927,
            15.766345498508677,
            29.834880005080386,
            27.632069858198648,
            38.66270851494076,
            21.941031590333306,
            36.5264559348942,
            39.23089450037021,
            36.210788226066335,
            21.939526810157425,
            15.988339126150386,
            17.935154258399344,
            35.51085197405441,
            31.180403392715547,
            13.855063605847523,
            19.781315847481995,
            37.319678216203954
        ],
        "sinr_ue2": [
            11.753685494692675,
            20.038137026696955,
            7.738297829636367,
            20.235067136448247,
            24.285410962249372,
            5.793138241193674,
            13.800563740253649,
            3.8331114177336483,
            21.527130530786778,
            13.39609896666089,
            3.87761743317982,
            5.923350931299904,
            5.898090916551885,
            17.623871736368773,
            24.638402223001606,
            5.809537619815194,
            7.846646113534116,
            25.282643482738646,
            20.37050456119409,
            1.8608821207710147
        ],
        "power_bs1": [
            31.887173525114445,
            32.88717352511445,
            31.887173525114445,
            34.88717352511445,
            33.88717352511445,
            36.88717352511445,
            37.88717352511445,
            40.88717352511445,
            43.88717352511445,
            42.88717352511444,
            41.88717352511445,
            42.88717352511444,
            45.88717352511444,
            44.88717352511444,
            43.88717352511445,
            42.88717352511444,
            39.88717352511444,
            36.88717352511445,
            39.88717352511444,
            40.88717352511444
        ],
        "power_bs2": [
            33.442413971720924,
            32.442413971720924,
            29.442413971720924,
            28.442413971720928,
            29.442413971720924,
            32.442413971720924,
            31.442413971720924,
            34.442413971720924,
            33.442413971720924,
            32.442413971720924,
            35.442413971720924,
            38.442413971720924,
            41.442413971720924,
            40.44241397172093,
            37.442413971720924,
            38.442413971720924,
            37.442413971720924,
            34.442413971720924,
            31.442413971720924,
            32.442413971720924
        ]
    }
}