{
    "episode": 229,
    "seed": 229,
    "metrics": {
        "sinr_ue1": [
            8.329616507322473,
            14.289509439750137,
            14.213155347458565,
            18.11858517069025,
            32.59974836266158,
            34.029453678100445,
            34.45240347526328,
            33.27946638990896,
            18.255839358178584,
            18.317429877297315,
            18.325436509831523,
            32.33214683692716,
            34.429813207700796,
            14.312507120436319,
            32.31511588905336,
            20.31289631873321,
            20.22122637726744,
            40.24258739815396,
            22.34905278412148,
            20.397756894892524
        ],
        "sinr_ue2": [
            51.56697880965598,
            49.45731832392362,
            45.54317550550587,
            39.89834099367116,
            30.061715167052625,
            30.420156320930765,
            30.131662225889436,
            27.802972732220134,
            44.636774955205524,
            44.70431375961535,
            44.61352476920884,
            32.07472519919543,
            27.87210630853263,
            48.63446274555267,
            29.94389531637093,
            44.90520975732282,
            40.04305332392151,
            21.76847768656359,
            24.106293261372436,
            37.58288817136721
        ],
        "power_bs1": [
            36.06685122532666,
            39.06685122532665,
            36.06685122532666,
            37.06685122532666,
            38.06685122532666,
            35.06685122532665,
            38.06685122532665,
            37.06685122532665,
            40.06685122532665,
            43.06685122532666,
            42.06685122532665,
            39.06685122532665,
            42.06685122532665,
            39.06685122532665,
            40.06685122532665,
            43.06685122532666,
            40.06685122532665,
            43.066851225326644,
            44.06685122532665,
            45.06685122532665
        ],
        "power_bs2": [
            39.41116945024109,
            36.41116945024108,
            33.41116945024109,
            30.411169450241083,
            33.41116945024109,
            30.411169450241083,
            33.41116945024109,
            30.411169450241083,
            33.41116945024109,
            36.41116945024108,
            35.41116945024108,
            36.41116945024108,
            35.41116945024108,
            36.41116945024108,
            35.41116945024108,
            34.41116945024108,
            31.411169450241086,
            30.411169450241083,
            33.41116945024109,
            36.41116945024108
        ]
    }
}