{
    "episode": 646,
    "seed": 646,
    "metrics": {
        "sinr_ue1": [
            15.931461989043814,
            11.954515845508828,
            17.7459987469017,
            10.23808700091485,
            22.677686329078522,
            10.636796919012339,
            25.09421265186394,
            29.15912255722763,
            24.45916436143812,
            12.253900300943869,
            34.485906268854286,
            16.261622611841823,
            35.03500428854794,
            20.294002725705234,
            31.005685151276467,
            29.529606222867535,
            31.195116500116477,
            33.977537634717834,
            10.6164774689874,
            4.424272948812982
        ],
        "sinr_ue2": [
            24.289519287783325,
            20.392665401306548,
            32.07872757641177,
            12.262587283898124,
            14.310398634594659,
            29.639260950952572,
            12.343140851694244,
            14.330590457237289,
            27.95757725006297,
            29.15334602018276,
            4.508485584302713,
            26.55454241158356,
            10.362064477763575,
            26.202163998856626,
            8.393331487195208,
            8.219042935020994,
            13.58686317422838,
            6.3285160342428135,
            28.073364490423526,
            28.745340803757728
        ],
        "power_bs1": [
            39.09347391465672,
            36.09347391465672,
            33.09347391465672,
            36.09347391465672,
            33.09347391465672,
            32.09347391465672,
            29.09347391465672,
            26.09347391465672,
            25.09347391465672,
            26.09347391465672,
            29.09347391465672,
            26.093473914656716,
            23.093473914656716,
            20.093473914656713,
            23.093473914656716,
            20.093473914656713,
            23.093473914656716,
            24.093473914656713,
            21.093473914656716,
            18.093473914656716
        ],
        "power_bs2": [
            40.66266758510494,
            41.66266758510494,
            40.66266758510494,
            43.66266758510494,
            42.66266758510494,
            39.66266758510494,
            36.66266758510494,
            35.66266758510494,
            34.66266758510494,
            31.662667585104938,
            28.66266758510494,
            27.662667585104938,
            28.66266758510494,
            25.66266758510494,
            26.662667585104938,
            23.66266758510494,
            24.66266758510494,
            25.66266758510494,
            28.66266758510494,
            31.662667585104938
        ]
    }
}