{
    "episode": 1553,
    "seed": 1553,
    "metrics": {
        "sinr_ue1": [
            11.090074939631638,
            32.69315361785281,
            15.372068211784454,
            30.822841670057286,
            17.877561145511436,
            21.741403229794788,
            11.292800551090188,
            13.414620392309589,
            27.808076055767707,
            13.704618585509802,
            22.971988163002358,
            27.931152382149513,
            32.81414538788531,
            25.65145368662513,
            34.25153907075293,
            15.661712800595126,
            10.126314494375208,
            8.205873496378867,
            21.816239520028017,
            37.41099547153042
        ],
        "sinr_ue2": [
            32.1543582009208,
            11.546374656152224,
            13.491974559798333,
            13.541145831602606,
            15.566587603686985,
            33.08357611147191,
            29.294867685470418,
            23.876406007181497,
            13.44175318120331,
            30.124084058159,
            9.524514910739896,
            9.503534181562337,
            9.545225627895253,
            28.667892010646035,
            9.47713686617417,
            27.95473137259012,
            32.92463612776845,
            39.35251751345626,
            13.344862178964146,
            19.982941782218017
        ],
        "power_bs1": [
            34.94079264560443,
            33.94079264560443,
            32.94079264560443,
            35.94079264560443,
            32.94079264560443,
            29.940792645604432,
            30.940792645604432,
            31.940792645604432,
            30.940792645604432,
            33.94079264560443,
            36.94079264560443,
            39.94079264560443,
            38.94079264560443,
            35.94079264560443,
            34.94079264560443,
            31.94079264560443,
            30.940792645604432,
            27.94079264560443,
            30.940792645604425,
            33.94079264560443
        ],
        "power_bs2": [
            38.71944570344682,
            35.71944570344682,
            36.71944570344682,
            39.71944570344682,
            38.71944570344682,
            37.71944570344682,
            34.719445703446816,
            33.719445703446816,
            34.719445703446816,
            35.71944570344682,
            36.71944570344682,
            39.719445703446816,
            38.71944570344682,
            37.71944570344682,
            34.719445703446816,
            37.71944570344682,
            36.71944570344682,
            35.71944570344682,
            34.719445703446816,
            31.71944570344682
        ]
    }
}