{
    "episode": 2815,
    "seed": 2815,
    "metrics": {
        "sinr_ue1": [
            14.154492219791218,
            27.11257826673608,
            5.504920865719826,
            7.466287357685479,
            28.333656887574882,
            26.72298725713535,
            19.081250825641224,
            3.343643885161148,
            7.24956460620432,
            21.52506141060041,
            5.312233697184664,
            21.992365225399,
            9.029168587399168,
            16.801680264182842,
            15.837831204923418,
            20.194426389766733,
            22.241401652121358,
            1.3032926619285468,
            11.750044116683684,
            13.438396271780759
        ],
        "sinr_ue2": [
            1.3294264726831502,
            1.2612801581301867,
            19.047534941884635,
            18.637736248383348,
            -0.8717928946291467,
            1.0768403906723776,
            7.022381889210028,
            24.59648956285505,
            14.747803495514187,
            3.0302671993745482,
            23.974344094006042,
            3.1109682833365855,
            20.23148086940541,
            5.015416525422289,
            3.06672799399121,
            4.950659890724359,
            6.9640669313834955,
            8.935228515339652,
            8.95657720205232,
            23.483677451130795
        ],
        "power_bs1": [
            34.45749738835351,
            31.45749738835351,
            28.45749738835351,
            29.45749738835351,
            30.45749738835351,
            27.457497388353506,
            24.45749738835351,
            21.457497388353506,
            24.45749738835351,
            25.45749738835351,
            24.45749738835351,
            23.45749738835351,
            24.45749738835351,
            21.457497388353506,
            22.457497388353506,
            19.45749738835351,
            20.45749738835351,
            21.457497388353506,
            24.45749738835351,
            25.45749738835351
        ],
        "power_bs2": [
            36.121990391929835,
            33.121990391929835,
            34.121990391929835,
            33.121990391929835,
            30.121990391929835,
            29.121990391929838,
            32.121990391929835,
            29.121990391929838,
            28.121990391929835,
            29.121990391929838,
            30.121990391929835,
            27.121990391929835,
            26.121990391929835,
            27.121990391929835,
            26.121990391929835,
            25.121990391929835,
            28.121990391929835,
            31.121990391929835,
            34.121990391929835,
            37.121990391929835
        ]
    }
}