{
    "episode": 612,
    "seed": 612,
    "metrics": {
        "sinr_ue1": [
            34.040160857371504,
            33.472428866780525,
            15.802624022001389,
            15.832341785034414,
            11.828738191172473,
            25.89528272774332,
            13.837169069709,
            0.03793101166027979,
            17.68245684108172,
            28.140189864318597,
            31.36920156751223,
            30.853243488540603,
            11.882492115699852,
            24.47263075530623,
            9.946628531199856,
            22.83282627028232,
            7.919645776443964,
            7.952330772668406,
            17.611303451420234,
            23.712779457051298
        ],
        "sinr_ue2": [
            9.403753680668935,
            20.074200903226224,
            33.63158232359889,
            11.349119212495944,
            28.384055197862136,
            17.360641923475043,
            31.792325492023032,
            32.92500825267414,
            17.649299563077932,
            19.01038109673342,
            29.176090626499732,
            13.672744784975093,
            35.558685700371726,
            29.70939181750364,
            17.701002056871975,
            21.596711033965626,
            41.51766606257536,
            31.592009593711197,
            17.837653567644637,
            33.5982338776095
        ],
        "power_bs1": [
            41.82495638374733,
            42.824956383747335,
            39.824956383747335,
            42.82495638374733,
            41.82495638374733,
            38.824956383747335,
            39.82495638374733,
            36.82495638374733,
            37.82495638374733,
            40.824956383747335,
            39.82495638374733,
            36.82495638374733,
            35.82495638374733,
            34.82495638374733,
            37.82495638374733,
            34.82495638374733,
            33.82495638374733,
            34.82495638374733,
            33.82495638374733,
            34.82495638374733
        ],
        "power_bs2": [
            35.92407760419797,
            36.92407760419797,
            35.924077604197976,
            38.924077604197976,
            41.924077604197976,
            40.92407760419797,
            37.924077604197976,
            34.92407760419797,
            31.924077604197972,
            34.92407760419797,
            33.92407760419797,
            34.92407760419797,
            35.92407760419797,
            36.92407760419797,
            39.92407760419797,
            40.92407760419797,
            37.924077604197976,
            38.92407760419797,
            35.92407760419797,
            38.92407760419797
        ]
    }
}