{
    "episode": 360,
    "seed": 360,
    "metrics": {
        "sinr_ue1": [
            37.79580119568661,
            19.659740035846607,
            17.70116643894013,
            13.690715820618863,
            28.48020312494723,
            21.69399216412598,
            15.727137945259637,
            27.059141994506067,
            26.44600053740691,
            9.845841875139485,
            26.340548735267856,
            9.880159540614091,
            27.78808985638993,
            17.797320431559015,
            35.005273894829905,
            41.30500309842158,
            29.678416111196412,
            41.555483626096795,
            40.343564106221244,
            31.412349780197854
        ],
        "sinr_ue2": [
            12.263139391542776,
            27.618809589849214,
            15.094310703397877,
            39.80585090505048,
            14.107222069347118,
            28.11421164868832,
            32.11120242215954,
            22.176286229885083,
            24.026471123246964,
            38.10029501557378,
            23.754057314794103,
            41.50683963899705,
            35.05204587079936,
            33.54603513532862,
            20.438805016697636,
            7.512939204885971,
            17.991811369263072,
            1.4343475449757093,
            3.4967944076408433,
            18.64682823858168
        ],
        "power_bs1": [
            40.06077088852281,
            37.06077088852282,
            34.06077088852281,
            31.060770888522814,
            32.06077088852282,
            35.06077088852281,
            32.06077088852282,
            29.060770888522814,
            26.060770888522814,
            29.060770888522814,
            26.06077088852281,
            27.06077088852281,
            28.06077088852281,
            31.060770888522814,
            30.060770888522814,
            31.060770888522814,
            34.06077088852281,
            31.060770888522814,
            28.06077088852281,
            31.06077088852281
        ],
        "power_bs2": [
            41.01726922407626,
            38.01726922407626,
            37.01726922407626,
            38.01726922407626,
            35.01726922407626,
            34.01726922407626,
            37.01726922407626,
            40.01726922407626,
            39.01726922407626,
            40.01726922407626,
            39.01726922407626,
            38.01726922407626,
            35.01726922407626,
            34.01726922407626,
            31.017269224076255,
            28.01726922407625,
            25.017269224076255,
            22.01726922407626,
            21.017269224076255,
            20.017269224076255
        ]
    }
}