{
    "episode": 4096,
    "seed": 4096,
    "metrics": {
        "sinr_ue1": [
            32.82588483126553,
            19.99413646595263,
            21.919117630037725,
            23.86964207986383,
            19.861496627130123,
            35.14839351348397,
            15.87258530976121,
            30.45902306578334,
            30.30158942428054,
            8.018941120783218,
            8.094142014675937,
            27.329628733167468,
            27.770494223366263,
            32.32894426805332,
            10.179086669396174,
            12.239997938555716,
            12.295168895873246,
            10.36111733859071,
            12.296981575034332,
            12.281672326812922
        ],
        "sinr_ue2": [
            21.67747188744482,
            35.50587437475447,
            32.071765422256874,
            30.775843844365482,
            32.3260371784442,
            22.29771741571922,
            38.99518819714997,
            37.691611708600064,
            26.29573937765212,
            44.16591655386029,
            43.48695587928723,
            26.076781611305265,
            25.89651285052988,
            25.607560038691844,
            45.739874721418076,
            43.21020481583216,
            24.911334613142458,
            41.37806927867855,
            43.79637910329771,
            45.404834171556665
        ],
        "power_bs1": [
            41.59300583718736,
            42.59300583718737,
            41.59300583718736,
            44.59300583718737,
            41.59300583718736,
            38.59300583718736,
            39.59300583718737,
            36.59300583718737,
            33.59300583718736,
            30.59300583718737,
            33.59300583718736,
            36.59300583718736,
            35.59300583718736,
            38.59300583718736,
            37.59300583718736,
            38.59300583718736,
            41.59300583718736,
            42.59300583718736,
            41.59300583718736,
            44.59300583718736
        ],
        "power_bs2": [
            35.94682430510622,
            32.94682430510621,
            29.946824305106215,
            30.946824305106215,
            31.94682430510621,
            32.94682430510621,
            33.94682430510621,
            30.946824305106215,
            31.94682430510621,
            32.94682430510621,
            35.94682430510622,
            34.94682430510621,
            33.94682430510621,
            36.94682430510622,
            37.94682430510621,
            36.94682430510622,
            39.94682430510621,
            42.94682430510622,
            39.94682430510621,
            42.94682430510622
        ]
    }
}