{
    "episode": 1956,
    "seed": 1956,
    "metrics": {
        "sinr_ue1": [
            8.68408823141004,
            12.513457296487406,
            16.796967415299633,
            20.453229629758813,
            33.75485389236133,
            8.204462044181613,
            29.04068481724813,
            36.50266539896688,
            18.222149637230004,
            18.381370729273893,
            18.501258715090284,
            32.3227978395322,
            25.31900299372374,
            31.47444345643062,
            16.108933079937756,
            18.882799516023777,
            33.08448466015601,
            16.55969223814894,
            25.121686993272135,
            29.833815621163282
        ],
        "sinr_ue2": [
            55.65770573834057,
            50.03789199508235,
            35.489003853460886,
            35.54024060167719,
            35.71253933854264,
            51.71535471054233,
            33.72758625778687,
            36.07853808139359,
            27.94399219333657,
            27.843147453512607,
            46.31320820366255,
            27.934366877013368,
            30.081061843889106,
            41.002087365942785,
            48.428671713822055,
            43.94780588392364,
            30.23942198142683,
            44.486911358509275,
            34.41933957862902,
            34.36201060696214
        ],
        "power_bs1": [
            36.01904008411359,
            39.0190400841136,
            38.0190400841136,
            41.0190400841136,
            38.0190400841136,
            35.01904008411359,
            36.01904008411359,
            39.01904008411359,
            42.0190400841136,
            45.01904008411359,
            46.01904008411359,
            43.01904008411359,
            42.0190400841136,
            45.01904008411359,
            42.0190400841136,
            43.01904008411359,
            42.0190400841136,
            41.01904008411359,
            40.01904008411359,
            37.01904008411359
        ],
        "power_bs2": [
            41.4258468047212,
            40.4258468047212,
            41.4258468047212,
            44.4258468047212,
            41.4258468047212,
            40.4258468047212,
            37.4258468047212,
            34.4258468047212,
            37.4258468047212,
            40.4258468047212,
            41.4258468047212,
            38.4258468047212,
            39.4258468047212,
            38.4258468047212,
            41.425846804721196,
            38.4258468047212,
            39.4258468047212,
            38.4258468047212,
            41.425846804721196,
            38.4258468047212
        ]
    }
}