{
    "episode": 3506,
    "seed": 3506,
    "metrics": {
        "sinr_ue1": [
            28.9388843915906,
            41.147768749263676,
            43.755328320148415,
            25.02694091440644,
            19.017925753800846,
            32.415693684066504,
            21.019033347539725,
            18.991482497448228,
            26.109356539565034,
            31.085208311892963,
            17.146301872213076,
            11.089187724477982,
            25.64902317678118,
            19.82589506564695,
            13.101395670169458,
            13.05701796630905,
            1.7126448721834993,
            30.724634727425347,
            31.88300946388876,
            32.13944946099651
        ],
        "sinr_ue2": [
            17.20525004208794,
            16.015496035655023,
            1.7446858161357361,
            19.00854539290927,
            23.500006050917463,
            7.801850342394296,
            23.65081917266526,
            21.54187119112713,
            28.32879569878795,
            11.745878860946274,
            11.802204169382659,
            34.80668917773305,
            15.780783788790451,
            17.715258326512867,
            35.37985263058181,
            29.370714184937352,
            32.356263989932216,
            23.3547281516768,
            17.754215148216126,
            15.73325436913903
        ],
        "power_bs1": [
            42.50762089823995,
            41.507620898239956,
            40.50762089823995,
            41.507620898239956,
            38.507620898239956,
            41.507620898239956,
            40.50762089823995,
            37.50762089823995,
            34.50762089823995,
            33.507620898239956,
            36.50762089823995,
            33.50762089823995,
            32.50762089823995,
            31.507620898239953,
            34.50762089823995,
            31.507620898239953,
            28.50762089823995,
            29.50762089823995,
            26.50762089823995,
            25.50762089823995
        ],
        "power_bs2": [
            35.67367887744873,
            38.67367887744874,
            35.67367887744873,
            38.67367887744874,
            41.67367887744874,
            42.67367887744874,
            41.67367887744874,
            40.67367887744873,
            37.67367887744874,
            38.67367887744874,
            41.67367887744874,
            44.67367887744874,
            41.67367887744874,
            42.67367887744874,
            43.67367887744873,
            40.67367887744873,
            37.67367887744874,
            36.67367887744873,
            37.67367887744874,
            34.67367887744873
        ]
    }
}