{
    "episode": 4332,
    "seed": 4332,
    "metrics": {
        "sinr_ue1": [
            41.79535054764571,
            58.39539906697887,
            69.36621103089558,
            66.53870607707405,
            69.59045290755425,
            49.70020458824373,
            49.593353349771334,
            62.30260270000972,
            61.88434549132492,
            55.32197539873236,
            71.84153111082742,
            51.49493555886835,
            65.36017766751407,
            66.39261288892133,
            60.539567865282265,
            52.59956065476629,
            63.48244317657425,
            43.05571984279946,
            40.80586219114962,
            51.23136978828481
        ],
        "sinr_ue2": [
            28.77006041803299,
            6.421154942012247,
            0.42921095870143844,
            2.4068113285852926,
            -2.9093778820843212,
            0.47980677611251127,
            0.5225482946837052,
            21.30562945462559,
            -1.39847401189088,
            14.5449390977222,
            12.996139430903122,
            19.616947650865626,
            2.5222427566390078,
            2.556691226592815,
            6.5213321295392825,
            12.489425559763259,
            6.463858595291202,
            26.32915115726146,
            19.97192638267,
            26.19237437284869
        ],
        "power_bs1": [
            35.30370341043895,
            38.30370341043895,
            41.30370341043894,
            38.30370341043895,
            37.30370341043895,
            40.30370341043895,
            43.30370341043895,
            44.30370341043894,
            41.30370341043894,
            44.30370341043894,
            45.30370341043895,
            44.30370341043894,
            43.30370341043895,
            42.30370341043895,
            41.30370341043894,
            38.30370341043895,
            41.30370341043894,
            40.30370341043895,
            37.30370341043895,
            38.30370341043895
        ],
        "power_bs2": [
            27.824028734489836,
            28.824028734489836,
            25.824028734489836,
            24.824028734489833,
            21.824028734489836,
            24.824028734489833,
            27.824028734489836,
            26.824028734489836,
            23.824028734489833,
            22.824028734489836,
            23.824028734489833,
            26.824028734489836,
            29.824028734489833,
            28.824028734489833,
            31.824028734489836,
            34.824028734489836,
            31.824028734489836,
            30.824028734489836,
            29.824028734489833,
            30.824028734489836
        ]
    }
}