{
    "episode": 1800,
    "seed": 1800,
    "metrics": {
        "sinr_ue1": [
            29.114080898039035,
            15.75797793961819,
            27.52189386809148,
            17.685053780587562,
            16.013317013938906,
            31.446196118951914,
            7.735516778118154,
            30.45010453270118,
            9.780300500289092,
            28.16361679721332,
            10.52118708537154,
            35.61330259877304,
            30.305279943999007,
            33.6135621769713,
            17.63976292855684,
            33.13107615543254,
            28.907896534822353,
            17.69422596737218,
            21.635076913852885,
            19.6320269465472
        ],
        "sinr_ue2": [
            9.683553533784094,
            31.49005681234305,
            19.629041057487406,
            23.509979690873326,
            31.14200622156181,
            15.596956168193694,
            40.125539527632476,
            15.509776116100744,
            35.771359028151004,
            31.675523414538098,
            19.741806134022,
            13.841713161680847,
            15.861834769422442,
            11.797477435893395,
            11.806316943524529,
            15.755563853672992,
            13.739457325624002,
            27.01910570924869,
            19.8516201475831,
            25.531438523942892
        ],
        "power_bs1": [
            35.41999183086898,
            32.41999183086898,
            29.41999183086898,
            26.41999183086898,
            29.41999183086898,
            30.41999183086898,
            27.41999183086898,
            30.41999183086898,
            29.41999183086898,
            30.41999183086898,
            31.41999183086898,
            34.41999183086898,
            35.41999183086898,
            38.41999183086898,
            41.41999183086898,
            38.41999183086898,
            37.41999183086898,
            38.41999183086898,
            41.41999183086898,
            40.41999183086898
        ],
        "power_bs2": [
            32.970122050996,
            33.970122050996004,
            36.970122050996,
            37.970122050996,
            36.970122050996,
            33.970122050996004,
            36.970122050996,
            33.970122050996004,
            36.970122050996,
            39.970122050996004,
            38.970122050996004,
            35.970122050996,
            38.970122050996004,
            37.970122050996,
            40.970122050996,
            41.970122050996004,
            38.970122050996004,
            37.970122050996,
            36.970122050996,
            37.970122050996
        ]
    }
}