{
    "episode": 2617,
    "seed": 2617,
    "metrics": {
        "sinr_ue1": [
            47.72562391659007,
            49.6676979955603,
            54.431304363314894,
            37.558334120547286,
            60.63135294218406,
            41.6708020974178,
            37.65021188212441,
            35.58460976905077,
            53.07129604797985,
            48.20110782664949,
            33.31357070249493,
            33.375589759111165,
            44.98998243429577,
            45.26547239393317,
            45.254849243470325,
            29.402618281638915,
            31.374955724401566,
            38.49689443743354,
            46.58800495002255,
            50.98608429909153
        ],
        "sinr_ue2": [
            31.492910392928408,
            28.298122278338166,
            13.980085465429624,
            26.563803728279222,
            9.92681661811263,
            16.613958224828036,
            27.65584514568811,
            29.315439099320937,
            15.754636302687219,
            15.676144848850806,
            27.71979885736173,
            15.784987779159806,
            19.854876044102692,
            17.73444846833105,
            19.59735609056586,
            19.73186975273483,
            37.17087147634534,
            19.6126887579037,
            19.72063414565063,
            15.804657536822441
        ],
        "power_bs1": [
            42.17299762174255,
            43.17299762174255,
            42.17299762174255,
            41.17299762174255,
            42.17299762174255,
            43.17299762174255,
            40.172997621742546,
            41.17299762174255,
            40.172997621742546,
            39.17299762174255,
            40.172997621742546,
            43.17299762174255,
            40.172997621742546,
            39.17299762174255,
            36.172997621742546,
            39.17299762174255,
            42.17299762174255,
            43.172997621742546,
            40.172997621742546,
            41.17299762174255
        ],
        "power_bs2": [
            33.39885191223974,
            34.39885191223974,
            33.39885191223974,
            30.39885191223974,
            29.398851912239742,
            28.398851912239742,
            29.398851912239742,
            32.39885191223974,
            33.39885191223974,
            32.39885191223974,
            33.39885191223974,
            36.39885191223974,
            37.39885191223974,
            34.39885191223974,
            33.39885191223974,
            36.39885191223974,
            37.39885191223974,
            40.39885191223974,
            37.39885191223974,
            34.398851912239735
        ]
    }
}