{
    "episode": 403,
    "seed": 403,
    "metrics": {
        "sinr_ue1": [
            32.523750096220354,
            22.597366447968632,
            24.614462090664286,
            6.359437303030145,
            4.330040488342642,
            4.364268090540663,
            24.15551001300232,
            0.3651814738860173,
            4.375434302449246,
            10.405714794726869,
            24.65298346373265,
            25.817729811037854,
            10.375941036362208,
            12.328999713704649,
            33.916186515827164,
            33.53383769488417,
            10.36931647837033,
            10.382354057006879,
            12.414324088632977,
            29.830249808471056
        ],
        "sinr_ue2": [
            14.899473098636143,
            18.866247157955286,
            23.036267727491946,
            43.80896784247804,
            32.77678976440501,
            39.74127560412502,
            22.819254374489017,
            46.170849122966416,
            22.86906049264806,
            33.51700025502961,
            18.85968797748793,
            14.887998434346581,
            35.064839841569054,
            26.673753829319242,
            14.904782712038475,
            14.89601580313791,
            32.62631905465977,
            16.950396573358486,
            32.922885432408854,
            14.97664851978536
        ],
        "power_bs1": [
            38.91941764143797,
            35.91941764143797,
            36.919417641437974,
            35.91941764143797,
            34.91941764143797,
            33.91941764143797,
            32.91941764143797,
            31.91941764143797,
            34.91941764143797,
            37.91941764143797,
            36.919417641437974,
            37.91941764143797,
            34.91941764143797,
            35.91941764143797,
            38.91941764143797,
            35.91941764143797,
            34.91941764143797,
            37.91941764143797,
            38.91941764143797,
            39.91941764143797
        ],
        "power_bs2": [
            39.32608437417928,
            40.32608437417928,
            39.32608437417928,
            42.32608437417929,
            43.32608437417928,
            42.32608437417929,
            41.32608437417928,
            44.326084374179274,
            43.32608437417928,
            40.32608437417928,
            41.32608437417928,
            38.32608437417928,
            37.32608437417928,
            36.32608437417928,
            39.32608437417928,
            36.32608437417928,
            37.32608437417928,
            40.32608437417928,
            39.326084374179274,
            40.32608437417928
        ]
    }
}