{
    "episode": 2034,
    "seed": 2034,
    "metrics": {
        "sinr_ue1": [
            40.922026478636646,
            33.657987452851145,
            30.640287048446794,
            18.93249051622132,
            16.95586744183557,
            13.986061733401984,
            14.058683914544252,
            12.97020471383179,
            10.042047161131924,
            10.049620767208738,
            24.426046251551277,
            25.08112434995864,
            10.034246500211431,
            10.029782583874931,
            13.971415494728006,
            15.98311846741131,
            26.902493602007684,
            9.900982918682622,
            25.44131066057027,
            18.91900640641484
        ],
        "sinr_ue2": [
            26.0256193080319,
            34.68240243552841,
            14.737009559593858,
            32.93950286786503,
            43.36039749451896,
            37.7706184571763,
            18.698990384062977,
            29.841976133373016,
            35.0363680542171,
            34.31019848216572,
            26.542103636932865,
            20.6486437343747,
            43.290566466557614,
            40.292490492036336,
            34.04172504676408,
            31.655806434830474,
            22.683186996187096,
            22.730754341228952,
            24.66809731995999,
            30.53956980578659
        ],
        "power_bs1": [
            42.06106077044361,
            39.06106077044361,
            38.06106077044361,
            35.06106077044361,
            32.06106077044361,
            33.06106077044361,
            36.06106077044361,
            37.06106077044361,
            36.06106077044361,
            33.06106077044361,
            30.06106077044361,
            33.06106077044361,
            34.06106077044361,
            35.06106077044361,
            36.0610607704436,
            35.06106077044361,
            32.06106077044361,
            35.06106077044361,
            32.06106077044361,
            29.06106077044361
        ],
        "power_bs2": [
            37.909773994051626,
            38.909773994051626,
            37.909773994051626,
            40.909773994051626,
            39.909773994051626,
            36.909773994051626,
            39.909773994051626,
            42.90977399405162,
            43.909773994051626,
            40.909773994051626,
            41.909773994051626,
            38.909773994051626,
            41.909773994051626,
            42.90977399405162,
            39.90977399405162,
            36.909773994051626,
            39.90977399405162,
            42.90977399405162,
            41.909773994051626,
            44.90977399405162
        ]
    }
}