{
    "episode": 4411,
    "seed": 4411,
    "metrics": {
        "sinr_ue1": [
            12.191722716908963,
            22.724643618579925,
            29.081983398422267,
            18.500603146803776,
            24.220755850002828,
            28.502620649003454,
            14.087373766352966,
            14.04021743786605,
            34.87910398272185,
            20.07718414861843,
            31.753579149001204,
            32.97583564544776,
            31.48874706571322,
            27.857429838697954,
            17.937816907615552,
            23.726625491896908,
            21.59640526063864,
            40.96297086208362,
            40.22265876319162,
            37.134153234592084
        ],
        "sinr_ue2": [
            36.0085999203015,
            28.458312542492365,
            21.527639975267174,
            17.485201975801555,
            21.444064265043,
            11.158698589742055,
            35.23645483814223,
            33.02726699304805,
            9.474815383206629,
            27.834935096140665,
            15.521135370614076,
            13.485956329439194,
            11.469425530980267,
            11.506947158315327,
            21.556638632652067,
            15.095018327886416,
            27.089361397585986,
            7.3305303776612005,
            7.388652519466428,
            9.429843702586387
        ],
        "power_bs1": [
            40.953932043694614,
            41.95393204369461,
            38.953932043694614,
            41.95393204369461,
            38.953932043694614,
            37.953932043694614,
            38.953932043694614,
            35.95393204369461,
            38.953932043694614,
            41.95393204369461,
            38.953932043694614,
            37.953932043694614,
            40.953932043694614,
            39.95393204369461,
            36.95393204369461,
            39.95393204369461,
            36.95393204369461,
            35.95393204369461,
            36.95393204369461,
            35.95393204369461
        ],
        "power_bs2": [
            40.59537321089564,
            39.59537321089564,
            42.59537321089564,
            41.59537321089563,
            42.59537321089564,
            39.59537321089564,
            36.59537321089564,
            33.59537321089563,
            30.595373210895637,
            33.59537321089563,
            36.59537321089563,
            33.59537321089563,
            34.59537321089564,
            33.59537321089563,
            30.59537321089563,
            27.595373210895634,
            26.59537321089563,
            25.59537321089563,
            26.59537321089563,
            27.595373210895634
        ]
    }
}