{
    "episode": 2051,
    "seed": 2051,
    "metrics": {
        "sinr_ue1": [
            29.291826475648158,
            12.602618886931495,
            27.95584353492196,
            14.510149351982658,
            27.691805369002523,
            31.57499280350653,
            35.03065423061249,
            22.405845340044287,
            26.16360767301282,
            26.49082862431007,
            37.83141757233035,
            35.24446622209815,
            22.529656703131465,
            40.26157405663231,
            40.31827502740814,
            26.348686228305805,
            24.408438107007928,
            26.496487263016707,
            22.49798117370656,
            25.488008716600937
        ],
        "sinr_ue2": [
            28.655419603565445,
            49.68803038585591,
            28.34008902779907,
            44.386983773438125,
            30.346977375341307,
            28.332688160043936,
            26.15313312221323,
            31.857030058261124,
            35.59195515272516,
            33.592584066644534,
            37.685808978892055,
            16.196261171805165,
            39.98214285781706,
            14.09754802184872,
            14.232017972754821,
            35.81175860948747,
            36.725591086023314,
            22.003088938948466,
            36.69317197931429,
            20.449382895800422
        ],
        "power_bs1": [
            38.645156405874616,
            35.645156405874616,
            34.645156405874616,
            31.64515640587462,
            28.645156405874616,
            27.645156405874616,
            30.64515640587462,
            33.645156405874616,
            34.645156405874616,
            37.645156405874616,
            38.645156405874616,
            37.645156405874616,
            36.645156405874616,
            39.645156405874616,
            36.645156405874616,
            37.645156405874616,
            36.645156405874616,
            39.645156405874616,
            36.645156405874616,
            37.645156405874616
        ],
        "power_bs2": [
            40.022520887649414,
            39.022520887649414,
            36.022520887649414,
            33.022520887649414,
            32.02252088764942,
            29.022520887649414,
            30.022520887649414,
            27.022520887649417,
            24.022520887649414,
            27.022520887649417,
            30.022520887649414,
            27.022520887649417,
            30.022520887649414,
            27.022520887649417,
            24.022520887649414,
            27.022520887649417,
            28.022520887649414,
            29.022520887649414,
            30.022520887649414,
            31.022520887649417
        ]
    }
}