{
    "episode": 2354,
    "seed": 2354,
    "metrics": {
        "sinr_ue1": [
            11.391395847693664,
            13.35526504722704,
            22.04265290241063,
            31.11474879474892,
            26.745359524250716,
            13.282206139925128,
            31.234128909064246,
            27.130490225415475,
            29.261573647973815,
            9.333445749126652,
            25.412711417722797,
            34.221109686278794,
            28.169901075295527,
            29.330615223023862,
            15.318406001143748,
            21.527024864584043,
            32.62185628871476,
            36.140278615935145,
            36.787843884116725,
            21.185221099833438
        ],
        "sinr_ue2": [
            15.797609722095538,
            14.457074090062987,
            3.4708324866715183,
            3.526457501934219,
            1.4933214674515254,
            11.241755223830586,
            1.600103514721452,
            1.5666945541037776,
            5.541277058567655,
            25.796059650761478,
            1.5172305408168056,
            -0.5454696104147163,
            1.3980003658778926,
            15.786563756939213,
            -0.6903458926134778,
            7.883394788601564,
            -0.6765782051733931,
            -2.737492870329435,
            9.119236677803656,
            4.593153337415069
        ],
        "power_bs1": [
            38.20936398285846,
            39.20936398285846,
            36.20936398285846,
            37.20936398285846,
            38.20936398285846,
            37.20936398285846,
            36.20936398285846,
            33.20936398285846,
            30.209363982858463,
            27.209363982858463,
            28.209363982858463,
            27.209363982858463,
            26.20936398285846,
            29.209363982858463,
            32.20936398285846,
            35.20936398285846,
            34.20936398285846,
            37.20936398285846,
            40.20936398285846,
            37.20936398285846
        ],
        "power_bs2": [
            45.309990364130826,
            44.30999036413083,
            43.309990364130826,
            44.30999036413083,
            43.309990364130826,
            42.309990364130826,
            41.30999036413083,
            38.309990364130826,
            39.309990364130826,
            36.309990364130826,
            33.309990364130826,
            30.309990364130822,
            31.30999036413083,
            32.309990364130826,
            35.309990364130826,
            36.309990364130826,
            37.309990364130826,
            38.309990364130826,
            35.309990364130826,
            34.309990364130826
        ]
    }
}