{
    "episode": 1011,
    "seed": 1011,
    "metrics": {
        "sinr_ue1": [
            45.82026656108661,
            18.27426357309545,
            21.96880993634046,
            43.290932573843236,
            20.293820030155526,
            42.06821520741243,
            24.306230613915734,
            22.392333707527147,
            34.82670586101365,
            22.491250730395347,
            22.3826367111877,
            38.094706863051336,
            20.641181029354904,
            44.819770908708314,
            24.776372108676398,
            36.72683921527356,
            14.154739670045597,
            32.59971368507848,
            14.340075670718653,
            20.72266280079296
        ],
        "sinr_ue2": [
            14.319955598003348,
            36.0713287357061,
            16.52549536048047,
            12.542481474178944,
            33.514787963677676,
            26.85083629573464,
            20.396187473905655,
            25.665518798266636,
            14.501957992656518,
            35.294471256874765,
            32.46951153173391,
            17.2259054961645,
            32.958825473895594,
            10.55920058353184,
            10.556042007779045,
            14.585396750982742,
            30.56403089808333,
            12.625626714496718,
            36.018024079441,
            14.577939703293708
        ],
        "power_bs1": [
            39.78687791525823,
            36.78687791525823,
            33.78687791525823,
            34.78687791525823,
            31.786877915258227,
            32.78687791525823,
            31.786877915258227,
            32.78687791525823,
            33.78687791525823,
            32.78687791525823,
            33.78687791525823,
            36.78687791525823,
            35.78687791525823,
            36.78687791525823,
            39.78687791525823,
            38.78687791525823,
            39.78687791525823,
            38.78687791525823,
            35.78687791525822,
            38.78687791525823
        ],
        "power_bs2": [
            37.950180528873226,
            40.950180528873226,
            37.950180528873226,
            34.95018052887323,
            33.950180528873226,
            32.950180528873226,
            29.95018052887323,
            32.950180528873226,
            35.950180528873226,
            32.950180528873226,
            33.950180528873226,
            34.95018052887323,
            37.950180528873226,
            34.950180528873226,
            37.950180528873226,
            40.950180528873226,
            37.950180528873226,
            38.950180528873226,
            41.95018052887322,
            40.950180528873226
        ]
    }
}