{
    "episode": 928,
    "seed": 928,
    "metrics": {
        "sinr_ue1": [
            29.71138465033668,
            42.80734462094263,
            43.56656607891475,
            20.112200155156515,
            38.63658489030533,
            25.857639160473745,
            32.8537703616012,
            21.877999781657085,
            39.390604592990336,
            27.948169508939262,
            29.836637744299072,
            23.63700860106414,
            25.553935101258784,
            25.416635640590407,
            33.370747961985806,
            43.08555632141491,
            41.91121857820464,
            43.83100199778785,
            42.85541213185475,
            34.92746692868305
        ],
        "sinr_ue2": [
            27.57944250167295,
            20.234626782126735,
            12.43505271313605,
            26.72026247191227,
            14.418388194407395,
            18.552966891638295,
            26.825437827553614,
            33.02343172002987,
            12.44272255545243,
            15.555471799198731,
            19.470816705187964,
            31.591955070291107,
            23.64792273709981,
            27.442293473188343,
            24.530720848392,
            10.420601041663023,
            10.466183331702528,
            21.392444586583075,
            6.5677570792612805,
            8.613931046768284
        ],
        "power_bs1": [
            44.49221856192179,
            41.49221856192179,
            38.492218561921796,
            37.492218561921796,
            40.492218561921796,
            43.492218561921796,
            40.492218561921796,
            37.492218561921796,
            36.49221856192179,
            39.49221856192179,
            38.49221856192179,
            35.49221856192179,
            36.49221856192179,
            37.49221856192179,
            34.49221856192179,
            37.49221856192179,
            34.49221856192179,
            37.49221856192179,
            34.49221856192179,
            35.49221856192179
        ],
        "power_bs2": [
            37.99671222300829,
            34.99671222300829,
            37.99671222300829,
            40.99671222300829,
            41.99671222300829,
            40.99671222300829,
            41.99671222300829,
            38.99671222300829,
            35.99671222300829,
            34.99671222300829,
            31.996712223008288,
            34.99671222300829,
            33.99671222300829,
            34.99671222300829,
            35.99671222300829,
            34.99671222300829,
            31.996712223008288,
            28.996712223008288,
            27.996712223008288,
            30.996712223008288
        ]
    }
}