{
    "episode": 2064,
    "seed": 2064,
    "metrics": {
        "sinr_ue1": [
            25.5466772800445,
            15.818843590208783,
            13.673702520986229,
            13.826380638773866,
            14.00820749069451,
            8.031623103160213,
            9.973671607164947,
            7.529550710048449,
            14.0174926278222,
            28.592459610350986,
            32.70175797667813,
            9.912560973499069,
            30.361170895122378,
            7.905612837259213,
            15.336510592409843,
            14.87613891058897,
            22.545125618230543,
            1.9399538677029198,
            23.07514822300224,
            7.664728182867478
        ],
        "sinr_ue2": [
            20.355089043363055,
            32.059761905950694,
            38.548756510290694,
            41.01835533267177,
            25.609255607143666,
            48.62199134100412,
            44.1985340006304,
            26.808848274694405,
            35.69862047100662,
            22.38156918823375,
            20.300239963677576,
            46.035637851717155,
            24.429984173140955,
            36.03840118526223,
            41.776787058946695,
            30.823882965751658,
            28.752377337350925,
            49.03637899350098,
            30.638142673560765,
            36.58556266142447
        ],
        "power_bs1": [
            39.01155548549375,
            38.01155548549375,
            35.01155548549375,
            32.01155548549375,
            35.01155548549375,
            32.011555485493744,
            33.01155548549375,
            36.01155548549375,
            33.01155548549375,
            32.01155548549375,
            35.01155548549375,
            32.011555485493744,
            31.01155548549375,
            28.011555485493748,
            25.01155548549375,
            28.011555485493748,
            31.011555485493748,
            30.01155548549375,
            33.01155548549375,
            30.01155548549375
        ],
        "power_bs2": [
            36.139421454904145,
            33.139421454904145,
            32.139421454904145,
            29.139421454904145,
            32.139421454904145,
            35.139421454904145,
            34.139421454904145,
            31.13942145490414,
            30.139421454904145,
            31.13942145490414,
            32.139421454904145,
            33.139421454904145,
            32.139421454904145,
            31.139421454904145,
            34.139421454904145,
            35.139421454904145,
            36.139421454904145,
            39.139421454904145,
            40.139421454904145,
            43.139421454904145
        ]
    }
}