{
    "episode": 2239,
    "seed": 2239,
    "metrics": {
        "sinr_ue1": [
            34.887390128858364,
            26.534232076881153,
            16.166803096757427,
            36.83449393735262,
            18.06785759741536,
            32.857374619515944,
            20.035072998787093,
            18.017365705213738,
            28.245612185195018,
            17.742244750920253,
            36.8750995835445,
            23.279328511309284,
            36.95809295534703,
            32.28807712681093,
            12.017970348212861,
            31.293302405002898,
            10.018189464290046,
            6.0262130997092545,
            7.7752957304231005,
            25.592219342386326
        ],
        "sinr_ue2": [
            6.444061324669449,
            10.469637991337722,
            24.13435224756053,
            6.534386045113413,
            26.38404335643184,
            8.494787316872698,
            22.68306082487974,
            21.503790822977884,
            12.917799094060328,
            26.117903090726756,
            17.951212910490575,
            22.897976266741587,
            6.543659044564578,
            15.242590744009938,
            31.281548383246218,
            12.319510314213929,
            30.815277106790585,
            36.899038649467435,
            20.22942870963059,
            16.254928815061312
        ],
        "power_bs1": [
            43.58464211475904,
            42.584642114759035,
            41.584642114759035,
            42.584642114759035,
            39.584642114759035,
            36.584642114759035,
            39.584642114759035,
            36.584642114759035,
            33.584642114759035,
            32.584642114759035,
            31.584642114759035,
            34.584642114759035,
            33.584642114759035,
            32.584642114759035,
            29.58464211475903,
            28.58464211475903,
            27.584642114759035,
            24.58464211475903,
            27.58464211475903,
            28.58464211475903
        ],
        "power_bs2": [
            37.32411125827625,
            40.32411125827625,
            39.32411125827625,
            36.32411125827625,
            35.32411125827625,
            32.32411125827625,
            33.32411125827625,
            32.32411125827625,
            29.324111258276247,
            28.324111258276247,
            25.324111258276247,
            24.324111258276247,
            27.324111258276247,
            28.324111258276247,
            31.324111258276247,
            28.324111258276243,
            31.324111258276247,
            32.32411125827625,
            35.32411125827625,
            32.32411125827625
        ]
    }
}