{
    "episode": 3084,
    "seed": 3084,
    "metrics": {
        "sinr_ue1": [
            20.209862053548214,
            26.281302190727715,
            23.355749143150312,
            1.1611664394367862,
            22.22622726632578,
            5.19138408017743,
            7.209052973176398,
            25.617291252141044,
            24.555755228480777,
            31.249113487265596,
            26.435055300625837,
            24.91295479082293,
            28.766497301494653,
            11.07489544073131,
            11.17976733691826,
            15.190669921705709,
            30.177034708782607,
            11.278718826212879,
            28.950796097466196,
            27.070327760372663
        ],
        "sinr_ue2": [
            16.92592107581782,
            18.86195903342943,
            22.789472349743534,
            42.2679979689878,
            41.092650080707365,
            45.9789405419,
            39.37620607802485,
            22.698735183274366,
            24.665905532547928,
            18.757929912078744,
            18.74096497714508,
            20.7614554489733,
            30.684284339784366,
            18.743230771912422,
            18.741488395803408,
            25.28499202159882,
            18.714761799228924,
            18.681433406305835,
            12.704034916002946,
            10.687773115355432
        ],
        "power_bs1": [
            34.690253497747634,
            33.690253497747634,
            30.690253497747626,
            27.69025349774763,
            28.69025349774763,
            29.690253497747634,
            32.690253497747634,
            31.69025349774763,
            30.690253497747626,
            33.690253497747634,
            30.690253497747626,
            29.690253497747634,
            28.69025349774763,
            31.69025349774763,
            34.69025349774763,
            37.690253497747634,
            36.69025349774763,
            39.69025349774763,
            42.690253497747634,
            45.69025349774763
        ],
        "power_bs2": [
            33.03333885238536,
            34.03333885238537,
            35.03333885238536,
            38.03333885238536,
            37.03333885238536,
            36.03333885238536,
            37.03333885238536,
            36.03333885238537,
            37.03333885238537,
            34.03333885238537,
            31.03333885238537,
            32.03333885238536,
            29.033338852385366,
            32.03333885238536,
            35.03333885238537,
            34.03333885238537,
            37.03333885238536,
            40.03333885238536,
            37.03333885238536,
            38.03333885238536
        ]
    }
}