{
    "episode": 1530,
    "seed": 1530,
    "metrics": {
        "sinr_ue1": [
            32.613901042332714,
            14.697708062773406,
            14.630377012718913,
            32.48514325345411,
            26.180596850393776,
            28.837242625860988,
            29.667943683528296,
            12.476674169866051,
            14.528486692678186,
            31.815211899680378,
            20.567058445412577,
            33.05436216260525,
            20.55528055808418,
            31.344686816973073,
            28.389756261835295,
            28.30059402915662,
            40.095837289264836,
            43.96480351884244,
            26.388309350807504,
            53.96026921497317
        ],
        "sinr_ue2": [
            14.13919100506623,
            16.136195700727583,
            33.57943191316992,
            16.093868309125,
            16.148792462114727,
            20.094134752309788,
            20.08084704254872,
            33.582353172787464,
            23.467346803589262,
            14.084561959942508,
            24.044359091243663,
            28.059829377375237,
            27.964503323433046,
            9.793407686387546,
            15.658273609449221,
            20.177807160405052,
            15.069107867012171,
            4.298146568475795,
            4.350440084093515,
            -1.6672220790517644
        ],
        "power_bs1": [
            34.748703217471345,
            35.748703217471345,
            36.748703217471345,
            33.748703217471345,
            34.748703217471345,
            31.748703217471345,
            30.748703217471345,
            33.748703217471345,
            32.748703217471345,
            31.748703217471345,
            32.748703217471345,
            31.748703217471345,
            32.748703217471345,
            35.748703217471345,
            38.748703217471345,
            37.748703217471345,
            40.748703217471345,
            37.748703217471345,
            40.748703217471345,
            43.748703217471345
        ],
        "power_bs2": [
            36.55608815407113,
            39.55608815407113,
            40.55608815407113,
            37.55608815407113,
            38.55608815407113,
            39.55608815407113,
            38.55608815407113,
            39.55608815407113,
            36.55608815407113,
            33.55608815407113,
            30.556088154071134,
            29.556088154071134,
            30.556088154071134,
            27.55608815407113,
            28.55608815407113,
            27.55608815407113,
            30.556088154071134,
            29.556088154071134,
            32.55608815407113,
            29.556088154071134
        ]
    }
}