{
    "episode": 1632,
    "seed": 1632,
    "metrics": {
        "sinr_ue1": [
            20.138160569766804,
            42.57722538395364,
            39.449452371471224,
            27.899342832360176,
            43.15489821052552,
            23.80343751346523,
            44.369067974472436,
            34.950077786216006,
            31.60419570334072,
            30.08735690515519,
            21.698929994931557,
            43.90261736285997,
            29.935647632869813,
            29.85154276214449,
            35.79910297766,
            46.24507409367859,
            31.958998155568757,
            35.82313702022734,
            31.77146118132732,
            35.815629923434436
        ],
        "sinr_ue2": [
            38.7121446878911,
            17.808565715083066,
            13.962965043687362,
            27.973749000100597,
            9.826484801111805,
            24.886092842862514,
            13.642729835443166,
            15.475938595104772,
            17.35973267912386,
            21.2556139929049,
            34.7269971344729,
            20.914411271440763,
            25.111074009146023,
            22.47035869740703,
            15.178168135334612,
            1.9460184642093539,
            27.20732013178626,
            19.151016121129278,
            16.353375516205972,
            13.4537692282159
        ],
        "power_bs1": [
            33.04969931582026,
            30.049699315820266,
            33.04969931582026,
            36.04969931582026,
            35.04969931582026,
            32.04969931582026,
            33.04969931582026,
            30.049699315820266,
            27.049699315820263,
            26.049699315820263,
            29.049699315820266,
            32.04969931582026,
            35.04969931582026,
            36.04969931582026,
            39.04969931582026,
            42.04969931582027,
            39.04969931582026,
            40.04969931582026,
            37.04969931582026,
            38.04969931582026
        ],
        "power_bs2": [
            39.01404711652624,
            36.01404711652624,
            35.01404711652624,
            34.01404711652624,
            33.01404711652624,
            34.01404711652624,
            35.01404711652624,
            34.01404711652624,
            33.01404711652624,
            36.01404711652624,
            33.01404711652624,
            32.01404711652624,
            31.014047116526243,
            32.01404711652624,
            29.014047116526243,
            32.01404711652624,
            33.01404711652624,
            30.014047116526243,
            31.014047116526243,
            28.014047116526243
        ]
    }
}