{
    "episode": 2802,
    "seed": 2802,
    "metrics": {
        "sinr_ue1": [
            13.088331462306197,
            30.82720879471386,
            15.124170146684829,
            17.11303973720941,
            19.042379238655588,
            17.332594405680183,
            20.82077056902208,
            30.550832138916384,
            32.00767034616321,
            13.029623860027066,
            11.030048956257314,
            32.65774367757344,
            12.99903565329152,
            11.007052035126934,
            17.833117573228336,
            5.06728676995224,
            15.598975633208553,
            -2.923335244491094,
            15.177047654324467,
            -0.9216691353494882
        ],
        "sinr_ue2": [
            28.15248122469547,
            8.839425210438414,
            8.815315713329179,
            25.7543559306048,
            24.399457738551504,
            23.21627916252246,
            25.50256320092982,
            24.385333201566176,
            10.719239532479246,
            10.793672131298058,
            24.296316842004643,
            8.795497418406397,
            23.76570574888624,
            30.47217368341741,
            21.430851223306,
            34.38767531869739,
            24.671878028615346,
            43.31906202456669,
            24.42010795389468,
            24.55648567658225
        ],
        "power_bs1": [
            35.42831684878425,
            36.42831684878425,
            39.42831684878425,
            42.42831684878425,
            41.42831684878425,
            42.42831684878425,
            39.42831684878425,
            36.42831684878425,
            33.42831684878425,
            36.42831684878425,
            33.42831684878425,
            34.42831684878425,
            35.42831684878425,
            34.42831684878425,
            33.42831684878425,
            32.42831684878425,
            29.428316848784245,
            26.42831684878425,
            25.42831684878425,
            28.428316848784245
        ],
        "power_bs2": [
            33.69726635139103,
            32.69726635139102,
            35.69726635139103,
            36.69726635139102,
            33.69726635139103,
            32.69726635139102,
            29.69726635139103,
            30.697266351391022,
            31.697266351391026,
            34.69726635139103,
            33.69726635139103,
            30.697266351391022,
            33.69726635139103,
            34.69726635139103,
            35.69726635139102,
            38.69726635139103,
            41.69726635139103,
            40.69726635139102,
            37.69726635139102,
            40.69726635139102
        ]
    }
}