{
    "episode": 4783,
    "seed": 4783,
    "metrics": {
        "sinr_ue1": [
            32.29263395739603,
            32.43582843775214,
            43.39567364728555,
            35.8043949594149,
            30.11877908766118,
            48.722821354190565,
            49.154245723742925,
            46.72436540605262,
            28.04005772157246,
            44.63227711324811,
            25.789797790940092,
            42.9353092373659,
            41.48805732152205,
            25.71451657322324,
            36.304613680062026,
            27.293916287678282,
            29.407718601741742,
            27.123957949095015,
            29.24018438843026,
            38.73677192207384
        ],
        "sinr_ue2": [
            17.814323964296456,
            32.73581060776608,
            21.952289075969126,
            24.01284964392675,
            31.93338328355317,
            19.898492613102615,
            19.868954908716205,
            19.703957942425696,
            39.582416835457735,
            19.89769254596968,
            40.7345583680479,
            21.890141191635383,
            24.010449520940323,
            35.839346888024046,
            35.712632353978606,
            40.885132006892206,
            38.13404757682497,
            39.029760278063,
            36.83698591593593,
            17.66050705325172
        ],
        "power_bs1": [
            45.68432973760962,
            42.684329737609616,
            41.684329737609616,
            38.684329737609616,
            39.68432973760962,
            42.684329737609616,
            43.684329737609616,
            40.68432973760962,
            39.68432973760962,
            42.684329737609616,
            39.684329737609616,
            38.684329737609616,
            37.684329737609616,
            38.684329737609616,
            39.684329737609616,
            40.68432973760962,
            39.684329737609616,
            40.68432973760962,
            43.684329737609616,
            42.684329737609616
        ],
        "power_bs2": [
            42.11361945426962,
            39.11361945426962,
            42.11361945426962,
            41.11361945426961,
            38.11361945426961,
            41.11361945426961,
            42.11361945426961,
            39.11361945426961,
            40.11361945426962,
            41.11361945426961,
            42.11361945426961,
            39.11361945426961,
            40.11361945426962,
            41.11361945426961,
            40.11361945426962,
            41.11361945426961,
            38.11361945426961,
            41.11361945426961,
            42.11361945426961,
            39.11361945426961
        ]
    }
}