{
    "episode": 423,
    "seed": 423,
    "metrics": {
        "sinr_ue1": [
            15.30569649416498,
            11.73727270891274,
            10.533293165165102,
            2.939292347233472,
            6.933237164978672,
            25.888156486830436,
            6.947513121430272,
            20.01109055218445,
            7.146026835063662,
            5.161073318627627,
            5.1441424376213245,
            1.0760832259044848,
            -1.0331491898951197,
            0.8820764990509782,
            4.976494547181614,
            0.9230626909171387,
            0.9776901388628151,
            19.812872749051216,
            18.22368258560789,
            16.354306625352642
        ],
        "sinr_ue2": [
            16.379988366141298,
            14.307360261004751,
            10.3110655930174,
            29.51696070212958,
            21.58817073470051,
            6.429090468376893,
            6.559462527460873,
            6.557367990709718,
            20.176649633674852,
            23.283796130300484,
            27.68484739654155,
            30.760001773958177,
            31.19145780163602,
            31.453384971187617,
            23.51258737001368,
            26.81065836444512,
            24.83943304832289,
            10.810996863807862,
            10.914447328915411,
            18.574150022821325
        ],
        "power_bs1": [
            27.552836783149917,
            28.552836783149917,
            31.552836783149914,
            28.552836783149917,
            29.552836783149917,
            26.55283678314992,
            29.552836783149917,
            32.552836783149914,
            29.552836783149917,
            30.55283678314992,
            29.552836783149917,
            28.552836783149917,
            27.552836783149917,
            28.552836783149917,
            29.552836783149917,
            26.55283678314992,
            23.552836783149917,
            26.552836783149914,
            25.55283678314992,
            24.552836783149917
        ],
        "power_bs2": [
            42.26224110721671,
            41.26224110721672,
            40.26224110721671,
            37.26224110721671,
            34.26224110721671,
            31.26224110721671,
            34.26224110721671,
            37.26224110721671,
            34.26224110721671,
            37.26224110721671,
            36.26224110721671,
            39.26224110721671,
            40.26224110721671,
            39.26224110721671,
            36.26224110721671,
            37.26224110721671,
            34.26224110721671,
            35.26224110721671,
            34.26224110721671,
            37.26224110721671
        ]
    }
}