{
    "episode": 1892,
    "seed": 1892,
    "metrics": {
        "sinr_ue1": [
            37.88709690730479,
            13.99780560594142,
            27.40653383339793,
            27.54556402376086,
            11.866789141092442,
            17.796750067025915,
            33.245042805013924,
            27.68722103990241,
            11.686708950682018,
            27.243277232924214,
            19.69528391251495,
            33.190133760160215,
            37.210631101191154,
            16.123826482838204,
            9.85821040062124,
            5.874628790183092,
            20.711064707565573,
            7.785955121885591,
            18.90328542209536,
            -0.17270781900359397
        ],
        "sinr_ue2": [
            8.216673004102086,
            23.956895763291016,
            10.217942947392302,
            12.245903636488762,
            30.192125581689083,
            13.898217363461127,
            8.245762359624283,
            20.920010741680002,
            25.133853836740965,
            10.171257554578814,
            14.104150204364354,
            25.713416059195268,
            6.209522472692905,
            21.765909346208538,
            29.816252727424867,
            34.244595525453896,
            20.054472545472564,
            31.740623142276867,
            19.999315092565876,
            37.65045028445491
        ],
        "power_bs1": [
            39.83763797501748,
            38.83763797501748,
            39.83763797501748,
            36.83763797501748,
            37.83763797501748,
            40.83763797501747,
            37.83763797501748,
            36.83763797501748,
            35.83763797501747,
            36.83763797501748,
            33.83763797501748,
            36.83763797501748,
            37.83763797501748,
            34.83763797501748,
            33.83763797501748,
            32.83763797501748,
            29.83763797501748,
            30.837637975017476,
            29.83763797501748,
            26.837637975017476
        ],
        "power_bs2": [
            36.65997917451796,
            37.65997917451796,
            38.65997917451796,
            37.65997917451796,
            38.65997917451796,
            35.659979174517964,
            34.65997917451796,
            33.65997917451796,
            32.65997917451796,
            35.659979174517964,
            36.65997917451796,
            35.659979174517964,
            32.65997917451796,
            35.65997917451796,
            36.65997917451796,
            39.65997917451796,
            38.65997917451796,
            35.65997917451796,
            38.65997917451796,
            39.65997917451796
        ]
    }
}