{
    "episode": 3314,
    "seed": 3314,
    "metrics": {
        "sinr_ue1": [
            23.84412265313312,
            12.962310870716971,
            20.253517474424324,
            13.019157901692044,
            26.386412342657074,
            10.960386213709675,
            8.915349311875477,
            6.925827223103299,
            6.973527626901635,
            4.989207750673876,
            23.4408247441603,
            10.984106065678546,
            28.86920406701678,
            24.733203142564022,
            4.99279257439571,
            6.985535847970575,
            25.99020858694097,
            22.41812742634992,
            8.883459429093175,
            10.886932033562049
        ],
        "sinr_ue2": [
            11.243370523603351,
            25.529901176847293,
            27.45133809604453,
            24.266457695354372,
            13.210069461208516,
            17.195980290203003,
            29.425175912248854,
            31.464747889290983,
            31.69669512169021,
            34.682457624284986,
            16.91809378420963,
            25.570299148988923,
            27.57779165644817,
            14.608216275511898,
            31.793551329332573,
            35.54627226399967,
            16.69841562262277,
            16.762178485331273,
            31.138620060680545,
            36.140867966141585
        ],
        "power_bs1": [
            39.94907483561582,
            40.94907483561582,
            41.94907483561582,
            38.94907483561582,
            37.94907483561582,
            34.94907483561582,
            31.949074835615818,
            28.949074835615818,
            29.949074835615818,
            28.949074835615818,
            27.949074835615818,
            30.949074835615814,
            31.949074835615818,
            28.949074835615818,
            27.949074835615818,
            26.949074835615818,
            27.949074835615818,
            26.949074835615818,
            25.949074835615814,
            28.949074835615818
        ],
        "power_bs2": [
            40.71798370656325,
            41.71798370656326,
            40.71798370656325,
            39.71798370656326,
            40.71798370656325,
            37.71798370656326,
            36.71798370656326,
            35.71798370656326,
            36.71798370656326,
            37.71798370656326,
            34.71798370656326,
            33.71798370656326,
            30.71798370656326,
            33.71798370656326,
            36.71798370656325,
            33.71798370656326,
            34.71798370656326,
            33.71798370656326,
            30.717983706563253,
            31.717983706563256
        ]
    }
}