{
    "episode": 1810,
    "seed": 1810,
    "metrics": {
        "sinr_ue1": [
            1.3547213647590282,
            20.577128286730336,
            3.4285150282437233,
            29.074410460934065,
            27.437522030013724,
            21.219303799079103,
            15.380849892292801,
            19.403033810075016,
            25.91350484630279,
            25.895747372303838,
            29.539026740922214,
            19.234513585113334,
            13.272230775944964,
            17.30169454255917,
            22.650684044560702,
            13.30375461114243,
            28.49892737973324,
            28.828884651661344,
            23.756128570126624,
            24.353864732262164
        ],
        "sinr_ue2": [
            40.11591523620215,
            20.720988739437246,
            25.95314894258902,
            16.853310195348094,
            12.844320687116875,
            12.837642834407143,
            23.658087746062005,
            19.982744428519084,
            24.983242643119983,
            10.799689834517817,
            8.853194767470878,
            26.850826397122717,
            25.015651920437662,
            12.488240371552175,
            12.825501443866688,
            27.328851774299288,
            12.868933328800786,
            10.874979664437124,
            10.893614654722334,
            27.53330506506098
        ],
        "power_bs1": [
            32.501548977781695,
            31.501548977781695,
            34.5015489777817,
            37.501548977781695,
            38.501548977781695,
            39.5015489777817,
            40.5015489777817,
            43.501548977781695,
            40.5015489777817,
            37.501548977781695,
            40.5015489777817,
            43.501548977781695,
            40.5015489777817,
            41.501548977781695,
            38.501548977781695,
            41.501548977781695,
            42.5015489777817,
            41.501548977781695,
            42.5015489777817,
            43.501548977781695
        ],
        "power_bs2": [
            44.172984343683666,
            41.172984343683666,
            44.172984343683666,
            43.17298434368367,
            40.17298434368367,
            41.172984343683666,
            38.17298434368367,
            37.17298434368367,
            40.17298434368367,
            37.17298434368367,
            38.17298434368367,
            37.17298434368367,
            40.17298434368367,
            37.17298434368367,
            40.172984343683666,
            41.172984343683666,
            44.172984343683666,
            41.172984343683666,
            42.172984343683666,
            45.172984343683666
        ]
    }
}