{
    "episode": 3893,
    "seed": 3893,
    "metrics": {
        "sinr_ue1": [
            13.714975957434593,
            19.715847350619292,
            21.694091242398542,
            17.727997029744856,
            15.69678009837819,
            15.635476052513537,
            26.422372496045476,
            11.585214242669128,
            11.45154219180833,
            13.3598402341375,
            30.040671065856202,
            13.449290169315091,
            13.545965490047083,
            28.804326278038697,
            16.66123547564898,
            3.6586002536176068,
            -0.31517080552389803,
            18.921090477774026,
            12.20625618715276,
            -2.317445421948033
        ],
        "sinr_ue2": [
            51.35218654636083,
            39.7383282626184,
            46.63388340082126,
            49.29637672099953,
            50.551715047008415,
            47.03965445646142,
            45.50015921175985,
            53.749786122840305,
            52.76166471797517,
            51.93350631879467,
            36.085865893990075,
            48.045359741127726,
            52.10191167499991,
            37.68819308803834,
            55.952295193699165,
            61.93168749837429,
            65.01232403773288,
            49.69570457457244,
            51.57440802709345,
            70.38653001491967
        ],
        "power_bs1": [
            42.916758466207924,
            45.91675846620794,
            44.91675846620793,
            41.91675846620793,
            38.91675846620793,
            35.91675846620793,
            34.91675846620793,
            31.91675846620793,
            28.916758466207927,
            29.91675846620793,
            32.916758466207924,
            31.91675846620793,
            34.91675846620793,
            35.91675846620793,
            32.916758466207924,
            29.91675846620793,
            28.916758466207927,
            25.916758466207924,
            26.91675846620793,
            25.91675846620793
        ],
        "power_bs2": [
            41.94639578042807,
            38.94639578042806,
            35.94639578042806,
            36.94639578042806,
            35.94639578042806,
            32.94639578042806,
            35.94639578042806,
            32.94639578042806,
            29.946395780428062,
            28.946395780428062,
            31.946395780428066,
            30.946395780428062,
            33.94639578042806,
            36.94639578042806,
            37.94639578042806,
            38.94639578042806,
            41.94639578042806,
            38.94639578042806,
            41.94639578042806,
            40.94639578042806
        ]
    }
}