{
    "episode": 2337,
    "seed": 2337,
    "metrics": {
        "sinr_ue1": [
            15.869342222216575,
            31.493445122800566,
            31.329869380491807,
            29.03213147953812,
            13.698023030429125,
            30.636425833260898,
            27.162140572746907,
            17.63376614762415,
            34.289009167623796,
            31.494260618276382,
            23.634243291685166,
            9.53694066846218,
            25.628149437975,
            15.350961003970959,
            13.45274076924808,
            25.230339396512864,
            22.933628213114776,
            25.45650824207374,
            15.357745273972723,
            13.431679829157934
        ],
        "sinr_ue2": [
            33.14261095092215,
            28.505989814604607,
            22.114950075762255,
            22.00190285475403,
            35.00697780814598,
            38.53370339215405,
            25.75488234680718,
            38.98119099801853,
            21.846026383661965,
            21.62198862477385,
            25.46782151201664,
            46.25922874122211,
            41.276251006148364,
            36.17494215572017,
            34.51505144504835,
            27.605410156622526,
            27.295519393925662,
            23.351190510704612,
            41.626363481924685,
            39.83082248115569
        ],
        "power_bs1": [
            34.87135578023266,
            31.871355780232662,
            30.871355780232662,
            29.871355780232662,
            28.871355780232662,
            27.871355780232662,
            24.871355780232662,
            27.87135578023266,
            26.871355780232662,
            23.87135578023266,
            22.87135578023266,
            23.87135578023266,
            26.871355780232662,
            27.87135578023266,
            26.871355780232662,
            23.87135578023266,
            20.871355780232662,
            21.871355780232662,
            20.871355780232662,
            17.871355780232662
        ],
        "power_bs2": [
            38.6938078597736,
            37.69380785977361,
            34.6938078597736,
            33.69380785977361,
            34.6938078597736,
            31.693807859773603,
            32.69380785977361,
            29.693807859773603,
            30.693807859773603,
            27.693807859773607,
            30.693807859773603,
            33.69380785977361,
            34.6938078597736,
            31.693807859773603,
            32.69380785977361,
            33.69380785977361,
            30.693807859773603,
            27.693807859773607,
            24.693807859773603,
            23.6938078597736
        ]
    }
}