{
    "episode": 4839,
    "seed": 4839,
    "metrics": {
        "sinr_ue1": [
            34.719306141337064,
            33.437895445830755,
            23.379646448145564,
            39.134987393139994,
            37.03918395738056,
            27.385133297756646,
            23.360391063110377,
            23.446045716470024,
            43.62435801207341,
            38.847545752826356,
            23.269169642375886,
            37.477171074622774,
            29.385757873078575,
            43.6715932923432,
            43.18999932099486,
            25.43781591218992,
            30.642040887261896,
            45.25801772500969,
            25.327384274140062,
            49.034041419426025
        ],
        "sinr_ue2": [
            10.950781524892468,
            23.041197741216028,
            20.006979045391574,
            14.400012382027008,
            4.900398171984246,
            20.075998421097268,
            27.09759124004725,
            20.516354005416254,
            7.379437363979959,
            27.545824028357146,
            21.722645415929648,
            16.696889494441805,
            22.343490347021984,
            3.3271652398219276,
            21.506901820068038,
            20.234184538653352,
            17.370131628096225,
            -0.563859297907977,
            26.120566213918444,
            11.87681878564982
        ],
        "power_bs1": [
            37.17352756609975,
            34.17352756609974,
            35.17352756609974,
            38.17352756609974,
            39.17352756609974,
            40.17352756609974,
            39.17352756609974,
            40.17352756609974,
            37.17352756609975,
            36.17352756609974,
            37.17352756609975,
            38.17352756609975,
            39.17352756609974,
            38.17352756609975,
            35.17352756609974,
            34.17352756609974,
            35.17352756609974,
            34.17352756609974,
            31.173527566099747,
            34.17352756609974
        ],
        "power_bs2": [
            40.81723805485506,
            37.81723805485506,
            34.81723805485507,
            37.81723805485506,
            36.81723805485506,
            35.81723805485506,
            38.81723805485506,
            39.81723805485506,
            36.81723805485506,
            37.81723805485506,
            36.81723805485506,
            35.81723805485506,
            32.81723805485506,
            33.81723805485506,
            32.81723805485506,
            31.81723805485506,
            28.81723805485506,
            25.81723805485506,
            28.81723805485506,
            27.81723805485506
        ]
    }
}