{
    "episode": 1656,
    "seed": 1656,
    "metrics": {
        "sinr_ue1": [
            7.522201577535118,
            30.047733666569492,
            32.67268566895043,
            13.433376994338646,
            17.448243141261916,
            17.583960955658068,
            11.444242616212655,
            16.381896798077534,
            21.555065280711396,
            24.89078201155765,
            11.41061737657953,
            29.16895020309621,
            18.62522974850354,
            18.241526489595664,
            3.6139749352489887,
            7.56393777351807,
            7.65498543740949,
            1.6216959374814122,
            3.468087595657587,
            9.365967185554641
        ],
        "sinr_ue2": [
            45.96430443405986,
            29.58459356958368,
            25.645363392799936,
            42.32090972716735,
            36.90690134385424,
            21.800750083132584,
            46.48150255971315,
            33.68842709792992,
            33.83306028822102,
            31.775403449179276,
            46.98490657981757,
            29.89195775549829,
            35.839677313387625,
            37.82067058169828,
            52.07850676340364,
            43.09331105417543,
            31.671357111819454,
            55.851563298958126,
            53.538361552248155,
            48.775751110589674
        ],
        "power_bs1": [
            35.59398726986424,
            36.59398726986425,
            37.59398726986425,
            36.59398726986425,
            37.59398726986425,
            40.59398726986424,
            37.59398726986424,
            34.59398726986424,
            37.59398726986424,
            38.59398726986424,
            37.59398726986424,
            38.59398726986424,
            35.59398726986424,
            32.59398726986424,
            31.593987269864243,
            32.59398726986424,
            35.59398726986424,
            32.59398726986424,
            35.59398726986424,
            38.59398726986424
        ],
        "power_bs2": [
            38.71634771401139,
            37.71634771401139,
            34.71634771401139,
            33.71634771401139,
            30.71634771401139,
            33.71634771401139,
            36.71634771401139,
            39.71634771401139,
            42.71634771401139,
            39.71634771401139,
            36.71634771401139,
            39.71634771401139,
            42.71634771401139,
            41.716347714011384,
            38.71634771401139,
            35.71634771401139,
            38.71634771401139,
            41.716347714011384,
            42.71634771401139,
            39.71634771401139
        ]
    }
}