{
    "episode": 3415,
    "seed": 3415,
    "metrics": {
        "sinr_ue1": [
            4.256158296153844,
            20.194319192141087,
            0.3485236862088339,
            20.104986829364545,
            16.38068481706798,
            13.330587153111992,
            19.479020277747004,
            18.83615153390215,
            2.584669215440274,
            13.482440995426906,
            32.79793821974628,
            23.774359265606286,
            27.92308114759054,
            16.605752410896322,
            36.492925481462905,
            16.6455106989982,
            33.81284469386759,
            28.513874854847927,
            17.44589177499563,
            8.63066913251922
        ],
        "sinr_ue2": [
            35.88045368187775,
            21.952720768612203,
            38.923570071455536,
            21.919168764563103,
            21.904950170639307,
            25.883351102240105,
            23.954673047099746,
            42.01432241187739,
            41.64798790200809,
            17.829536114293802,
            11.76348325230477,
            31.341315696914588,
            13.766401556936065,
            16.484437666232935,
            1.7836202437949873,
            26.14522635169297,
            9.724111595874016,
            15.638329419557575,
            24.495449346805486,
            27.77685309070393
        ],
        "power_bs1": [
            39.18674734006187,
            36.18674734006187,
            33.18674734006187,
            34.18674734006187,
            35.18674734006187,
            32.18674734006187,
            35.18674734006187,
            32.18674734006187,
            31.186747340061874,
            32.18674734006187,
            35.18674734006187,
            32.18674734006187,
            33.18674734006187,
            36.18674734006187,
            39.18674734006187,
            36.18674734006187,
            37.18674734006187,
            34.18674734006187,
            35.18674734006187,
            36.18674734006187
        ],
        "power_bs2": [
            45.99030523717982,
            44.990305237179825,
            43.99030523717982,
            42.99030523717982,
            43.99030523717982,
            44.990305237179825,
            45.99030523717982,
            42.99030523717982,
            39.99030523717982,
            36.99030523717982,
            33.99030523717982,
            30.990305237179818,
            33.99030523717982,
            30.990305237179818,
            27.990305237179815,
            30.990305237179818,
            33.99030523717982,
            36.99030523717981,
            39.99030523717982,
            38.99030523717982
        ]
    }
}