{
    "episode": 261,
    "seed": 261,
    "metrics": {
        "sinr_ue1": [
            23.453900603106863,
            42.77624661756025,
            23.455389464120447,
            23.35759466925037,
            47.87358909897894,
            46.777123072586484,
            42.13016239683121,
            43.03342703997106,
            34.366506182824914,
            44.36529161472699,
            42.38369930371452,
            43.324766068132575,
            40.24065050543992,
            35.73772192512509,
            44.22099303629072,
            41.248328042693444,
            45.62528637385323,
            41.29725389366585,
            26.99606427535048,
            23.04202278032721
        ],
        "sinr_ue2": [
            17.173648740759756,
            13.156158059388767,
            32.23194825424034,
            29.80561885476235,
            15.11277389746015,
            15.053679383871417,
            32.58343595942847,
            12.954439014998085,
            26.94803671768068,
            33.01925551088393,
            12.97622860005312,
            29.563890796855365,
            6.822213502827918,
            13.052447862240113,
            17.08819950600037,
            17.162624447518567,
            11.21729909343838,
            13.237035484410502,
            13.271664691320488,
            21.390433354459745
        ],
        "power_bs1": [
            40.97990258668831,
            41.97990258668831,
            38.97990258668831,
            39.97990258668831,
            40.97990258668831,
            37.97990258668831,
            36.97990258668831,
            35.97990258668831,
            34.97990258668831,
            37.97990258668831,
            36.97990258668831,
            35.97990258668831,
            36.97990258668831,
            35.97990258668831,
            34.97990258668831,
            37.97990258668831,
            40.97990258668831,
            37.97990258668831,
            40.979902586688304,
            37.97990258668831
        ],
        "power_bs2": [
            42.02949673718848,
            39.02949673718848,
            40.02949673718848,
            41.029496737188474,
            40.02949673718848,
            37.029496737188474,
            36.029496737188474,
            33.02949673718848,
            34.02949673718848,
            35.02949673718848,
            34.02949673718848,
            33.02949673718848,
            34.02949673718848,
            33.02949673718848,
            36.029496737188474,
            39.02949673718848,
            36.029496737188474,
            35.029496737188474,
            38.02949673718848,
            39.02949673718848
        ]
    }
}