{
    "episode": 4395,
    "seed": 4395,
    "metrics": {
        "sinr_ue1": [
            20.754177776942377,
            13.703411936972731,
            23.557500149909707,
            15.60869668828359,
            2.1726999835851473,
            15.225495889098848,
            0.2732105392637965,
            9.721940542468005,
            5.7285136288633005,
            0.21764215141039678,
            -1.8362465320963286,
            14.951121807952877,
            23.783415887216513,
            18.248488406840288,
            13.705116169185391,
            14.47290681427317,
            18.524095906481726,
            6.232745387093011,
            27.34857615817073,
            8.291110288535092
        ],
        "sinr_ue2": [
            13.88470414679794,
            15.834867227935668,
            13.85246671244124,
            11.897243923071997,
            30.915668197318716,
            19.90076954441236,
            23.746552903086382,
            21.842624876847346,
            23.76235942805168,
            33.85633771596398,
            36.61484336316646,
            17.830217652180462,
            13.8610160515873,
            17.790186791542812,
            24.166620518290717,
            19.8240885020103,
            19.90515982439906,
            17.91369709990907,
            8.361115164419438,
            21.312066573002593
        ],
        "power_bs1": [
            41.785365623683774,
            38.785365623683774,
            37.785365623683774,
            38.785365623683774,
            37.785365623683774,
            36.785365623683774,
            37.785365623683774,
            36.785365623683774,
            33.785365623683774,
            36.785365623683774,
            33.785365623683774,
            32.785365623683774,
            35.78536562368377,
            32.785365623683774,
            35.78536562368377,
            32.785365623683774,
            35.78536562368377,
            38.785365623683774,
            41.785365623683774,
            44.78536562368377
        ],
        "power_bs2": [
            41.72303792989564,
            40.72303792989564,
            37.72303792989564,
            36.72303792989564,
            39.72303792989564,
            42.72303792989564,
            41.72303792989564,
            44.72303792989564,
            43.72303792989564,
            40.72303792989564,
            39.72303792989564,
            36.72303792989564,
            35.72303792989564,
            36.72303792989564,
            39.72303792989564,
            38.72303792989564,
            41.72303792989564,
            42.72303792989564,
            39.72303792989564,
            40.72303792989564
        ]
    }
}