{
    "episode": 3069,
    "seed": 3069,
    "metrics": {
        "sinr_ue1": [
            35.74032878917091,
            39.65296114471431,
            40.67189488482494,
            24.849510773475632,
            41.45704795364725,
            40.779126730486496,
            41.890857724525674,
            24.719515834078592,
            20.54541508509185,
            16.541871055977786,
            35.06372840928134,
            23.008744940263,
            41.46335553402647,
            28.72001414638179,
            36.42177693078413,
            35.13540277307542,
            29.083220365598812,
            42.97286268820953,
            43.05100583158908,
            43.266719056830624
        ],
        "sinr_ue2": [
            16.356988712656854,
            16.268412688502263,
            14.37170571295738,
            32.37467855921664,
            22.3569353678873,
            14.427733899712374,
            16.360538158843426,
            33.372412606928826,
            38.12251064404445,
            42.534153311250584,
            18.43420458997764,
            20.479337991983073,
            14.385839609475752,
            14.294746901166489,
            18.23899232558293,
            16.252810769438472,
            23.29968587090636,
            12.113137594826144,
            12.020640833983613,
            5.952612098370114
        ],
        "power_bs1": [
            39.17145795198301,
            38.171457951983015,
            41.17145795198301,
            42.171457951983015,
            41.17145795198301,
            40.171457951983015,
            37.171457951983015,
            38.17145795198301,
            35.171457951983015,
            34.17145795198301,
            35.171457951983015,
            36.171457951983015,
            39.17145795198301,
            38.17145795198301,
            35.171457951983015,
            36.171457951983015,
            39.17145795198301,
            36.17145795198301,
            39.17145795198301,
            42.171457951983
        ],
        "power_bs2": [
            39.11778908076837,
            38.11778908076837,
            39.11778908076837,
            40.11778908076836,
            37.11778908076837,
            38.11778908076837,
            37.11778908076837,
            36.11778908076837,
            37.11778908076837,
            40.11778908076836,
            37.11778908076837,
            40.11778908076836,
            37.11778908076837,
            36.11778908076837,
            37.11778908076837,
            36.11778908076837,
            33.11778908076837,
            32.11778908076837,
            35.11778908076836,
            32.11778908076837
        ]
    }
}