{
    "episode": 2475,
    "seed": 2475,
    "metrics": {
        "sinr_ue1": [
            35.79987807574944,
            33.71245595638665,
            33.84344752043183,
            44.50559100723473,
            34.18571449544781,
            50.344306956968765,
            34.00610840419208,
            36.293696541169915,
            30.014065088010593,
            34.70551412891674,
            47.781758917811324,
            42.10241520449979,
            33.30366838993334,
            50.676531799092274,
            53.01183187448821,
            34.770869553148984,
            52.06658806198236,
            42.895746436149494,
            30.525402503757245,
            45.48524023972274
        ],
        "sinr_ue2": [
            15.857409362951598,
            23.050818699994092,
            16.266415724403572,
            9.553785485558478,
            11.122800730719725,
            -0.3188691626294996,
            -0.4246221518707222,
            6.914001349297577,
            17.74271042883036,
            5.379642884515896,
            1.4665363201433261,
            25.928232978543775,
            15.179841032867426,
            -0.5126496799519757,
            -0.6237481052651112,
            7.908186824080104,
            4.899404393750613,
            1.2886700198384846,
            11.616518988988405,
            15.503167061671487
        ],
        "power_bs1": [
            37.17737132053757,
            36.17737132053757,
            35.17737132053757,
            32.17737132053757,
            29.177371320537567,
            30.177371320537567,
            33.17737132053757,
            34.17737132053757,
            31.177371320537567,
            32.17737132053757,
            35.17737132053757,
            32.17737132053757,
            35.17737132053757,
            36.17737132053757,
            33.17737132053757,
            36.17737132053756,
            33.17737132053757,
            34.17737132053757,
            31.177371320537564,
            28.177371320537567
        ],
        "power_bs2": [
            35.561668876572924,
            36.56166887657293,
            35.561668876572924,
            32.56166887657293,
            29.561668876572927,
            30.561668876572927,
            33.561668876572924,
            32.56166887657293,
            35.561668876572924,
            38.561668876572924,
            37.56166887657293,
            38.56166887657293,
            35.561668876572924,
            36.56166887657293,
            33.561668876572924,
            34.561668876572924,
            35.561668876572924,
            36.56166887657293,
            33.561668876572924,
            30.561668876572927
        ]
    }
}