{
    "episode": 2798,
    "seed": 2798,
    "metrics": {
        "sinr_ue1": [
            22.646530064424745,
            9.04915656862718,
            5.406531244388151,
            17.62065704509557,
            16.59874263828595,
            1.4150329602194631,
            14.925858927863715,
            3.4286017271692106,
            3.493830303299717,
            1.4389865433022766,
            3.458017966308913,
            25.99636368810244,
            9.34703207770048,
            13.40766165156434,
            13.386267363299776,
            24.368892863093727,
            27.54782081905703,
            18.897158517830167,
            19.277607323304277,
            -2.526398887844942
        ],
        "sinr_ue2": [
            16.225526305406028,
            29.044269044337835,
            33.124422496284545,
            16.205306923079892,
            20.14172072268762,
            19.212760601825817,
            16.141123239141482,
            28.55660606119438,
            29.641983912878178,
            34.89428633983465,
            36.75903444317771,
            16.13340480278729,
            27.539121912921182,
            25.074106523120484,
            24.19130875766029,
            10.163938035674677,
            10.123957209457162,
            14.155271882249314,
            18.16951972977013,
            37.6742098041039
        ],
        "power_bs1": [
            40.553186649175444,
            37.55318664917545,
            40.553186649175444,
            41.553186649175444,
            38.553186649175444,
            39.553186649175444,
            40.553186649175444,
            37.55318664917545,
            38.55318664917545,
            35.553186649175444,
            34.553186649175444,
            37.55318664917545,
            36.55318664917545,
            39.553186649175444,
            38.553186649175444,
            37.553186649175444,
            40.553186649175444,
            39.553186649175444,
            36.553186649175444,
            33.553186649175444
        ],
        "power_bs2": [
            42.780170039937104,
            43.78017003993711,
            40.78017003993711,
            43.78017003993711,
            44.780170039937104,
            43.78017003993711,
            42.780170039937104,
            39.780170039937104,
            40.78017003993711,
            39.780170039937104,
            36.780170039937104,
            35.780170039937104,
            32.780170039937104,
            31.780170039937108,
            30.780170039937108,
            33.780170039937104,
            36.780170039937104,
            39.780170039937104,
            40.780170039937104,
            41.780170039937104
        ]
    }
}