{
    "episode": 1333,
    "seed": 1333,
    "metrics": {
        "sinr_ue1": [
            3.4564924428868036,
            3.486194244568523,
            16.760539635654478,
            13.93988510885718,
            10.56264151989566,
            -0.43388543732887275,
            -0.3620733690597413,
            23.1207067952746,
            24.5494141048882,
            18.199956838110005,
            20.97192902664862,
            15.994860979896373,
            20.747156028136335,
            17.982187730256406,
            -0.2862762396768442,
            5.988536304658486,
            18.017100781211987,
            1.7323634770119813,
            5.675166743167788,
            17.71782080841147
        ],
        "sinr_ue2": [
            31.7177202206355,
            35.66486002067251,
            16.77741785129679,
            27.510195234035216,
            36.12919892112156,
            35.451951072838426,
            20.611373709578196,
            14.659924234458646,
            12.751799264740995,
            14.669504134888545,
            16.534732852793926,
            20.5115749663196,
            24.71072427148886,
            18.603322403986976,
            36.372162136372964,
            37.973432457297505,
            30.52791510456067,
            18.674139242429867,
            23.872073764144464,
            12.662000337770387
        ],
        "power_bs1": [
            32.576905364639124,
            31.576905364639124,
            30.576905364639124,
            29.576905364639124,
            26.57690536463912,
            23.576905364639124,
            26.57690536463912,
            29.576905364639124,
            32.576905364639124,
            29.576905364639124,
            26.57690536463912,
            25.57690536463912,
            28.576905364639124,
            27.57690536463912,
            26.57690536463912,
            27.57690536463912,
            30.57690536463912,
            33.57690536463912,
            36.57690536463912,
            39.57690536463912
        ],
        "power_bs2": [
            37.24446115738387,
            36.24446115738386,
            35.24446115738386,
            34.24446115738386,
            35.24446115738386,
            32.24446115738387,
            35.24446115738386,
            32.24446115738386,
            33.24446115738386,
            32.24446115738386,
            31.244461157383864,
            34.24446115738386,
            31.244461157383864,
            34.24446115738386,
            35.24446115738386,
            38.24446115738386,
            37.24446115738386,
            40.24446115738386,
            39.24446115738386,
            40.24446115738386
        ]
    }
}