{
    "episode": 4555,
    "seed": 4555,
    "metrics": {
        "sinr_ue1": [
            31.373914240438477,
            12.032055790408087,
            18.080201853982608,
            12.050357859593138,
            20.506450844922156,
            5.959063902614593,
            5.980998505230301,
            8.039638141379434,
            7.978564676103507,
            25.76151084614323,
            25.719255081236795,
            7.988924718261295,
            9.928285477142472,
            11.906384375495694,
            29.62331194994338,
            27.254744448966505,
            7.996486999062789,
            9.980234180724182,
            4.0126781745433595,
            17.903824139913688
        ],
        "sinr_ue2": [
            36.731322483778506,
            33.10045559063796,
            37.48576438341903,
            37.66868654076225,
            30.10789056570387,
            43.26275375026752,
            48.640639650180205,
            47.45854818764763,
            49.3889131888795,
            26.161260511737524,
            28.263378015545385,
            37.20528986132049,
            38.899295260899855,
            42.790249900551494,
            24.51152864633233,
            26.46412149453157,
            45.76324674757872,
            44.520431792166676,
            48.05972003886217,
            49.53497192659896
        ],
        "power_bs1": [
            36.46288872387044,
            37.46288872387044,
            40.46288872387044,
            37.462888723870435,
            34.46288872387044,
            31.462888723870435,
            28.46288872387044,
            31.462888723870435,
            30.462888723870435,
            29.46288872387044,
            30.462888723870435,
            31.462888723870435,
            32.462888723870435,
            35.462888723870435,
            32.462888723870435,
            31.462888723870435,
            32.462888723870435,
            31.462888723870435,
            28.46288872387044,
            29.46288872387044
        ],
        "power_bs2": [
            38.948103531738354,
            41.948103531738354,
            38.948103531738354,
            41.948103531738354,
            44.948103531738354,
            41.948103531738354,
            38.948103531738354,
            39.948103531738354,
            38.948103531738354,
            35.948103531738354,
            38.948103531738354,
            39.948103531738354,
            38.948103531738354,
            39.948103531738354,
            36.948103531738354,
            37.948103531738354,
            40.94810353173835,
            37.948103531738354,
            40.94810353173835,
            43.948103531738354
        ]
    }
}