{
    "episode": 3933,
    "seed": 3933,
    "metrics": {
        "sinr_ue1": [
            26.62805070821232,
            11.387683399536353,
            11.495932362019714,
            33.442479698952965,
            9.28180820188361,
            21.128234467287417,
            14.243723482522386,
            16.208924986158877,
            3.2459334212451068,
            20.155991906006356,
            7.435229353546321,
            16.576566155729694,
            5.379929328907869,
            21.260612869402557,
            28.553713089858505,
            32.75267175956602,
            25.973148920590777,
            11.749259507480474,
            1.5595925693953963,
            1.545962631201937
        ],
        "sinr_ue2": [
            29.816476139451574,
            38.14969810988331,
            29.168201794950342,
            14.400373244028955,
            42.983267306020785,
            26.176261018615264,
            48.18027758915324,
            28.24443084179658,
            38.68742501503514,
            22.224799733517322,
            22.165366546253452,
            43.58074860774976,
            41.56330553715337,
            20.173477140905955,
            29.045235306290735,
            18.20783054594542,
            24.136143190700473,
            28.037361839459276,
            44.39090547136907,
            44.73617346842958
        ],
        "power_bs1": [
            39.511865019162975,
            38.51186501916297,
            37.51186501916297,
            40.511865019162975,
            37.51186501916297,
            34.51186501916297,
            33.51186501916297,
            30.51186501916297,
            29.51186501916297,
            30.51186501916297,
            33.51186501916297,
            32.51186501916297,
            33.51186501916297,
            36.51186501916297,
            35.51186501916297,
            36.51186501916297,
            33.51186501916297,
            30.51186501916297,
            29.51186501916297,
            26.511865019162965
        ],
        "power_bs2": [
            41.4557795202571,
            40.455779520257096,
            39.455779520257096,
            38.455779520257096,
            41.455779520257096,
            44.455779520257096,
            43.455779520257096,
            42.455779520257096,
            39.455779520257096,
            36.455779520257096,
            39.455779520257096,
            42.455779520257096,
            41.455779520257096,
            40.455779520257096,
            39.455779520257096,
            38.455779520257096,
            41.455779520257096,
            42.455779520257096,
            41.455779520257096,
            38.455779520257096
        ]
    }
}