{
    "episode": 3497,
    "seed": 3497,
    "metrics": {
        "sinr_ue1": [
            26.91209333127281,
            5.886286846057045,
            14.896974528035969,
            1.8849045469412875,
            3.927499495010769,
            7.946016991072895,
            28.573723774320868,
            27.558423065736925,
            13.825847852508048,
            31.34260644091225,
            41.3758815735858,
            28.871183142484487,
            37.85684515590053,
            17.89184841806789,
            26.650842950462184,
            37.8009238804554,
            35.99655207121409,
            42.9581915094152,
            36.36636098718514,
            21.05755644170561
        ],
        "sinr_ue2": [
            16.741390884941058,
            38.278619522070464,
            22.64912091367775,
            37.59919364261983,
            39.6717332209175,
            39.55702810540443,
            16.706420401731307,
            14.630366827680279,
            31.348159551558958,
            23.877711064635044,
            6.621387889950917,
            6.718609961023602,
            8.700292766463065,
            26.25811235645603,
            12.607172981547807,
            8.58362023994008,
            8.582679435773644,
            6.64019372287414,
            10.658243967075654,
            26.016408940460323
        ],
        "power_bs1": [
            37.399824873798224,
            34.399824873798224,
            31.399824873798224,
            28.399824873798224,
            27.399824873798224,
            28.399824873798224,
            31.399824873798224,
            30.399824873798224,
            27.399824873798224,
            30.399824873798224,
            31.39982487379822,
            34.399824873798224,
            33.399824873798224,
            32.399824873798224,
            31.39982487379822,
            32.399824873798224,
            35.399824873798224,
            38.399824873798224,
            35.399824873798224,
            34.39982487379822
        ],
        "power_bs2": [
            39.20434575100426,
            42.20434575100426,
            39.20434575100426,
            40.204345751004254,
            37.20434575100426,
            34.20434575100426,
            33.20434575100426,
            30.20434575100426,
            27.20434575100426,
            24.20434575100426,
            23.20434575100426,
            26.204345751004258,
            27.20434575100426,
            28.20434575100426,
            29.20434575100426,
            26.204345751004258,
            29.20434575100426,
            30.204345751004258,
            31.204345751004258,
            28.20434575100426
        ]
    }
}