{
    "episode": 3820,
    "seed": 3820,
    "metrics": {
        "sinr_ue1": [
            3.8269311248844144,
            -0.1913026668464218,
            -0.22349942651289317,
            16.438649311566945,
            17.65265718711967,
            -0.24740278022349207,
            14.197035743249518,
            21.62406570562648,
            18.322187506408312,
            19.28881640806304,
            3.723186607466591,
            29.881394238805377,
            3.7170363584900548,
            24.66867874636748,
            8.14544670024983,
            27.114604612396576,
            9.800682896582995,
            30.70831663123753,
            19.701269865854684,
            13.770546979704728
        ],
        "sinr_ue2": [
            45.761664778555804,
            48.487894743703855,
            44.091903947619656,
            43.08713311966905,
            47.25389635749775,
            43.502155838358156,
            29.064844630338765,
            41.07459410921067,
            25.20871738402061,
            21.22788967718062,
            47.61450960604236,
            25.177533495319388,
            45.71360848503086,
            25.367958962191718,
            29.406347751140927,
            25.36842994704742,
            32.97859461207941,
            15.34674356327827,
            29.453204632774977,
            34.21021179567396
        ],
        "power_bs1": [
            28.744238014021114,
            27.744238014021114,
            28.744238014021114,
            31.744238014021118,
            28.744238014021114,
            27.744238014021114,
            26.744238014021114,
            25.744238014021114,
            28.744238014021114,
            29.744238014021114,
            26.744238014021114,
            29.744238014021114,
            30.744238014021114,
            31.744238014021114,
            30.744238014021114,
            31.744238014021114,
            34.744238014021114,
            37.744238014021114,
            38.74423801402111,
            35.744238014021114
        ],
        "power_bs2": [
            37.01967756243712,
            40.01967756243712,
            41.019677562437124,
            42.01967756243712,
            39.019677562437124,
            40.01967756243712,
            37.01967756243712,
            36.01967756243712,
            35.01967756243712,
            32.01967756243712,
            35.01967756243712,
            36.01967756243712,
            39.019677562437124,
            38.01967756243712,
            41.019677562437124,
            38.01967756243712,
            37.01967756243712,
            34.01967756243712,
            31.019677562437117,
            34.01967756243712
        ]
    }
}