{
    "episode": 4206,
    "seed": 4206,
    "metrics": {
        "sinr_ue1": [
            7.105156950281013,
            7.060256735269165,
            11.09765724828627,
            21.979100343953352,
            11.098179416338072,
            30.61741867513549,
            15.168660651908983,
            34.01981437802082,
            25.197216202515417,
            15.160469918288719,
            17.18299302605081,
            36.83134452097396,
            22.996135624871226,
            21.08487724676865,
            23.023047829820875,
            40.02545780496127,
            39.448585072196096,
            37.51770485483854,
            31.26466151694984,
            19.161068207675132
        ],
        "sinr_ue2": [
            43.675442983983785,
            36.08352888362874,
            37.71471633798547,
            20.300858008294036,
            37.11034335330342,
            18.318406554940815,
            34.93891075232113,
            14.338246863905798,
            16.28820400369792,
            29.37465109508565,
            30.402337245850685,
            12.231544136971166,
            29.46659976031117,
            25.82807815226253,
            23.950525214697226,
            8.107013560486234,
            8.0527362476022,
            8.066462142256066,
            10.139724569676398,
            30.44855341848543
        ],
        "power_bs1": [
            34.29039020442773,
            33.29039020442773,
            34.29039020442773,
            35.29039020442773,
            32.29039020442774,
            35.29039020442773,
            34.29039020442773,
            37.29039020442773,
            36.29039020442774,
            33.29039020442773,
            34.29039020442773,
            35.29039020442773,
            36.29039020442774,
            35.29039020442773,
            36.29039020442774,
            33.29039020442773,
            32.29039020442773,
            31.29039020442773,
            32.29039020442773,
            33.29039020442773
        ],
        "power_bs2": [
            43.83839254411161,
            42.83839254411161,
            39.83839254411161,
            40.83839254411161,
            37.83839254411161,
            38.83839254411161,
            35.83839254411161,
            36.83839254411161,
            37.83839254411161,
            34.83839254411161,
            33.83839254411161,
            32.83839254411161,
            29.838392544111613,
            30.838392544111613,
            29.838392544111613,
            26.838392544111613,
            25.838392544111613,
            24.838392544111613,
            27.83839254411161,
            30.838392544111613
        ]
    }
}