{
    "episode": 3191,
    "seed": 3191,
    "metrics": {
        "sinr_ue1": [
            27.912030750090786,
            26.922292397954717,
            12.304383156473172,
            25.103891303467595,
            27.760163140892754,
            8.579860196328609,
            20.59047851816025,
            6.742312429394941,
            25.058859134461365,
            18.47434609047033,
            24.659267351619594,
            10.261906461607666,
            6.750242991486073,
            29.597884224547407,
            6.708964135416852,
            18.703105842490128,
            24.00801195278551,
            10.803789145525853,
            23.056733343723597,
            8.8181047274865
        ],
        "sinr_ue2": [
            3.483621436828158,
            9.007138868954529,
            18.75248235427028,
            5.503915731824458,
            5.4693715915977705,
            22.657974540321018,
            11.485783632145619,
            9.496904462741686,
            9.480967369834824,
            9.529369304326497,
            8.056460739576947,
            21.945906116758533,
            28.557197089594002,
            3.5398514696997987,
            28.57336797381539,
            11.506645843796932,
            7.532341206065024,
            24.777742992242256,
            9.577291155907341,
            25.456877011878852
        ],
        "power_bs1": [
            38.03764977565589,
            41.03764977565589,
            40.03764977565589,
            41.03764977565589,
            42.0376497756559,
            39.03764977565589,
            36.03764977565589,
            39.03764977565589,
            36.03764977565589,
            35.03764977565589,
            36.03764977565589,
            37.03764977565589,
            38.03764977565589,
            41.03764977565589,
            38.03764977565589,
            39.03764977565589,
            42.0376497756559,
            45.03764977565589,
            42.03764977565589,
            43.03764977565589
        ],
        "power_bs2": [
            32.04055377369832,
            31.04055377369832,
            34.04055377369832,
            37.04055377369832,
            38.04055377369832,
            37.04055377369832,
            38.04055377369832,
            39.04055377369832,
            36.04055377369831,
            35.04055377369832,
            36.04055377369831,
            39.04055377369832,
            38.04055377369832,
            35.04055377369831,
            38.04055377369832,
            41.04055377369832,
            40.04055377369831,
            41.04055377369832,
            42.04055377369832,
            41.04055377369832
        ]
    }
}