{
    "episode": 2162,
    "seed": 2162,
    "metrics": {
        "sinr_ue1": [
            64.7942232879332,
            63.56546014690803,
            64.69948406702713,
            65.80045043440195,
            43.31827368167991,
            59.04323123123697,
            59.69639519953599,
            47.093521340691524,
            66.21954178035881,
            52.46409927351082,
            48.839520788418795,
            46.96698383025804,
            49.20965326596843,
            44.04910094904474,
            37.87135975518077,
            23.963114635214783,
            36.801483837993956,
            30.625705493098895,
            30.96630926064599,
            52.3529731667914
        ],
        "sinr_ue2": [
            19.55941530362302,
            34.70056140764176,
            15.350066122211388,
            17.442533516916342,
            41.32477594153734,
            21.303355021484585,
            19.35727573229264,
            26.50233379788341,
            21.224195920935955,
            27.086863039870583,
            32.948060925207415,
            34.80609877684297,
            34.735490829757055,
            38.604932334143264,
            42.582820130328486,
            56.659386952321064,
            52.7160268914595,
            52.626968832176374,
            47.402350375459825,
            30.518696314076536
        ],
        "power_bs1": [
            38.45095699085364,
            37.45095699085364,
            36.45095699085364,
            33.45095699085364,
            32.45095699085364,
            33.45095699085364,
            32.45095699085364,
            31.45095699085364,
            32.45095699085364,
            29.45095699085364,
            26.45095699085364,
            23.45095699085364,
            22.45095699085364,
            21.450956990853637,
            20.450956990853637,
            19.45095699085364,
            18.45095699085364,
            21.450956990853637,
            20.450956990853637,
            21.450956990853637
        ],
        "power_bs2": [
            39.50051335153144,
            36.50051335153143,
            33.50051335153144,
            32.50051335153144,
            35.50051335153143,
            36.50051335153143,
            33.50051335153143,
            32.50051335153144,
            35.50051335153143,
            38.50051335153143,
            41.50051335153143,
            40.50051335153143,
            39.50051335153143,
            42.50051335153144,
            45.50051335153143,
            42.50051335153144,
            41.50051335153143,
            38.50051335153143,
            37.50051335153143,
            34.50051335153143
        ]
    }
}