{
    "episode": 1401,
    "seed": 1401,
    "metrics": {
        "sinr_ue1": [
            25.31939039111203,
            9.248044531905935,
            9.229291790060312,
            28.33526032586219,
            24.913744717058744,
            29.901528814277473,
            30.389610444195434,
            15.164371770217445,
            15.174719882060137,
            15.157300342514446,
            37.52175217421903,
            17.13093899891449,
            23.060722402251237,
            41.46866736319015,
            32.208268374425586,
            36.940948680266835,
            25.05254544971306,
            39.59766345275775,
            19.175575680923597,
            28.299861843752897
        ],
        "sinr_ue2": [
            17.130162289242264,
            28.968657226152025,
            35.65057137300547,
            15.054227977598684,
            15.028348702443061,
            12.99233977983567,
            12.942426564672093,
            19.452882503960616,
            8.927934854252676,
            13.95754955699469,
            5.026188988288064,
            26.79448404471799,
            11.864378600263946,
            0.9881605973709718,
            4.992561606871717,
            2.973808734239196,
            12.891793714082581,
            3.0615625000110858,
            5.039908768307802,
            -0.9093862422881356
        ],
        "power_bs1": [
            34.685537480647014,
            35.685537480647014,
            38.685537480647014,
            37.685537480647014,
            34.685537480647014,
            35.685537480647014,
            34.685537480647014,
            35.685537480647014,
            38.685537480647014,
            41.685537480647014,
            42.685537480647014,
            41.685537480647014,
            44.685537480647014,
            41.685537480647014,
            40.685537480647014,
            41.685537480647014,
            44.685537480647014,
            41.685537480647014,
            42.685537480647014,
            45.685537480647014
        ],
        "power_bs2": [
            41.41117999957301,
            40.41117999957301,
            43.41117999957301,
            42.411179999573,
            39.411179999573,
            38.411179999573,
            37.411179999573,
            34.411179999573,
            37.411179999573,
            40.411179999573,
            37.411179999573,
            38.411179999573,
            35.411179999573,
            32.411179999573,
            35.411179999573,
            34.411179999573,
            33.411179999573,
            34.411179999573,
            37.411179999573,
            34.411179999573
        ]
    }
}