{
    "episode": 1567,
    "seed": 1567,
    "metrics": {
        "sinr_ue1": [
            52.777231379348805,
            55.295779054693845,
            38.44312148211179,
            37.90355292141841,
            30.21232528103919,
            32.01450779293718,
            46.4712501023518,
            56.09261979803147,
            36.02724654935813,
            49.62262641856042,
            50.95801151987136,
            45.33770190952087,
            41.98009873872038,
            44.90830327368979,
            23.608005293681003,
            33.992266872902896,
            41.44567720623205,
            24.008994299180944,
            27.809109812248877,
            27.901181894078423
        ],
        "sinr_ue2": [
            25.933303794901445,
            40.79798197355337,
            29.933013537637407,
            49.671012480043146,
            42.92256255254962,
            53.51525905991396,
            31.71854150862506,
            27.758175021059404,
            31.53681678933785,
            35.738416287016356,
            33.724294577586996,
            39.60987632836915,
            55.358489792185765,
            39.431312533142616,
            50.080846153514045,
            42.952679685576236,
            42.799209561573726,
            55.0815252280293,
            51.396974203379735,
            57.45722232205359
        ],
        "power_bs1": [
            38.65538588023643,
            35.65538588023643,
            34.65538588023642,
            37.65538588023643,
            34.65538588023642,
            33.65538588023642,
            36.65538588023643,
            39.65538588023642,
            38.65538588023642,
            37.65538588023642,
            38.65538588023642,
            35.65538588023643,
            32.65538588023642,
            29.655385880236427,
            28.655385880236427,
            25.655385880236427,
            24.655385880236427,
            25.655385880236427,
            26.65538588023643,
            29.655385880236427
        ],
        "power_bs2": [
            32.67379887647695,
            33.67379887647695,
            32.67379887647695,
            35.67379887647695,
            36.67379887647695,
            37.67379887647695,
            36.67379887647695,
            35.67379887647695,
            38.67379887647695,
            41.673798876476944,
            40.67379887647695,
            43.673798876476944,
            40.67379887647695,
            37.67379887647695,
            40.67379887647695,
            37.67379887647695,
            36.67379887647695,
            37.67379887647695,
            34.673798876476944,
            37.673798876476944
        ]
    }
}