{
    "episode": 4265,
    "seed": 4265,
    "metrics": {
        "sinr_ue1": [
            -2.116505623611789,
            3.9170603113661686,
            1.80361664972363,
            7.740729512494111,
            17.652643603142945,
            22.83818094587041,
            5.61596280630437,
            24.228834202608674,
            5.668937892247339,
            9.595350881532434,
            29.669970248461905,
            5.566497451121161,
            23.506720020833626,
            7.8310950142125835,
            7.762175501595065,
            23.66561411756166,
            7.874411115523786,
            7.996473972341062,
            20.287132432504865,
            8.259738906884198
        ],
        "sinr_ue2": [
            21.438175375602448,
            17.20485951093464,
            26.505293299206297,
            23.038959386119615,
            3.7566629148746995,
            5.758579505535547,
            22.774909220481845,
            12.570282936515273,
            29.4593774868649,
            24.905952154087807,
            9.763865454047561,
            25.60169450309782,
            5.709121067016746,
            21.50386293778972,
            25.88643296298672,
            5.591952539523353,
            21.753151085807147,
            25.90944433790007,
            5.312868642948867,
            23.800631685116628
        ],
        "power_bs1": [
            36.590969014869124,
            39.59096901486912,
            40.59096901486912,
            43.59096901486912,
            42.590969014869124,
            41.59096901486912,
            40.59096901486912,
            43.59096901486912,
            40.59096901486912,
            41.59096901486912,
            40.59096901486912,
            37.59096901486912,
            38.59096901486912,
            37.59096901486912,
            34.59096901486912,
            35.59096901486912,
            32.59096901486912,
            29.59096901486912,
            28.590969014869117,
            29.59096901486912
        ],
        "power_bs2": [
            38.8298501483487,
            35.8298501483487,
            38.8298501483487,
            35.8298501483487,
            32.8298501483487,
            33.8298501483487,
            34.8298501483487,
            33.8298501483487,
            34.8298501483487,
            31.829850148348694,
            30.829850148348697,
            31.829850148348694,
            30.829850148348697,
            29.829850148348697,
            26.829850148348694,
            27.829850148348694,
            24.829850148348697,
            21.829850148348694,
            20.82985014834869,
            21.829850148348694
        ]
    }
}