{
    "episode": 3303,
    "seed": 3303,
    "metrics": {
        "sinr_ue1": [
            40.172466931049094,
            19.321088004056847,
            17.392768600087713,
            21.560275227089946,
            40.477010516393776,
            25.339209477961028,
            19.315939539979276,
            21.456284220146404,
            19.628937257867676,
            32.40354522216809,
            39.1339612709581,
            40.97134301297391,
            36.96563504188981,
            32.67399100612685,
            15.752718160486296,
            30.53455142766463,
            10.033038763783464,
            3.8910698510205286,
            13.576476129162717,
            19.77785583476091
        ],
        "sinr_ue2": [
            11.868256998936097,
            11.931849016671276,
            31.452462064847786,
            29.63464324705958,
            9.937577437459096,
            24.86570254829588,
            22.131249108081683,
            24.855031103245704,
            19.107240665989774,
            27.334777178806455,
            11.799684581156669,
            11.730981735354739,
            11.579838382389578,
            17.357760321353055,
            32.080281985971084,
            19.559232216869763,
            39.804735058810905,
            44.99056070649888,
            46.32913815299676,
            23.473192584156827
        ],
        "power_bs1": [
            34.836141676567856,
            37.836141676567856,
            36.836141676567856,
            37.836141676567856,
            38.836141676567856,
            39.836141676567856,
            36.836141676567856,
            37.836141676567856,
            36.836141676567856,
            35.83614167656785,
            36.836141676567856,
            33.836141676567856,
            30.836141676567852,
            27.836141676567856,
            30.836141676567852,
            29.836141676567856,
            26.836141676567852,
            23.83614167656785,
            24.836141676567852,
            27.836141676567856
        ],
        "power_bs2": [
            36.05874808355756,
            39.05874808355756,
            40.05874808355756,
            37.05874808355756,
            38.05874808355756,
            35.05874808355756,
            38.05874808355756,
            37.05874808355756,
            38.05874808355756,
            41.05874808355756,
            38.05874808355756,
            35.05874808355756,
            32.05874808355756,
            35.05874808355756,
            36.05874808355756,
            39.05874808355756,
            38.05874808355756,
            41.05874808355756,
            42.05874808355756,
            41.05874808355756
        ]
    }
}