{
    "episode": 2122,
    "seed": 2122,
    "metrics": {
        "sinr_ue1": [
            17.236074838955833,
            38.50007469232434,
            19.25264540287281,
            35.803621709034495,
            19.230407342671786,
            30.95870556209252,
            31.309211307971836,
            32.21814415685193,
            15.261548549632078,
            40.19188666264249,
            15.242817891972344,
            25.054429823206583,
            29.211972767673938,
            15.356371122110748,
            24.84264548117408,
            30.54696450576042,
            32.9770898848775,
            34.914993185198256,
            15.150332260836654,
            22.21413469076193
        ],
        "sinr_ue2": [
            25.492285400363578,
            5.68572384787588,
            7.656636373006213,
            5.630878148710056,
            21.710139744351174,
            22.29273311607825,
            24.32933877300301,
            27.144869723808416,
            17.0227829531319,
            5.591393654234647,
            28.272172689455083,
            36.73565997724359,
            15.563286076226536,
            27.449931777758604,
            26.21906747938077,
            7.615340065573999,
            11.6439828086689,
            13.605893400191157,
            19.57632022276716,
            19.527765432970913
        ],
        "power_bs1": [
            39.686731754553946,
            42.686731754553946,
            43.68673175455395,
            44.686731754553946,
            41.68673175455395,
            38.686731754553946,
            35.68673175455395,
            32.686731754553946,
            35.68673175455395,
            38.686731754553946,
            35.686731754553946,
            32.686731754553946,
            35.686731754553946,
            38.686731754553946,
            39.686731754553946,
            42.686731754553946,
            41.68673175455395,
            40.686731754553946,
            37.686731754553946,
            34.686731754553946
        ],
        "power_bs2": [
            35.67497227329351,
            34.67497227329351,
            37.67497227329351,
            36.674972273293506,
            35.67497227329351,
            32.67497227329351,
            33.67497227329351,
            30.674972273293513,
            33.67497227329351,
            30.674972273293513,
            33.67497227329351,
            36.674972273293506,
            37.67497227329351,
            36.674972273293506,
            35.67497227329351,
            36.674972273293506,
            39.67497227329351,
            40.67497227329351,
            43.67497227329351,
            40.67497227329351
        ]
    }
}