{
    "episode": 2975,
    "seed": 2975,
    "metrics": {
        "sinr_ue1": [
            33.77345363444289,
            35.70286242391874,
            57.257678961695945,
            31.773780895217854,
            48.84987229285051,
            48.41758891560545,
            33.58020925506587,
            36.31932251496665,
            51.58853791405545,
            29.437603793227435,
            33.49324516068079,
            33.73861089859669,
            30.015712852283677,
            43.01913279263346,
            28.15665703670347,
            56.37067847084176,
            47.276461483573435,
            48.889561121787125,
            46.337594656607244,
            29.651940739196043
        ],
        "sinr_ue2": [
            24.69310054289693,
            30.826276315214294,
            14.807469535294404,
            34.55330519463501,
            18.740716830249852,
            18.714534356224735,
            21.213250930021424,
            20.717406418449798,
            18.656479343718974,
            34.880332440930566,
            35.207757966158084,
            30.782112876397903,
            21.249557988137422,
            41.660267381883784,
            40.30800012565333,
            16.664747630954352,
            16.68411745785648,
            18.727523981885806,
            18.669845593700643,
            38.40066826742834
        ],
        "power_bs1": [
            41.82464776025475,
            40.82464776025475,
            37.82464776025475,
            36.82464776025475,
            35.82464776025475,
            38.82464776025475,
            39.82464776025475,
            38.82464776025475,
            41.82464776025475,
            40.82464776025475,
            43.82464776025475,
            40.82464776025475,
            37.82464776025475,
            36.82464776025475,
            39.82464776025475,
            42.82464776025475,
            39.82464776025475,
            36.82464776025475,
            37.82464776025475,
            36.82464776025475
        ],
        "power_bs2": [
            38.79530008194078,
            35.79530008194078,
            32.79530008194078,
            35.79530008194078,
            34.79530008194078,
            37.79530008194078,
            36.79530008194078,
            39.79530008194078,
            40.79530008194078,
            41.79530008194078,
            40.79530008194078,
            37.79530008194078,
            38.79530008194078,
            39.79530008194078,
            42.79530008194078,
            39.79530008194078,
            36.79530008194078,
            35.79530008194078,
            36.79530008194078,
            37.79530008194078
        ]
    }
}