{
    "episode": 2964,
    "seed": 2964,
    "metrics": {
        "sinr_ue1": [
            19.567150309573442,
            19.57252521920944,
            21.518484593878554,
            31.831757996401898,
            15.652936127073575,
            29.61705297513219,
            11.655347340855926,
            27.92739073437421,
            34.74926206659171,
            34.77916406161015,
            28.449004583518768,
            24.34140157658867,
            33.55324109536089,
            33.33185345615849,
            27.974773943988257,
            17.744087721049333,
            32.76169878947691,
            28.39390908273564,
            15.810602123905182,
            23.0533277342149
        ],
        "sinr_ue2": [
            16.156734458779344,
            14.584128718332373,
            15.39194778420898,
            4.822476482860817,
            13.269584196031756,
            10.804961376099333,
            23.213920581334225,
            6.822176748489046,
            12.56545557495405,
            4.877402657112536,
            27.48837868349895,
            6.92292095627034,
            2.9343995703200805,
            4.9731314547268255,
            14.589396507373776,
            3.0575989972375166,
            5.026017087028089,
            21.41485065729555,
            5.035827008952944,
            10.99399302207373
        ],
        "power_bs1": [
            44.118388057503694,
            41.118388057503694,
            40.11838805750369,
            37.11838805750369,
            36.118388057503694,
            33.11838805750369,
            32.11838805750369,
            33.11838805750369,
            34.118388057503694,
            33.11838805750369,
            34.118388057503694,
            35.118388057503694,
            36.118388057503694,
            37.118388057503694,
            38.118388057503694,
            41.118388057503694,
            42.11838805750369,
            39.118388057503694,
            42.11838805750369,
            39.118388057503694
        ],
        "power_bs2": [
            32.45982413789139,
            29.45982413789139,
            26.45982413789139,
            29.45982413789139,
            28.45982413789139,
            31.45982413789139,
            28.45982413789139,
            27.45982413789139,
            24.45982413789139,
            25.45982413789139,
            26.45982413789139,
            29.45982413789139,
            26.459824137891385,
            29.45982413789139,
            28.45982413789139,
            31.459824137891385,
            34.45982413789139,
            31.459824137891385,
            34.45982413789139,
            37.45982413789139
        ]
    }
}