{
    "episode": 1778,
    "seed": 1778,
    "metrics": {
        "sinr_ue1": [
            4.779534333316067,
            2.803568986287466,
            15.730478393613762,
            31.99071754391806,
            24.094180469953468,
            24.849299576172594,
            22.653337265449448,
            14.703079553435042,
            39.93928623309841,
            16.65212072856653,
            14.69019236867313,
            28.481295061621587,
            18.678033123784008,
            22.67741677521618,
            20.64704541990654,
            23.457470498124316,
            36.66967537538152,
            18.6693865745228,
            28.047768683531572,
            16.617311799148183
        ],
        "sinr_ue2": [
            37.40757410559392,
            41.11959109840757,
            18.47261090099334,
            14.474415881867962,
            14.43554297400933,
            18.381348325638285,
            14.39925817400229,
            26.96078282314702,
            25.67900800480793,
            22.0434334968221,
            32.19735921120686,
            27.865641720917075,
            24.784377166017116,
            15.509730484634671,
            15.811418118779839,
            27.340395298890222,
            6.4152305444666125,
            23.351398087220613,
            8.35138980914314,
            24.493222098003148
        ],
        "power_bs1": [
            35.74990185060915,
            34.74990185060915,
            35.74990185060915,
            38.74990185060915,
            37.74990185060914,
            34.74990185060915,
            37.74990185060914,
            40.74990185060915,
            43.74990185060915,
            40.74990185060915,
            37.74990185060914,
            40.74990185060915,
            41.74990185060914,
            44.74990185060914,
            43.74990185060915,
            40.74990185060915,
            43.74990185060915,
            44.74990185060914,
            41.74990185060914,
            40.74990185060915
        ],
        "power_bs2": [
            43.90322897676793,
            44.90322897676792,
            41.90322897676793,
            40.90322897676792,
            39.90322897676792,
            40.90322897676792,
            39.90322897676792,
            38.90322897676792,
            35.90322897676793,
            36.90322897676793,
            35.90322897676793,
            38.90322897676792,
            35.90322897676793,
            34.90322897676792,
            35.90322897676793,
            38.90322897676792,
            37.90322897676792,
            38.90322897676792,
            37.90322897676792,
            36.90322897676793
        ]
    }
}