{
    "episode": 4373,
    "seed": 4373,
    "metrics": {
        "sinr_ue1": [
            39.08009715086839,
            39.84961232923881,
            24.344006693692517,
            38.241783334969845,
            22.44612272361145,
            24.511030888482974,
            26.392074472679322,
            24.302468768627694,
            39.51796119360107,
            20.331694526048572,
            22.373573456467636,
            18.418917463954504,
            33.68286307996195,
            37.9526696350287,
            30.7567304870766,
            23.808895889466406,
            10.43690588533375,
            22.683974943777898,
            29.822042250448316,
            18.198980827615166
        ],
        "sinr_ue2": [
            21.590813280263788,
            19.56082616736169,
            38.03152866460365,
            15.52721729366347,
            34.55653636857964,
            32.84594294539785,
            33.51050475974275,
            31.79638075852237,
            21.351090004900666,
            32.67893429757583,
            36.27432120123289,
            41.78436481516086,
            29.098929842983416,
            23.049651390795688,
            24.87356862227766,
            28.69342649690012,
            44.4253707045365,
            26.234387228523374,
            22.41543250393535,
            42.70877662299151
        ],
        "power_bs1": [
            35.63621773091328,
            36.63621773091328,
            37.63621773091328,
            38.63621773091328,
            35.63621773091328,
            34.63621773091327,
            33.63621773091328,
            30.636217730913277,
            29.636217730913277,
            26.63621773091328,
            27.63621773091328,
            26.63621773091328,
            25.636217730913277,
            24.636217730913277,
            23.636217730913277,
            22.63621773091328,
            19.636217730913277,
            20.636217730913277,
            21.63621773091328,
            22.63621773091328
        ],
        "power_bs2": [
            38.46745188807014,
            37.46745188807014,
            36.467451888070144,
            35.467451888070144,
            36.467451888070144,
            33.46745188807014,
            30.46745188807014,
            29.46745188807014,
            32.46745188807014,
            29.46745188807014,
            28.467451888070137,
            31.467451888070137,
            30.467451888070137,
            29.46745188807014,
            30.467451888070137,
            33.46745188807014,
            32.46745188807014,
            29.46745188807014,
            26.467451888070137,
            27.467451888070137
        ]
    }
}