{
    "episode": 305,
    "seed": 305,
    "metrics": {
        "sinr_ue1": [
            38.03187382873401,
            20.651894989668598,
            33.82344591573913,
            28.53939741488791,
            16.610333013424285,
            37.728080299434865,
            22.619403837890353,
            20.678191145858776,
            34.49270123610444,
            26.323216722308533,
            41.244380862608445,
            22.358516819454533,
            40.42087657248301,
            43.11962828107926,
            24.184767695092777,
            20.510817831664934,
            18.69293593801742,
            16.76883718505756,
            27.254522800095895,
            20.75998980303538
        ],
        "sinr_ue2": [
            11.237173640856401,
            30.959765515852034,
            11.219717193642136,
            13.182105398885671,
            25.23767375861306,
            7.109205535013496,
            22.46850278196216,
            25.368830011656975,
            8.82289898207964,
            16.251099141058997,
            26.58690929822818,
            28.07053290432448,
            6.777911076519819,
            4.8158080673606225,
            22.49580313994416,
            24.272653004029443,
            27.14652642805752,
            29.001385430445417,
            18.817166005046406,
            23.433270774172918
        ],
        "power_bs1": [
            40.7412982964053,
            41.74129829640529,
            38.7412982964053,
            37.7412982964053,
            36.7412982964053,
            39.7412982964053,
            42.7412982964053,
            41.74129829640529,
            38.7412982964053,
            41.74129829640529,
            38.7412982964053,
            37.7412982964053,
            38.7412982964053,
            39.7412982964053,
            38.7412982964053,
            37.7412982964053,
            38.7412982964053,
            39.7412982964053,
            38.7412982964053,
            41.74129829640529
        ],
        "power_bs2": [
            34.5804163205014,
            33.5804163205014,
            32.5804163205014,
            33.5804163205014,
            32.5804163205014,
            29.5804163205014,
            32.5804163205014,
            33.5804163205014,
            30.5804163205014,
            27.580416320501403,
            30.5804163205014,
            27.580416320501403,
            28.5804163205014,
            27.580416320501403,
            26.5804163205014,
            29.5804163205014,
            32.5804163205014,
            35.5804163205014,
            32.5804163205014,
            33.5804163205014
        ]
    }
}