{
    "episode": 4904,
    "seed": 4904,
    "metrics": {
        "sinr_ue1": [
            38.3238807840528,
            28.971566076716407,
            24.953599105857485,
            24.907423759771472,
            32.371883551258705,
            26.88568541203795,
            40.602449324326344,
            32.341344093471655,
            31.29099240806469,
            39.12958564171123,
            17.0785493588147,
            15.063253971508644,
            37.58139244650237,
            19.074158778183058,
            36.6271280786311,
            18.958212936287158,
            18.947914309368205,
            18.917107969243272,
            26.517400939335193,
            12.974344678572727
        ],
        "sinr_ue2": [
            17.000058192628394,
            25.76991753294715,
            28.21598313164452,
            29.40423709958661,
            28.469615042737075,
            27.226642308732266,
            24.465802216756014,
            22.551321904920897,
            29.46700960099963,
            15.958466470962493,
            19.79816284618469,
            43.032690944841505,
            17.885197118125564,
            40.54380919842315,
            15.900945950218691,
            25.540354322615503,
            35.39456588556112,
            30.044033252245956,
            17.58871738789286,
            38.77016758056624
        ],
        "power_bs1": [
            42.37446665504191,
            45.37446665504191,
            42.3744666550419,
            39.3744666550419,
            42.3744666550419,
            39.3744666550419,
            36.3744666550419,
            39.3744666550419,
            36.3744666550419,
            33.3744666550419,
            32.3744666550419,
            31.3744666550419,
            34.3744666550419,
            37.3744666550419,
            36.3744666550419,
            35.3744666550419,
            38.3744666550419,
            35.3744666550419,
            34.3744666550419,
            31.374466655041896
        ],
        "power_bs2": [
            36.439973545156505,
            33.439973545156505,
            34.439973545156505,
            31.439973545156505,
            32.439973545156505,
            29.439973545156505,
            26.439973545156505,
            23.439973545156505,
            26.439973545156505,
            29.439973545156505,
            32.439973545156505,
            33.439973545156505,
            32.439973545156505,
            35.439973545156505,
            32.439973545156505,
            33.439973545156505,
            36.439973545156505,
            33.439973545156505,
            32.439973545156505,
            35.439973545156505
        ]
    }
}