{
    "episode": 3370,
    "seed": 3370,
    "metrics": {
        "sinr_ue1": [
            20.038919956486367,
            28.066405079272187,
            33.34995323502857,
            38.834099153883706,
            35.975688170188505,
            35.71348979981262,
            13.745375652100638,
            30.263614759912187,
            21.150201645271807,
            11.712957286564352,
            11.660569089568947,
            24.238152349257707,
            13.58768756467356,
            15.641861489376755,
            19.656497362216157,
            33.22088420619852,
            17.501263062707434,
            33.429998778458994,
            19.267541276279225,
            32.107688572786564
        ],
        "sinr_ue2": [
            28.713002656476874,
            42.363476509927594,
            28.665793240715168,
            28.400444976702985,
            26.33739421854768,
            25.88144896490563,
            47.51281736425731,
            29.425762508087743,
            34.41125414873949,
            49.87497829430397,
            33.77043882394834,
            40.5864232463409,
            48.35590348306226,
            43.444062789709264,
            42.14826886187993,
            25.224079647810797,
            37.898395808001176,
            23.152881268774642,
            37.89487435150195,
            24.6232251653722
        ],
        "power_bs1": [
            34.25737143726784,
            31.257371437267842,
            28.25737143726784,
            25.257371437267842,
            24.257371437267842,
            21.25737143726784,
            18.25737143726784,
            19.257371437267842,
            16.25737143726784,
            17.25737143726784,
            16.25737143726784,
            15.257371437267839,
            18.25737143726784,
            21.25737143726784,
            22.25737143726784,
            19.257371437267842,
            18.25737143726784,
            19.257371437267842,
            16.25737143726784,
            13.257371437267839
        ],
        "power_bs2": [
            38.25291029798029,
            39.25291029798029,
            36.25291029798029,
            33.25291029798029,
            30.252910297980293,
            27.252910297980293,
            28.25291029798029,
            29.25291029798029,
            32.25291029798029,
            29.25291029798029,
            28.25291029798029,
            25.252910297980293,
            28.25291029798029,
            29.25291029798029,
            26.252910297980293,
            25.252910297980293,
            24.25291029798029,
            23.25291029798029,
            20.252910297980293,
            21.252910297980286
        ]
    }
}