{
    "episode": 752,
    "seed": 752,
    "metrics": {
        "sinr_ue1": [
            18.258222403519383,
            23.138752351000594,
            18.970304159118403,
            12.505189443490519,
            11.936605246976216,
            1.2303476447826698,
            18.964584839608182,
            19.46411358682513,
            5.312943484236204,
            7.153496704130919,
            9.13803132972,
            9.137042530635707,
            19.572124938868807,
            9.05133131250789,
            19.526065522610196,
            1.3082585021761757,
            15.918471252278046,
            18.926096604212916,
            21.15913504783724,
            22.273888915677347
        ],
        "sinr_ue2": [
            12.412538893081459,
            8.411767822122524,
            12.362784248563205,
            28.82160956377104,
            16.351265648980434,
            24.103978094886216,
            10.37674077479034,
            6.417564371842694,
            21.242320359972172,
            8.420705827309352,
            20.83732063938452,
            23.786551591489523,
            20.341135906523547,
            8.415882070312637,
            10.445822877544064,
            28.795278657040324,
            21.783969841664433,
            14.289466471492954,
            12.452767428066808,
            8.409565242376445
        ],
        "power_bs1": [
            37.92665852728164,
            38.92665852728164,
            37.92665852728164,
            36.92665852728164,
            35.92665852728164,
            38.92665852728164,
            39.92665852728164,
            40.92665852728164,
            41.92665852728163,
            42.92665852728164,
            43.92665852728164,
            44.926658527281646,
            41.92665852728163,
            40.92665852728164,
            39.92665852728164,
            38.92665852728164,
            39.92665852728164,
            42.92665852728164,
            39.92665852728164,
            40.92665852728164
        ],
        "power_bs2": [
            38.64100415080372,
            35.641004150803724,
            38.64100415080372,
            39.641004150803724,
            40.641004150803724,
            39.641004150803724,
            38.64100415080372,
            35.641004150803724,
            38.64100415080372,
            39.641004150803724,
            36.641004150803724,
            37.64100415080372,
            36.641004150803724,
            37.641004150803724,
            38.64100415080372,
            39.641004150803724,
            38.64100415080372,
            41.641004150803724,
            40.641004150803724,
            37.641004150803724
        ]
    }
}