{
    "episode": 870,
    "seed": 870,
    "metrics": {
        "sinr_ue1": [
            16.294606727299094,
            24.976204412598868,
            27.77454524954694,
            26.71473778151414,
            31.40444154545207,
            18.237415375037656,
            18.414497761828063,
            14.500475817635195,
            16.604836094296985,
            29.809678081435944,
            8.347249137360858,
            25.56600567206846,
            10.451527069053583,
            14.268587177197174,
            32.127971806556765,
            34.43948641441655,
            12.653997236083566,
            12.544680360008986,
            31.8033151527396,
            16.48865013699339
        ],
        "sinr_ue2": [
            33.0382059725772,
            10.950429344280888,
            16.950756890891515,
            18.903178622081363,
            14.964562254004365,
            28.197241248106305,
            30.276432009977363,
            29.511344351485835,
            12.941516068995147,
            16.984003355839544,
            35.96872752200171,
            18.99751299079959,
            18.971060460798135,
            33.323706283228944,
            16.911960666276467,
            20.574198727480567,
            34.889712202155366,
            30.717450033839995,
            11.006807551980074,
            31.023629463121644
        ],
        "power_bs1": [
            41.895791778450146,
            42.895791778450146,
            39.895791778450146,
            38.895791778450146,
            39.895791778450146,
            40.895791778450146,
            37.895791778450146,
            36.895791778450146,
            39.895791778450146,
            36.895791778450146,
            35.895791778450146,
            34.895791778450146,
            37.895791778450146,
            40.895791778450146,
            41.895791778450146,
            42.89579177845014,
            39.895791778450146,
            36.895791778450146,
            39.895791778450146,
            40.89579177845014
        ],
        "power_bs2": [
            38.63207268658342,
            37.63207268658342,
            40.63207268658342,
            41.63207268658341,
            38.63207268658342,
            35.63207268658341,
            32.63207268658342,
            35.63207268658341,
            36.63207268658341,
            37.63207268658342,
            40.63207268658341,
            37.63207268658342,
            40.63207268658341,
            39.63207268658341,
            42.63207268658341,
            39.63207268658341,
            40.63207268658341,
            37.63207268658341,
            34.63207268658341,
            37.63207268658341
        ]
    }
}