{
    "episode": 2763,
    "seed": 2763,
    "metrics": {
        "sinr_ue1": [
            17.446803281267634,
            14.612458571011802,
            -1.5171841897965253,
            13.15271900716402,
            4.517277688880786,
            23.299690248056848,
            6.4392438368257015,
            16.5028904174285,
            26.61303979234059,
            3.1817595463356145,
            21.332632056880296,
            14.291393137346965,
            22.384139041528137,
            8.240017011762356,
            8.391186179920494,
            18.881494292737944,
            4.510376170590432,
            22.036660168763543,
            24.587284353820774,
            15.410431465334316
        ],
        "sinr_ue2": [
            16.580151719224652,
            20.58071926613822,
            41.57484034522477,
            20.60245996020671,
            30.401359922815306,
            12.617093233185404,
            12.649483055891917,
            14.652026101413224,
            10.607195541005458,
            34.10598124977205,
            12.527879830863784,
            12.562224161096896,
            10.606488347925996,
            25.189031449046688,
            10.616521887553482,
            16.569840049082615,
            34.93708134640056,
            14.493052680462048,
            12.479877731399062,
            10.526141097066454
        ],
        "power_bs1": [
            39.66476374766644,
            38.66476374766645,
            37.66476374766645,
            38.66476374766645,
            41.66476374766645,
            40.66476374766645,
            43.66476374766645,
            44.66476374766644,
            45.66476374766645,
            42.66476374766644,
            43.66476374766645,
            42.66476374766644,
            41.66476374766645,
            40.66476374766645,
            43.66476374766645,
            40.66476374766644,
            43.66476374766645,
            44.66476374766644,
            45.66476374766645,
            44.66476374766644
        ],
        "power_bs2": [
            39.44108454033496,
            42.441084540334955,
            41.44108454033496,
            42.441084540334955,
            39.441084540334955,
            36.441084540334955,
            39.441084540334955,
            42.441084540334955,
            39.441084540334955,
            42.441084540334955,
            39.441084540334955,
            38.441084540334955,
            35.441084540334955,
            34.441084540334955,
            37.441084540334955,
            40.441084540334955,
            41.441084540334955,
            42.441084540334955,
            41.441084540334955,
            38.441084540334955
        ]
    }
}