{
    "episode": 2944,
    "seed": 2944,
    "metrics": {
        "sinr_ue1": [
            -2.5857471196971242,
            19.46332260488725,
            -2.6470991739512466,
            9.713016483049682,
            15.808212336083486,
            1.4593835508692885,
            1.4262721338328344,
            1.3719198359842357,
            18.59520396515379,
            7.3219992763103985,
            24.201350721999777,
            3.34669207387356,
            3.383253174000813,
            20.793030181522067,
            7.371143384100806,
            9.298669751200435,
            11.259329879413105,
            17.333355219107013,
            19.636992408003533,
            23.134213039286983
        ],
        "sinr_ue2": [
            46.334500925516416,
            24.83872159344971,
            48.45964370738618,
            37.58750562115064,
            25.005636335824043,
            23.155441468970963,
            44.085081650524664,
            43.52966403300997,
            38.39514780135155,
            30.085113802633487,
            19.500368609448756,
            32.76060220368542,
            32.585491141301574,
            28.501769836677845,
            34.44812436868722,
            24.786544784478014,
            38.570815890621006,
            44.74187958547317,
            19.93353857182974,
            34.90113555365066
        ],
        "power_bs1": [
            34.008520048221975,
            35.00852004822198,
            32.008520048221975,
            35.00852004822198,
            32.008520048221975,
            35.00852004822198,
            32.008520048221975,
            31.008520048221975,
            32.008520048221975,
            35.00852004822198,
            34.008520048221975,
            31.008520048221975,
            28.008520048221975,
            31.008520048221975,
            32.008520048221975,
            31.008520048221975,
            28.008520048221975,
            27.008520048221975,
            28.008520048221975,
            29.00852004822198
        ],
        "power_bs2": [
            41.67058386244213,
            40.67058386244213,
            39.67058386244213,
            40.67058386244213,
            37.67058386244213,
            38.67058386244213,
            35.67058386244213,
            34.67058386244213,
            33.67058386244213,
            32.67058386244213,
            33.67058386244213,
            32.67058386244213,
            29.67058386244213,
            30.67058386244213,
            29.67058386244213,
            26.67058386244213,
            29.67058386244213,
            30.67058386244213,
            27.67058386244213,
            24.67058386244213
        ]
    }
}