{
    "episode": 3962,
    "seed": 3962,
    "metrics": {
        "sinr_ue1": [
            47.37155116850457,
            29.9763742070332,
            43.209806273327786,
            43.966434703338976,
            40.01855876371417,
            24.314264216120126,
            24.51828192038411,
            35.11981899202523,
            24.911510765082397,
            49.423693373081306,
            31.079002420486248,
            29.05177828730677,
            32.26947884549438,
            24.94993739402809,
            20.874150788920993,
            26.672100612903847,
            45.66068821646502,
            26.45950786942132,
            33.8180045168695,
            22.092300546283226
        ],
        "sinr_ue2": [
            7.030195013274118,
            7.076110775123897,
            11.080584028348405,
            11.118821571754287,
            25.741700435859606,
            28.718747338101704,
            13.200586113523876,
            11.197831130011338,
            31.973119666237984,
            7.195482467914189,
            23.533465479579654,
            29.59438616176918,
            13.072924533197874,
            28.131725249121846,
            32.53939233863933,
            26.744601406444435,
            11.018028590287036,
            30.11409242975094,
            16.985756928790707,
            33.21231623715911
        ],
        "power_bs1": [
            39.38294135378582,
            42.38294135378582,
            39.38294135378582,
            38.38294135378582,
            39.38294135378582,
            36.38294135378581,
            39.38294135378582,
            38.38294135378582,
            35.38294135378581,
            38.38294135378582,
            41.38294135378581,
            38.38294135378582,
            35.38294135378581,
            34.38294135378581,
            31.382941353785814,
            34.38294135378581,
            37.38294135378582,
            36.38294135378581,
            33.38294135378581,
            36.38294135378581
        ],
        "power_bs2": [
            33.456786245267615,
            36.456786245267615,
            37.456786245267615,
            36.456786245267615,
            39.45678624526762,
            36.456786245267615,
            39.45678624526762,
            36.456786245267615,
            35.45678624526762,
            32.456786245267615,
            35.456786245267615,
            34.45678624526762,
            35.456786245267615,
            34.45678624526762,
            35.456786245267615,
            32.456786245267615,
            35.456786245267615,
            34.45678624526762,
            37.456786245267615,
            38.456786245267615
        ]
    }
}