{
    "episode": 1343,
    "seed": 1343,
    "metrics": {
        "sinr_ue1": [
            26.545884270107855,
            36.780973978291655,
            17.87433476542133,
            38.50305838643322,
            15.847856455303349,
            36.53881173343522,
            21.72773691808844,
            29.318471099905885,
            19.708793152814373,
            19.74494366127003,
            36.310177028962826,
            19.781660646129854,
            40.06846609149771,
            32.00928571934888,
            30.439958209459732,
            20.2789625259833,
            21.27041783515759,
            3.7242404739984583,
            7.72172493802866,
            16.987368432825892
        ],
        "sinr_ue2": [
            17.739641125589035,
            13.70334431484482,
            31.34730519594782,
            13.702355389442392,
            34.98724598828689,
            25.847192270742365,
            22.3585616786694,
            17.810226499330966,
            30.9309389275294,
            26.682908982746607,
            15.901934819848481,
            31.723458630722703,
            13.848296336685149,
            17.881959288066025,
            21.857602281422757,
            37.34991741028906,
            27.91016121260327,
            48.76646661658904,
            44.47223820522276,
            26.066267424676287
        ],
        "power_bs1": [
            34.58812717460449,
            35.58812717460449,
            36.58812717460449,
            37.58812717460449,
            36.58812717460449,
            37.58812717460449,
            40.58812717460449,
            37.58812717460449,
            38.58812717460449,
            35.58812717460449,
            34.58812717460449,
            37.58812717460449,
            40.58812717460449,
            37.58812717460449,
            34.58812717460448,
            35.58812717460449,
            32.58812717460449,
            31.588127174604487,
            32.58812717460449,
            29.588127174604484
        ],
        "power_bs2": [
            35.829665533303704,
            32.8296655333037,
            35.829665533303704,
            34.829665533303704,
            37.8296655333037,
            36.8296655333037,
            35.8296655333037,
            38.829665533303704,
            35.8296655333037,
            32.8296655333037,
            33.829665533303704,
            34.829665533303704,
            37.8296655333037,
            38.829665533303704,
            39.829665533303704,
            42.8296655333037,
            43.8296655333037,
            44.829665533303704,
            41.829665533303704,
            38.829665533303704
        ]
    }
}