{
    "episode": 2191,
    "seed": 2191,
    "metrics": {
        "sinr_ue1": [
            18.947179674139964,
            36.68440351349192,
            29.257647889484993,
            15.597213953158992,
            30.591968285982972,
            25.52564298073012,
            30.698142128252233,
            31.114146799113875,
            29.13739398610698,
            15.733216363848332,
            13.7808699253561,
            13.788151353852147,
            30.399668425834875,
            18.88415785902125,
            21.914344473887795,
            13.691879404278444,
            25.283498660987274,
            30.792085891921445,
            13.68954251467364,
            19.610315565616517
        ],
        "sinr_ue2": [
            4.3183775927006,
            8.346105236620181,
            -0.842326784086278,
            25.846439020535964,
            4.448039763370791,
            22.1265304586472,
            24.77227389436072,
            8.546992780086011,
            8.583242216683368,
            22.36805975130968,
            24.988268378939175,
            27.987388723605044,
            8.720670655468371,
            10.660089396721176,
            14.650580765827819,
            23.40108470753371,
            14.635386645572716,
            8.649369249204144,
            17.47655885765372,
            22.532621085709724
        ],
        "power_bs1": [
            42.61175624596767,
            39.61175624596767,
            40.61175624596767,
            41.61175624596766,
            40.61175624596767,
            41.61175624596767,
            38.61175624596767,
            41.61175624596766,
            40.61175624596767,
            39.61175624596767,
            36.61175624596767,
            33.61175624596767,
            32.61175624596766,
            31.61175624596767,
            28.611756245967666,
            31.61175624596767,
            28.611756245967666,
            31.611756245967662,
            34.61175624596767,
            37.61175624596766
        ],
        "power_bs2": [
            39.27498731672331,
            40.27498731672331,
            41.27498731672332,
            40.27498731672331,
            37.27498731672331,
            38.27498731672331,
            39.27498731672331,
            42.27498731672331,
            41.27498731672332,
            38.27498731672331,
            37.27498731672331,
            34.27498731672331,
            33.27498731672331,
            34.27498731672331,
            35.27498731672332,
            32.27498731672331,
            35.27498731672331,
            32.27498731672331,
            35.27498731672331,
            32.27498731672331
        ]
    }
}