{
    "episode": 756,
    "seed": 756,
    "metrics": {
        "sinr_ue1": [
            41.69335061569342,
            25.68021740579489,
            19.671103551000858,
            17.623021518046635,
            35.17127804193636,
            32.265554694028566,
            37.02477406364187,
            31.707040918309275,
            11.636601816269867,
            33.38783077694571,
            29.338732262728712,
            17.53362640266029,
            17.334117211201022,
            29.62467156433254,
            35.06212328717525,
            33.35559947296214,
            22.9132111507284,
            26.138998317509376,
            26.63949279026089,
            33.66131984909161
        ],
        "sinr_ue2": [
            6.711940727761406,
            12.353638322653037,
            14.814969044373429,
            23.260375194652426,
            10.620444612742293,
            10.6391796630475,
            6.621979883112341,
            1.6702406283029028,
            26.35223728784102,
            14.491263722388421,
            10.502988004193469,
            31.442775890345537,
            22.965001704517086,
            12.192635001871388,
            10.127589171570584,
            27.46652466534382,
            22.404229742427614,
            10.902021888672596,
            2.271002462818805,
            23.991450888634517
        ],
        "power_bs1": [
            41.119761814812634,
            44.119761814812634,
            41.119761814812634,
            38.11976181481263,
            37.11976181481263,
            36.11976181481263,
            37.11976181481263,
            34.119761814812634,
            31.119761814812627,
            32.11976181481263,
            33.11976181481263,
            32.11976181481263,
            29.11976181481263,
            28.11976181481263,
            27.119761814812627,
            28.11976181481263,
            31.119761814812627,
            32.11976181481263,
            29.11976181481263,
            26.119761814812627
        ],
        "power_bs2": [
            35.094479658687156,
            34.094479658687156,
            37.09447965868716,
            36.09447965868716,
            35.094479658687156,
            34.094479658687156,
            31.09447965868716,
            34.094479658687156,
            35.094479658687156,
            34.094479658687156,
            31.09447965868716,
            30.09447965868716,
            27.09447965868716,
            28.094479658687156,
            25.09447965868716,
            24.094479658687156,
            23.094479658687156,
            20.09447965868716,
            19.094479658687156,
            22.094479658687156
        ]
    }
}