{
    "episode": 1507,
    "seed": 1507,
    "metrics": {
        "sinr_ue1": [
            24.205190323594206,
            18.59820568278416,
            23.080583949172805,
            27.36625891020083,
            14.583367030904181,
            18.656246386078152,
            31.02229962398812,
            18.88643217519331,
            8.427949777194836,
            19.351216832300942,
            27.24033033846965,
            25.778657964269748,
            29.040303795538644,
            12.646409743549023,
            12.550662072491631,
            31.022799811868342,
            14.596413725238616,
            12.702313087449435,
            8.806300673311405,
            31.300396791291245
        ],
        "sinr_ue2": [
            16.780115170957796,
            16.79178018087276,
            16.82652733140335,
            12.875549845596314,
            20.59234102825694,
            18.1446995423555,
            14.085230895248625,
            10.839927747237887,
            31.635038895329227,
            32.013194425659826,
            10.801611765197132,
            12.826674299643512,
            8.821925598589708,
            8.8298850711406,
            29.45928489122766,
            6.893788500841657,
            21.464593038251042,
            26.706624241945217,
            25.37468770989468,
            8.858729187755877
        ],
        "power_bs1": [
            37.633383156925206,
            34.6333831569252,
            33.633383156925206,
            34.6333831569252,
            37.633383156925206,
            38.633383156925206,
            35.6333831569252,
            32.633383156925206,
            33.6333831569252,
            32.633383156925206,
            33.6333831569252,
            32.633383156925206,
            33.6333831569252,
            36.6333831569252,
            35.6333831569252,
            38.6333831569252,
            37.633383156925206,
            34.6333831569252,
            31.6333831569252,
            32.6333831569252
        ],
        "power_bs2": [
            43.99257466350163,
            40.99257466350163,
            39.99257466350163,
            36.99257466350162,
            33.99257466350163,
            30.99257466350162,
            33.99257466350163,
            32.99257466350162,
            35.99257466350162,
            36.99257466350162,
            33.99257466350162,
            34.99257466350162,
            31.99257466350162,
            34.99257466350162,
            33.99257466350162,
            34.99257466350162,
            33.99257466350162,
            32.99257466350162,
            33.99257466350162,
            30.99257466350162
        ]
    }
}