{
    "episode": 3475,
    "seed": 3475,
    "metrics": {
        "sinr_ue1": [
            32.92132080085571,
            32.538724973896564,
            20.797349641012932,
            20.612982214702534,
            28.606729582901863,
            18.637500378909465,
            22.387611174363645,
            33.61825759267716,
            16.653036553826993,
            30.35167569463494,
            26.59509238014744,
            27.570381686025662,
            14.846862667110262,
            12.842136787262852,
            10.900098463065838,
            24.35041669357704,
            12.529088038261998,
            14.729798849404725,
            16.578138614068866,
            16.733702765667683
        ],
        "sinr_ue2": [
            13.120202949336267,
            15.042243876621328,
            28.48341125453796,
            26.58668827300997,
            15.026525230662436,
            30.057066711458162,
            9.108153220298336,
            9.006104904054288,
            12.999221842361683,
            33.222246435629884,
            24.97801573691165,
            19.36925074055236,
            15.046901768231194,
            33.04192248877443,
            33.69209769250995,
            20.917822716868784,
            20.92112814221254,
            30.077666041798174,
            31.337344169722737,
            13.093407738375264
        ],
        "power_bs1": [
            39.13929890801136,
            36.13929890801136,
            39.13929890801136,
            36.13929890801136,
            33.139298908011355,
            34.13929890801136,
            35.13929890801136,
            32.139298908011355,
            31.139298908011355,
            30.139298908011362,
            27.13929890801136,
            30.139298908011362,
            33.139298908011355,
            32.139298908011355,
            33.139298908011355,
            30.139298908011362,
            29.13929890801136,
            32.139298908011355,
            31.139298908011355,
            34.139298908011355
        ],
        "power_bs2": [
            35.11280113066351,
            34.11280113066351,
            31.112801130663513,
            28.11280113066351,
            31.112801130663513,
            28.11280113066351,
            25.112801130663513,
            24.11280113066351,
            27.112801130663513,
            28.11280113066351,
            27.112801130663513,
            28.11280113066351,
            31.112801130663513,
            32.11280113066351,
            35.11280113066351,
            34.11280113066351,
            33.11280113066351,
            30.112801130663513,
            27.112801130663513,
            30.112801130663513
        ]
    }
}