{
    "episode": 554,
    "seed": 554,
    "metrics": {
        "sinr_ue1": [
            7.589100119794995,
            32.50942110250474,
            27.09400953324539,
            7.610106052966966,
            25.853979796771668,
            11.568050795788194,
            7.68230076069345,
            24.982619515359698,
            21.759221889390222,
            7.398543693019931,
            27.186257869371676,
            9.368618696294863,
            27.338155807420804,
            11.511781755427982,
            27.15023857055551,
            27.894338708573322,
            31.51222609444739,
            29.550063103576143,
            32.18571711085707,
            21.13539847124512
        ],
        "sinr_ue2": [
            53.50249806406205,
            46.88193229712188,
            44.34418961748685,
            54.79448774959959,
            32.05009116724695,
            46.159706588157206,
            47.00989836987124,
            36.194281138812975,
            34.301243197058575,
            54.22980518021606,
            35.91023318481231,
            48.22657445967251,
            48.28029648334252,
            46.20825426713553,
            30.17123370413012,
            36.15697185112862,
            30.409622378985706,
            44.44091716582431,
            26.002303424784575,
            44.039510748323146
        ],
        "power_bs1": [
            32.013357153977665,
            35.013357153977665,
            38.013357153977665,
            35.013357153977665,
            38.013357153977665,
            39.013357153977665,
            36.013357153977665,
            33.013357153977665,
            32.013357153977665,
            29.013357153977665,
            26.013357153977665,
            29.013357153977665,
            26.013357153977665,
            27.013357153977665,
            28.013357153977662,
            25.013357153977665,
            28.013357153977662,
            29.013357153977665,
            26.013357153977665,
            27.013357153977665
        ],
        "power_bs2": [
            35.72856098809102,
            32.72856098809101,
            35.72856098809102,
            38.72856098809101,
            39.72856098809102,
            38.72856098809101,
            39.72856098809102,
            38.72856098809101,
            35.72856098809102,
            32.72856098809101,
            31.72856098809101,
            30.728560988091015,
            27.72856098809101,
            26.72856098809101,
            27.72856098809101,
            30.728560988091015,
            27.72856098809101,
            24.728560988091015,
            21.72856098809101,
            24.728560988091015
        ]
    }
}