{
    "episode": 518,
    "seed": 518,
    "metrics": {
        "sinr_ue1": [
            15.351894489626698,
            -2.773446729081963,
            3.132440114379788,
            18.939337693336903,
            19.457475931306927,
            0.9080354244602882,
            -1.0871814253129006,
            6.170999845711908,
            9.54271298262761,
            18.830742702593582,
            21.60389059139161,
            18.188264037793022,
            0.8918470737473196,
            0.8336155673673173,
            21.63976660548712,
            21.52519695945058,
            2.9582388322960522,
            2.1659715925225362,
            17.15650511872969,
            8.150942103152193
        ],
        "sinr_ue2": [
            27.801556007705088,
            42.14992461404034,
            35.50897211372887,
            17.96821043301858,
            19.96896669206515,
            29.397900095368406,
            39.429417469827,
            22.073662323050666,
            31.623135544024237,
            20.10227245652411,
            18.14491980262555,
            20.186085116540614,
            36.46033546975764,
            20.150420164387512,
            18.18904110988277,
            18.174609612058482,
            39.26164077727756,
            37.302986746525775,
            20.196205659877062,
            18.165603192745845
        ],
        "power_bs1": [
            29.80041377785122,
            32.80041377785122,
            35.80041377785122,
            38.80041377785122,
            35.80041377785122,
            38.80041377785122,
            37.80041377785122,
            36.80041377785122,
            35.80041377785122,
            36.80041377785122,
            37.80041377785122,
            38.80041377785122,
            37.80041377785122,
            40.80041377785122,
            39.80041377785122,
            38.80041377785122,
            37.80041377785122,
            36.80041377785122,
            39.80041377785122,
            38.80041377785122
        ],
        "power_bs2": [
            42.8476286886083,
            41.8476286886083,
            38.84762868860831,
            41.8476286886083,
            40.847628688608296,
            43.84762868860831,
            44.8476286886083,
            43.84762868860831,
            40.847628688608296,
            41.8476286886083,
            40.847628688608296,
            43.84762868860831,
            42.8476286886083,
            45.84762868860831,
            42.8476286886083,
            41.8476286886083,
            40.847628688608296,
            41.8476286886083,
            44.8476286886083,
            41.8476286886083
        ]
    }
}