{
    "episode": 2338,
    "seed": 2338,
    "metrics": {
        "sinr_ue1": [
            64.02812429256917,
            75.6332354364084,
            84.46662371754445,
            77.62969505946376,
            60.78021485796892,
            62.50033578965221,
            76.01614867617157,
            65.32636384626123,
            69.2321142697253,
            65.90520644406205,
            71.35440347259203,
            67.6431464758877,
            66.93936585261713,
            70.65483477131083,
            65.94945134287391,
            69.5892701846225,
            50.86250624185625,
            47.0536091487765,
            68.60377906503874,
            47.83777424922655
        ],
        "sinr_ue2": [
            21.879394765257043,
            1.5236954340857745,
            8.609867952028967,
            7.524317486421386,
            26.632674205339946,
            20.76416637331013,
            9.474377301233766,
            15.448759993031933,
            15.392256235561788,
            19.3474627531292,
            13.384375856943906,
            11.34272798095542,
            15.36648556909933,
            11.437683893768238,
            13.376569248017695,
            22.152083968357452,
            30.199065727214496,
            38.622176586330994,
            19.27437799656361,
            32.849660412134575
        ],
        "power_bs1": [
            40.081191718398344,
            41.08119171839835,
            44.08119171839835,
            41.08119171839835,
            38.08119171839835,
            41.08119171839835,
            38.08119171839835,
            35.081191718398344,
            36.081191718398344,
            33.08119171839835,
            36.081191718398344,
            35.081191718398344,
            34.081191718398344,
            37.081191718398344,
            36.081191718398344,
            39.081191718398344,
            40.081191718398344,
            39.081191718398344,
            40.081191718398344,
            41.081191718398344
        ],
        "power_bs2": [
            27.306908375776416,
            24.306908375776416,
            27.306908375776416,
            30.306908375776416,
            27.306908375776416,
            28.306908375776416,
            29.306908375776416,
            32.306908375776416,
            33.306908375776416,
            34.306908375776416,
            31.306908375776416,
            28.306908375776416,
            31.306908375776416,
            30.306908375776413,
            31.306908375776416,
            34.306908375776416,
            37.306908375776416,
            40.306908375776416,
            41.306908375776416,
            42.30690837577641
        ]
    }
}