{
    "episode": 848,
    "seed": 848,
    "metrics": {
        "sinr_ue1": [
            6.51694472117121,
            12.532415422384801,
            14.747760250376325,
            29.451231622322084,
            12.50272246244454,
            32.20912131104858,
            18.372212449280617,
            30.56474324739441,
            18.403467747377952,
            28.587366266344848,
            28.514525288870733,
            22.357406864004055,
            31.50658414060407,
            29.662740517717474,
            12.439972020164422,
            12.420456637750876,
            22.94341165653886,
            10.375488405874744,
            24.40879027475554,
            6.438614015944042
        ],
        "sinr_ue2": [
            42.65016642989905,
            29.35732523572908,
            43.034786596764576,
            17.32709509363849,
            34.65750248540024,
            24.575719545666296,
            20.654869450511598,
            21.575811473282084,
            27.85940502863385,
            13.293637070856652,
            11.252344476039628,
            22.0941939977129,
            7.21671467320178,
            11.203852412528894,
            31.652952148233776,
            15.205918198960383,
            15.201995182228295,
            31.60685653509184,
            19.17920251731264,
            35.87858186899752
        ],
        "power_bs1": [
            33.15787372321892,
            36.15787372321891,
            33.15787372321892,
            34.15787372321892,
            35.15787372321892,
            32.15787372321892,
            35.15787372321891,
            38.15787372321892,
            41.15787372321891,
            38.15787372321892,
            37.15787372321892,
            40.15787372321892,
            39.15787372321891,
            38.15787372321891,
            35.15787372321891,
            38.15787372321891,
            39.15787372321891,
            38.15787372321891,
            37.15787372321892,
            34.15787372321891
        ],
        "power_bs2": [
            42.42300180041181,
            39.42300180041181,
            42.42300180041181,
            39.42300180041181,
            38.42300180041181,
            35.42300180041181,
            32.42300180041181,
            35.423001800411804,
            38.42300180041181,
            39.42300180041181,
            36.42300180041181,
            33.42300180041181,
            34.423001800411804,
            37.42300180041181,
            38.42300180041181,
            41.42300180041181,
            42.423001800411804,
            43.42300180041181,
            44.423001800411804,
            43.42300180041181
        ]
    }
}