{
    "episode": 4187,
    "seed": 4187,
    "metrics": {
        "sinr_ue1": [
            43.34571027122501,
            24.153917825038253,
            24.11123662569798,
            40.60955004547261,
            20.07749380685364,
            18.153412121746747,
            16.11245691928014,
            28.244824168814056,
            31.456571978664257,
            27.8212445236731,
            16.695222258618763,
            23.991386538676807,
            14.321309634886564,
            12.239748385903749,
            24.48988843056822,
            10.348997152360326,
            22.069370847385752,
            8.185636277376462,
            31.252411398768235,
            12.072859113488905
        ],
        "sinr_ue2": [
            -1.0986642486241767,
            23.764829564541078,
            2.86837428676669,
            2.845607881644219,
            23.11314636983711,
            19.19358244318436,
            26.899158006716544,
            14.840888126804705,
            12.75896819730425,
            12.677819076128072,
            12.761456744101116,
            14.799097698563399,
            23.118267473331656,
            23.386716916012492,
            14.801384723604414,
            32.81758882177499,
            22.754797907398387,
            36.94393158930022,
            14.84754429987717,
            31.942093705919863
        ],
        "power_bs1": [
            42.57768939759022,
            39.57768939759022,
            42.57768939759022,
            39.57768939759022,
            36.57768939759022,
            33.57768939759022,
            34.57768939759022,
            33.57768939759022,
            32.57768939759022,
            31.57768939759022,
            32.57768939759022,
            29.57768939759022,
            32.57768939759022,
            29.57768939759022,
            26.577689397590216,
            27.577689397590216,
            24.57768939759022,
            25.57768939759022,
            28.57768939759022,
            27.577689397590216
        ],
        "power_bs2": [
            33.11351301012945,
            34.11351301012945,
            37.11351301012945,
            34.113513010129445,
            35.113513010129445,
            34.11351301012945,
            37.11351301012945,
            40.113513010129445,
            37.11351301012945,
            36.113513010129445,
            37.11351301012945,
            36.113513010129445,
            37.11351301012945,
            36.113513010129445,
            33.113513010129445,
            36.113513010129445,
            39.113513010129445,
            36.113513010129445,
            35.113513010129445,
            34.113513010129445
        ]
    }
}