{
    "episode": 4224,
    "seed": 4224,
    "metrics": {
        "sinr_ue1": [
            23.292918649777945,
            19.037241749431878,
            13.53031745323938,
            25.151488579759075,
            28.032802258724345,
            19.00143036604271,
            24.851259183354635,
            3.493724868105923,
            7.534941231496033,
            16.336586245797275,
            15.15586235754914,
            17.44924090539144,
            31.646255200034776,
            23.39058308780587,
            30.202458881872033,
            5.652873267802519,
            9.712536834625457,
            27.479187059192537,
            18.171388445998396,
            26.36189045722851
        ],
        "sinr_ue2": [
            10.283856951057897,
            12.235682235857864,
            24.89451800890999,
            12.273126890857382,
            27.930326388531576,
            14.248410636167767,
            10.24787930865757,
            32.388409391055774,
            29.415136908427677,
            28.465543305934034,
            12.28534582961382,
            14.277864600106433,
            8.332433895530762,
            3.1777542237264305,
            12.365495191535558,
            25.642374641193918,
            26.60261484618629,
            10.390677988380705,
            10.416578538629487,
            10.441699620719323
        ],
        "power_bs1": [
            42.90647501482134,
            39.90647501482134,
            42.90647501482134,
            39.90647501482134,
            40.90647501482134,
            37.90647501482133,
            40.90647501482134,
            37.90647501482133,
            40.90647501482134,
            39.90647501482133,
            36.90647501482133,
            37.90647501482133,
            40.90647501482134,
            41.90647501482133,
            40.90647501482134,
            41.90647501482133,
            44.90647501482133,
            45.90647501482134,
            42.90647501482133,
            45.90647501482134
        ],
        "power_bs2": [
            39.89119828789475,
            38.891198287894746,
            35.891198287894746,
            38.891198287894746,
            39.891198287894746,
            38.891198287894746,
            37.891198287894746,
            40.891198287894746,
            39.891198287894746,
            36.891198287894746,
            35.891198287894746,
            38.891198287894746,
            35.891198287894746,
            38.891198287894746,
            39.891198287894746,
            42.891198287894746,
            41.89119828789474,
            42.891198287894746,
            39.891198287894746,
            42.891198287894746
        ]
    }
}