{
    "episode": 1314,
    "seed": 1314,
    "metrics": {
        "sinr_ue1": [
            9.11465157653484,
            18.483532643863132,
            9.117072330557788,
            21.134296091092036,
            23.743235887217008,
            7.062071582501671,
            20.585839601757723,
            30.796559554217442,
            4.999923198747505,
            16.81286229376289,
            8.997493881708508,
            25.986215567247566,
            24.86090298996684,
            12.964838701439373,
            14.960093822492201,
            13.021488640406751,
            11.023914309371651,
            10.997415817123402,
            7.002395673359896,
            8.968778926241738
        ],
        "sinr_ue2": [
            39.902060739431946,
            25.260241288223675,
            25.410655909126735,
            36.35369667896541,
            25.342574933401632,
            27.469532613785464,
            27.313582315805938,
            23.347340183275364,
            47.445981779386635,
            34.25954854673949,
            41.39024761348152,
            25.29889070386188,
            25.366716187933246,
            37.1197335693678,
            34.77338957579741,
            37.65018393935159,
            39.465696476214845,
            39.263705560139044,
            43.19371586705073,
            44.48235928151337
        ],
        "power_bs1": [
            38.65638905044664,
            35.65638905044664,
            38.65638905044664,
            39.65638905044664,
            36.65638905044664,
            37.65638905044664,
            34.65638905044664,
            35.65638905044664,
            32.65638905044664,
            33.65638905044664,
            36.65638905044664,
            39.65638905044664,
            36.65638905044664,
            37.65638905044664,
            38.656389050446634,
            39.65638905044664,
            38.656389050446634,
            35.65638905044664,
            34.65638905044664,
            35.65638905044664
        ],
        "power_bs2": [
            43.02516860452685,
            40.025168604526854,
            43.02516860452685,
            42.025168604526854,
            41.02516860452685,
            44.025168604526854,
            41.02516860452685,
            38.02516860452685,
            41.02516860452685,
            42.025168604526854,
            41.02516860452685,
            44.025168604526854,
            41.02516860452685,
            38.02516860452685,
            37.02516860452685,
            40.025168604526854,
            41.02516860452685,
            38.02516860452685,
            41.02516860452685,
            40.025168604526854
        ]
    }
}