{
    "episode": 2563,
    "seed": 2563,
    "metrics": {
        "sinr_ue1": [
            23.544202290448084,
            23.44268110879033,
            40.50639655798392,
            42.59569142608257,
            29.48840976174377,
            44.779981877143776,
            46.86145632839795,
            49.18527056871346,
            36.2672257468594,
            29.9482849219965,
            25.7796326542959,
            50.20281758437807,
            27.49155034338535,
            27.343212399200834,
            51.33235414421026,
            29.57705010479979,
            50.8173802173191,
            35.2151452265065,
            51.43017573337099,
            47.32989198015676
        ],
        "sinr_ue2": [
            28.843106930782696,
            46.41123150720774,
            10.699941818315164,
            21.706452166574884,
            37.86699512783092,
            19.67554730482584,
            15.826813065467862,
            17.69830484288405,
            15.542514279925143,
            40.53111643480324,
            41.819848893170914,
            21.80612807784716,
            37.541935447299025,
            43.33704258476595,
            18.13317478162456,
            39.721120731784815,
            14.419260624125606,
            27.614764912990992,
            16.540032394669645,
            12.438524177965334
        ],
        "power_bs1": [
            38.8696387888749,
            35.869638788874894,
            36.8696387888749,
            37.8696387888749,
            38.8696387888749,
            35.869638788874894,
            36.8696387888749,
            37.8696387888749,
            36.8696387888749,
            33.8696387888749,
            32.8696387888749,
            31.869638788874898,
            32.8696387888749,
            31.869638788874898,
            32.8696387888749,
            31.869638788874898,
            34.8696387888749,
            31.869638788874898,
            32.8696387888749,
            33.8696387888749
        ],
        "power_bs2": [
            41.14626126873284,
            38.14626126873284,
            39.14626126873284,
            36.14626126873284,
            35.14626126873284,
            32.14626126873284,
            29.14626126873284,
            32.146261268732836,
            29.14626126873284,
            30.146261268732843,
            33.14626126873284,
            30.146261268732836,
            31.146261268732836,
            30.146261268732836,
            27.14626126873284,
            28.14626126873284,
            25.146261268732843,
            22.14626126873284,
            25.146261268732843,
            22.14626126873284
        ]
    }
}