{
    "episode": 4144,
    "seed": 4144,
    "metrics": {
        "sinr_ue1": [
            31.11698293558328,
            12.349643421225583,
            16.367979551011448,
            16.350764400505764,
            21.354716778920935,
            27.02813537758543,
            21.001399294734846,
            13.978175450056472,
            11.306932633243207,
            20.247179490959603,
            0.39178883345549387,
            25.505936162859687,
            8.311702215187674,
            4.364220866759336,
            22.917903781035296,
            30.13569982058739,
            25.933002264319324,
            6.326900112337555,
            6.326848284158445,
            6.402524092319992
        ],
        "sinr_ue2": [
            7.448655585910294,
            28.61830647992205,
            19.673801840361755,
            26.37292554921494,
            20.430695128175227,
            13.447881305887188,
            17.454096695590323,
            41.12023675711785,
            21.369999657691885,
            21.31369414317547,
            21.38970080628191,
            17.485147260638772,
            34.64698936177024,
            35.84150144677661,
            15.540355778608177,
            9.547337337403196,
            13.516200320004135,
            30.63774163507538,
            34.61122721504948,
            31.9195601214051
        ],
        "power_bs1": [
            36.5204532818252,
            33.520453281825205,
            34.520453281825205,
            33.520453281825205,
            30.520453281825198,
            31.5204532818252,
            28.5204532818252,
            25.520453281825198,
            24.520453281825198,
            25.520453281825198,
            28.5204532818252,
            31.5204532818252,
            28.520453281825198,
            29.520453281825198,
            28.520453281825198,
            31.5204532818252,
            30.520453281825198,
            27.520453281825198,
            24.520453281825198,
            27.520453281825198
        ],
        "power_bs2": [
            37.478746527831014,
            36.478746527831014,
            33.478746527831014,
            32.478746527831014,
            35.478746527831014,
            38.478746527831014,
            39.478746527831014,
            42.47874652783102,
            39.478746527831014,
            40.478746527831014,
            43.478746527831014,
            42.47874652783102,
            43.478746527831014,
            40.478746527831014,
            37.478746527831014,
            34.478746527831014,
            37.478746527831014,
            36.478746527831014,
            33.478746527831014,
            36.478746527831014
        ]
    }
}