{
    "episode": 1606,
    "seed": 1606,
    "metrics": {
        "sinr_ue1": [
            13.875904317176875,
            25.735895346483257,
            15.896860880252577,
            13.938229664034019,
            11.92913035916235,
            33.39555012935109,
            15.9073266347607,
            30.953485374336314,
            23.535228679656534,
            22.644024628221718,
            7.902983082839487,
            7.892112861480798,
            9.866396138285017,
            15.008194870721091,
            13.87772214922676,
            9.908965461703488,
            21.799607987333424,
            11.896303699914764,
            13.918778960420251,
            13.881389498964403
        ],
        "sinr_ue2": [
            23.9967150013064,
            7.4827754800522275,
            22.877609804352296,
            26.590683273466297,
            29.003365534310994,
            7.293952698452811,
            15.665016099624422,
            9.27816810229748,
            9.367110074119394,
            13.269640148622807,
            32.52052540522944,
            30.684634986188193,
            26.793802300503696,
            28.57826915481958,
            26.34747309914681,
            31.3630352626714,
            19.138701367853244,
            27.246822773222227,
            21.557372318771893,
            23.35658667230643
        ],
        "power_bs1": [
            40.77013421273402,
            39.77013421273402,
            42.77013421273402,
            43.77013421273402,
            40.77013421273402,
            41.770134212734014,
            42.77013421273402,
            39.77013421273402,
            36.77013421273402,
            33.77013421273402,
            36.770134212734014,
            39.77013421273402,
            40.77013421273402,
            43.77013421273402,
            44.770134212734014,
            41.770134212734014,
            42.77013421273402,
            43.77013421273402,
            44.770134212734014,
            41.770134212734014
        ],
        "power_bs2": [
            37.667047738133114,
            36.667047738133114,
            37.667047738133114,
            40.66704773813312,
            39.667047738133114,
            38.667047738133114,
            37.667047738133114,
            38.667047738133114,
            35.667047738133114,
            36.667047738133114,
            39.667047738133114,
            42.66704773813311,
            41.667047738133114,
            44.667047738133114,
            41.667047738133114,
            42.66704773813311,
            39.667047738133114,
            42.66704773813311,
            41.667047738133114,
            38.667047738133114
        ]
    }
}