{
    "episode": 195,
    "seed": 195,
    "metrics": {
        "sinr_ue1": [
            38.157109731830985,
            55.332818034315,
            57.209973241885706,
            56.0953564015168,
            57.4254583389169,
            39.827955527758384,
            59.61669029571733,
            63.33660110000814,
            41.880563312144915,
            61.47555883963129,
            61.68525068349561,
            53.42411697010638,
            32.14227704908376,
            32.07012410377656,
            45.012053799822816,
            41.38974982706933,
            37.53372749052945,
            21.68266791861949,
            34.73580925104801,
            27.537646703943672
        ],
        "sinr_ue2": [
            26.602687523138712,
            21.24986469361703,
            10.000815401276943,
            10.033391979365662,
            9.994742472860626,
            7.974902924514062,
            3.93867857355516,
            5.931564593979139,
            19.027856793098902,
            5.90732104292435,
            5.952287320968381,
            9.946976055961747,
            32.23109885906688,
            28.691526318698326,
            19.906534120648978,
            21.7875708162126,
            27.528631204042156,
            43.64982752232944,
            30.660996183818654,
            29.27472243751252
        ],
        "power_bs1": [
            43.587340328126196,
            42.58734032812619,
            41.58734032812619,
            42.58734032812619,
            41.58734032812619,
            44.58734032812619,
            45.58734032812619,
            42.58734032812619,
            39.58734032812619,
            36.58734032812619,
            37.58734032812619,
            34.58734032812619,
            31.58734032812619,
            32.58734032812619,
            31.58734032812619,
            28.58734032812619,
            25.58734032812619,
            24.58734032812619,
            21.58734032812619,
            24.587340328126185
        ],
        "power_bs2": [
            38.16086416173932,
            35.16086416173932,
            36.16086416173932,
            37.16086416173932,
            36.16086416173932,
            37.16086416173932,
            34.16086416173932,
            33.16086416173932,
            30.16086416173932,
            27.160864161739315,
            28.160864161739315,
            29.16086416173932,
            32.16086416173932,
            33.16086416173932,
            36.16086416173932,
            35.16086416173932,
            38.16086416173932,
            35.16086416173932,
            38.16086416173932,
            39.16086416173932
        ]
    }
}