{
    "episode": 3176,
    "seed": 3176,
    "metrics": {
        "sinr_ue1": [
            38.21159477158983,
            40.1711010785925,
            34.88328391703916,
            20.178086248811226,
            16.050348400454617,
            31.9152083581998,
            11.911364093027876,
            23.94142865978523,
            14.17175034018365,
            10.264825349457094,
            34.29894458600885,
            35.05010691153136,
            20.636339202906527,
            16.762617700838327,
            32.30615894796374,
            30.624918500300723,
            34.21928222530723,
            19.11753556001511,
            21.03053518874833,
            34.384033596696646
        ],
        "sinr_ue2": [
            13.452495385489398,
            13.494890793114,
            13.551291205681935,
            30.626057159364137,
            41.327524955870786,
            36.33044116016271,
            42.838351773916855,
            45.22948439376292,
            35.77678144151905,
            41.796806286245584,
            30.434746494822427,
            23.84986191757057,
            34.15779621853404,
            35.38837599622317,
            30.527083887861526,
            38.8968299910849,
            29.619448588818862,
            36.150046931078265,
            27.55788334521888,
            23.512304422103472
        ],
        "power_bs1": [
            40.751204242476305,
            37.751204242476305,
            34.751204242476305,
            31.751204242476305,
            28.7512042424763,
            27.7512042424763,
            24.751204242476305,
            27.7512042424763,
            30.751204242476305,
            29.751204242476305,
            30.751204242476305,
            27.7512042424763,
            30.751204242476298,
            27.7512042424763,
            26.7512042424763,
            25.751204242476298,
            26.7512042424763,
            25.751204242476298,
            24.751204242476298,
            21.7512042424763
        ],
        "power_bs2": [
            38.812361182624706,
            35.812361182624706,
            32.812361182624706,
            33.812361182624706,
            34.81236118262471,
            33.812361182624706,
            34.81236118262471,
            37.812361182624706,
            38.812361182624706,
            41.81236118262471,
            38.812361182624706,
            35.812361182624706,
            32.812361182624706,
            33.812361182624706,
            30.812361182624706,
            33.812361182624706,
            30.812361182624706,
            29.812361182624706,
            26.812361182624706,
            29.812361182624706
        ]
    }
}