{
    "episode": 1148,
    "seed": 1148,
    "metrics": {
        "sinr_ue1": [
            14.039749141477207,
            30.83237569056348,
            14.12822983420391,
            29.247023012110223,
            28.51520919830086,
            25.22533465691354,
            10.326017719311944,
            0.09588883204113856,
            22.634302597207096,
            6.542261765631254,
            2.021752908366672,
            20.45564455142353,
            7.928297627504827,
            28.343545733228353,
            10.010519876945123,
            14.018971268623146,
            14.039350650184435,
            14.000632695093229,
            20.877902901013705,
            27.71717264243091
        ],
        "sinr_ue2": [
            21.61357142844789,
            2.978187867626503,
            25.10987409892554,
            8.958517766611918,
            8.989008125581336,
            12.988108366446038,
            18.92588380375135,
            18.90601940719406,
            16.927651975231484,
            33.33973136062923,
            33.483173744172646,
            16.90607630678955,
            30.039943117165375,
            10.912414964445603,
            28.13686688505339,
            26.22655864579595,
            20.72983291474984,
            19.22438421640844,
            4.93950859319264,
            5.018290832272006
        ],
        "power_bs1": [
            38.255902220695056,
            37.255902220695056,
            38.255902220695056,
            35.255902220695056,
            32.255902220695056,
            31.255902220695056,
            28.255902220695056,
            31.255902220695056,
            30.255902220695056,
            33.255902220695056,
            32.255902220695056,
            29.255902220695056,
            32.255902220695056,
            31.255902220695052,
            34.255902220695056,
            35.25590222069505,
            38.255902220695056,
            37.255902220695056,
            34.255902220695056,
            37.255902220695056
        ],
        "power_bs2": [
            38.48263133405745,
            35.48263133405746,
            38.48263133405745,
            39.48263133405745,
            36.48263133405745,
            39.48263133405745,
            42.482631334057444,
            45.48263133405746,
            42.482631334057444,
            43.48263133405745,
            44.48263133405745,
            41.48263133405745,
            38.48263133405745,
            37.48263133405745,
            38.48263133405745,
            35.48263133405745,
            38.48263133405745,
            37.48263133405745,
            34.48263133405745,
            37.482631334057444
        ]
    }
}