{
    "episode": 1173,
    "seed": 1173,
    "metrics": {
        "sinr_ue1": [
            3.366572956003914,
            20.222246341548757,
            9.316564681804962,
            11.276739156869851,
            28.10426140300475,
            5.288080250972149,
            26.656723524075396,
            7.27640352916273,
            16.11444502146567,
            17.670174681268914,
            -0.6597182378379927,
            18.698509272079296,
            18.655095107802683,
            14.210052129362936,
            1.406973367229733,
            23.71604841690022,
            20.820705097392494,
            18.563172140239764,
            31.623344345746183,
            23.902358684536146
        ],
        "sinr_ue2": [
            37.92293599536605,
            19.033392970235276,
            29.191736805145005,
            25.170474773510723,
            15.101650533062575,
            27.661165289437925,
            13.06604622331086,
            34.191436074217414,
            19.024516303888262,
            22.993659664846746,
            32.57659220148066,
            21.09193383941459,
            23.111797641491666,
            27.0766472473993,
            39.239434123698416,
            11.361083261937964,
            17.166317968304025,
            27.145934248740264,
            20.320149718305412,
            15.13214096266996
        ],
        "power_bs1": [
            28.221443450557814,
            31.221443450557814,
            34.221443450557814,
            35.221443450557814,
            34.221443450557814,
            31.221443450557814,
            34.221443450557814,
            35.221443450557814,
            32.22144345055781,
            29.22144345055781,
            32.22144345055781,
            35.221443450557814,
            32.22144345055781,
            29.22144345055781,
            32.22144345055781,
            29.221443450557807,
            32.22144345055781,
            35.22144345055781,
            38.221443450557814,
            35.22144345055781
        ],
        "power_bs2": [
            36.86614395938949,
            39.86614395938949,
            36.86614395938949,
            35.86614395938949,
            38.86614395938949,
            37.86614395938949,
            36.86614395938949,
            39.86614395938949,
            40.86614395938949,
            41.86614395938949,
            44.86614395938949,
            45.86614395938949,
            44.86614395938949,
            45.86614395938949,
            42.86614395938948,
            39.86614395938949,
            38.86614395938948,
            37.86614395938948,
            40.86614395938948,
            39.86614395938949
        ]
    }
}