{
    "episode": 4082,
    "seed": 4082,
    "metrics": {
        "sinr_ue1": [
            29.484104697652178,
            28.96619763156186,
            43.61743614503055,
            35.58796513914117,
            28.82882335459633,
            29.259678224899886,
            27.464007543660323,
            23.504631697470547,
            30.495097252158516,
            15.54062018938495,
            32.37028020383012,
            15.589064741435566,
            27.003711981913597,
            13.657494430856033,
            9.704518337393234,
            32.400172485970685,
            13.681188102640615,
            13.61677422401546,
            15.45330354827075,
            9.675305235284604
        ],
        "sinr_ue2": [
            25.465074532849748,
            38.20533938784238,
            17.274762147802505,
            23.322500734679522,
            21.185105966886375,
            15.326302621554015,
            26.832639666828335,
            29.988770404151612,
            38.75220515627742,
            27.631469858782367,
            23.125727797927347,
            37.14662536870544,
            24.96789078696004,
            42.059221893719716,
            47.0681952354459,
            22.774664733975012,
            41.625380005368456,
            32.189627685566386,
            40.583709444201084,
            45.20575244335798
        ],
        "power_bs1": [
            42.33598880495122,
            43.335988804951214,
            44.335988804951214,
            41.335988804951214,
            40.335988804951214,
            43.335988804951214,
            44.335988804951214,
            41.335988804951214,
            38.335988804951214,
            35.335988804951214,
            38.335988804951214,
            35.335988804951214,
            34.335988804951214,
            33.335988804951214,
            32.335988804951214,
            35.335988804951214,
            34.335988804951214,
            31.335988804951214,
            30.335988804951214,
            27.33598880495121
        ],
        "power_bs2": [
            41.86695275832445,
            38.86695275832445,
            35.86695275832445,
            38.86695275832445,
            35.86695275832445,
            32.866952758324445,
            29.86695275832445,
            30.86695275832445,
            33.86695275832445,
            32.866952758324445,
            35.86695275832445,
            32.866952758324445,
            33.86695275832445,
            32.866952758324445,
            35.866952758324445,
            32.866952758324445,
            33.86695275832445,
            30.866952758324445,
            27.866952758324448,
            30.866952758324445
        ]
    }
}