{
    "episode": 2537,
    "seed": 2537,
    "metrics": {
        "sinr_ue1": [
            26.410517959467725,
            27.169184482384146,
            24.74651563154209,
            9.864204334778703,
            32.94546553759305,
            11.863817261408974,
            11.948904158819671,
            32.58489944385795,
            33.49326834753266,
            16.15093545635141,
            29.20334469148811,
            37.98595614977499,
            33.204101472126,
            37.72991370627796,
            25.8726058765819,
            16.089196550626614,
            30.220669717559247,
            27.27467153663379,
            20.43417490375381,
            45.02483621862217
        ],
        "sinr_ue2": [
            13.406249692902598,
            36.54558257501078,
            15.396563635492003,
            34.3222444115638,
            15.464979969442489,
            15.50549831418613,
            30.512994696934072,
            11.49754313757315,
            11.52860455091246,
            30.92136512959753,
            11.54345986509905,
            7.512248928320032,
            7.54210910208999,
            7.506963097166196,
            18.612165937365155,
            13.865284832289532,
            32.73384181359833,
            13.580020193766282,
            15.045806390765673,
            9.6083491247803
        ],
        "power_bs1": [
            41.06589150105803,
            38.065891501058026,
            39.065891501058026,
            38.065891501058026,
            41.06589150105803,
            44.065891501058026,
            43.06589150105802,
            44.065891501058026,
            43.06589150105803,
            42.065891501058026,
            41.06589150105803,
            44.065891501058026,
            41.06589150105803,
            42.065891501058026,
            41.06589150105803,
            40.065891501058026,
            37.065891501058026,
            38.065891501058026,
            41.06589150105803,
            44.065891501058026
        ],
        "power_bs2": [
            40.08540412596328,
            43.08540412596328,
            40.08540412596328,
            41.08540412596327,
            42.08540412596328,
            45.08540412596328,
            44.08540412596328,
            41.08540412596327,
            40.08540412596328,
            39.08540412596328,
            38.08540412596328,
            37.08540412596327,
            34.08540412596328,
            35.08540412596328,
            34.08540412596328,
            37.08540412596327,
            40.08540412596328,
            37.08540412596327,
            34.08540412596327,
            31.085404125963272
        ]
    }
}