{
    "episode": 1630,
    "seed": 1630,
    "metrics": {
        "sinr_ue1": [
            31.713101474011008,
            25.76183451588996,
            42.710885333392966,
            20.673291642367133,
            34.383202020913174,
            14.53882914143186,
            10.573116387402536,
            25.12460679861985,
            14.55192282031264,
            34.39028936727763,
            34.77644846105487,
            32.51721069389309,
            20.38990848871174,
            35.737702233109296,
            31.497274134925494,
            33.15797084223234,
            41.0598343630419,
            30.40281785115528,
            43.45538685029145,
            46.2851443167264
        ],
        "sinr_ue2": [
            26.101208154716357,
            11.894716556171614,
            9.880077529533146,
            27.009013806535318,
            15.91278201965267,
            25.93847948134723,
            37.01703715660944,
            17.93482921472269,
            32.91864968488045,
            29.363897336439678,
            10.004720924092458,
            15.939482654130765,
            27.715486546356463,
            9.994220336857527,
            21.356743448297895,
            8.061853550834359,
            6.0387089402812855,
            12.726024813186346,
            14.554810285632486,
            4.0419606893762134
        ],
        "power_bs1": [
            41.79647430375596,
            40.79647430375595,
            41.79647430375596,
            44.79647430375596,
            41.79647430375596,
            40.79647430375595,
            39.79647430375596,
            40.79647430375595,
            43.79647430375596,
            42.79647430375596,
            45.79647430375595,
            42.79647430375596,
            45.79647430375595,
            42.79647430375596,
            43.79647430375595,
            42.79647430375596,
            41.79647430375596,
            44.79647430375596,
            43.79647430375595,
            42.79647430375596
        ],
        "power_bs2": [
            33.613691319340084,
            32.613691319340084,
            31.613691319340084,
            34.613691319340084,
            37.613691319340084,
            36.613691319340084,
            39.613691319340084,
            38.613691319340084,
            39.613691319340084,
            36.613691319340084,
            35.613691319340084,
            38.613691319340084,
            35.613691319340084,
            32.613691319340084,
            31.613691319340084,
            30.61369131934008,
            27.613691319340084,
            24.61369131934008,
            23.613691319340084,
            26.613691319340084
        ]
    }
}