{
    "episode": 3806,
    "seed": 3806,
    "metrics": {
        "sinr_ue1": [
            13.84707313504565,
            11.864518032598387,
            25.40439069654287,
            35.11151196090236,
            19.789677153275495,
            27.57030728892481,
            32.905125787997626,
            15.778552244201254,
            30.049134740013397,
            11.70783882068929,
            29.71822901882739,
            26.001146976185243,
            3.7405426464674782,
            1.6560593995137287,
            5.741120360246739,
            5.816405324431707,
            19.307360968075923,
            5.777101953117949,
            15.172198798874277,
            1.8835398949707511
        ],
        "sinr_ue2": [
            1.3790866262993764,
            24.806860401579108,
            3.224592720168083,
            -0.6926948427299805,
            11.09230494665158,
            1.2503571265450768,
            1.1949187757996513,
            15.529218389841759,
            3.271179998663877,
            15.662302244631798,
            18.27168752081506,
            25.775265274169513,
            25.575056983987427,
            28.31624682719451,
            25.92431449157432,
            31.828380162963494,
            11.083156129994405,
            24.865431552018066,
            24.053691240862026,
            28.100732002526026
        ],
        "power_bs1": [
            37.72451331798554,
            34.72451331798553,
            31.724513317985537,
            32.72451331798554,
            33.72451331798554,
            30.724513317985537,
            29.724513317985533,
            30.724513317985537,
            29.724513317985533,
            26.724513317985537,
            25.724513317985537,
            22.724513317985533,
            21.724513317985537,
            20.724513317985537,
            23.724513317985533,
            20.724513317985537,
            17.724513317985533,
            16.724513317985533,
            17.724513317985533,
            18.724513317985533
        ],
        "power_bs2": [
            45.21994581170926,
            44.21994581170925,
            41.21994581170925,
            38.21994581170925,
            35.21994581170925,
            38.21994581170925,
            37.21994581170925,
            36.21994581170925,
            39.21994581170925,
            36.21994581170925,
            35.21994581170925,
            36.21994581170925,
            39.21994581170925,
            40.21994581170925,
            39.21994581170925,
            36.21994581170925,
            35.21994581170925,
            32.21994581170925,
            35.21994581170925,
            38.21994581170925
        ]
    }
}