{
    "episode": 3547,
    "seed": 3547,
    "metrics": {
        "sinr_ue1": [
            56.556635541123214,
            52.909892849910214,
            42.06822519227538,
            62.73965386669052,
            59.06598463002325,
            45.54634066807754,
            55.71137597406608,
            39.59930980047919,
            58.93607821354627,
            46.649096317280225,
            37.4433970420173,
            54.32195529388622,
            49.564198404716976,
            57.07671550686888,
            37.214486634616165,
            21.90523494482362,
            53.25412440840302,
            60.96307396780396,
            36.86244899917864,
            44.39349677105028
        ],
        "sinr_ue2": [
            32.21044556958622,
            27.97516229547292,
            48.0721508920477,
            23.55841141740828,
            21.351961542021556,
            37.767238888070295,
            41.491683663350855,
            29.052497266837854,
            29.162950819626925,
            31.365430410541997,
            50.06038384088602,
            31.162159969684808,
            30.99448218514029,
            30.71834164290218,
            48.849061541434615,
            47.60857016695063,
            28.928419793746023,
            26.75932934164227,
            51.364834269170615,
            32.4039263335071
        ],
        "power_bs1": [
            38.02215955329457,
            39.02215955329457,
            38.02215955329457,
            41.02215955329457,
            40.02215955329457,
            41.02215955329457,
            38.02215955329457,
            41.02215955329457,
            38.02215955329457,
            35.02215955329457,
            32.02215955329457,
            31.02215955329457,
            30.02215955329457,
            27.02215955329457,
            26.02215955329457,
            27.02215955329457,
            30.02215955329457,
            29.022159553294568,
            28.022159553294568,
            27.02215955329457
        ],
        "power_bs2": [
            37.434648240116836,
            34.434648240116836,
            33.434648240116836,
            32.434648240116836,
            29.434648240116836,
            32.434648240116836,
            35.434648240116836,
            38.434648240116836,
            35.434648240116836,
            34.434648240116836,
            31.434648240116836,
            30.434648240116836,
            29.434648240116836,
            26.434648240116832,
            25.434648240116836,
            26.434648240116832,
            27.434648240116832,
            24.434648240116836,
            27.434648240116832,
            28.434648240116832
        ]
    }
}