{
    "episode": 866,
    "seed": 866,
    "metrics": {
        "sinr_ue1": [
            25.66506268297338,
            21.475637658989978,
            16.909623128776193,
            16.952804635612477,
            18.991409517779957,
            12.968266769759554,
            24.81234923361643,
            34.234665947664666,
            33.7241975701107,
            35.32526057593588,
            31.426820120702214,
            36.55182150429381,
            13.020396727603972,
            33.30898297037835,
            16.92614392782987,
            14.997487527802626,
            12.987552221670748,
            13.012334643726877,
            16.96443113899804,
            20.28223777447426
        ],
        "sinr_ue2": [
            23.586075087115333,
            19.617766033417038,
            33.17836762257449,
            29.15844071610822,
            26.099416492860854,
            31.919252066562386,
            31.713684305032043,
            11.608823068200882,
            13.686910668012505,
            11.810581123047958,
            15.901377108280741,
            13.92691558242258,
            36.63163533650146,
            13.819598290190696,
            13.760226398097277,
            32.975686399601884,
            26.95924062504627,
            33.21037035334697,
            22.102900787192887,
            24.716816097330604
        ],
        "power_bs1": [
            32.483662922585964,
            35.483662922585964,
            38.483662922585964,
            39.483662922585964,
            38.483662922585964,
            35.483662922585964,
            38.483662922585964,
            41.483662922585964,
            38.48366292258596,
            37.483662922585964,
            36.483662922585964,
            35.483662922585964,
            32.483662922585964,
            33.483662922585964,
            36.483662922585964,
            37.483662922585964,
            34.483662922585964,
            35.483662922585964,
            38.48366292258596,
            39.483662922585964
        ],
        "power_bs2": [
            43.400606139104156,
            42.40060613910415,
            39.40060613910415,
            40.400606139104156,
            37.40060613910415,
            40.40060613910414,
            43.400606139104156,
            40.40060613910414,
            39.40060613910415,
            36.40060613910415,
            39.40060613910415,
            36.40060613910415,
            37.40060613910415,
            34.40060613910415,
            37.40060613910415,
            40.40060613910414,
            39.40060613910414,
            40.40060613910414,
            39.40060613910414,
            38.40060613910415
        ]
    }
}