{
    "episode": 4251,
    "seed": 4251,
    "metrics": {
        "sinr_ue1": [
            9.694214335914058,
            26.73598694025271,
            29.302886157687876,
            7.6383180007858575,
            24.17899276869289,
            24.15232862187558,
            24.33778864401112,
            9.464171906858214,
            37.12253244279213,
            39.35638540811001,
            18.972617056077308,
            19.29411373857058,
            17.48366930143579,
            37.14043477312913,
            33.596376835550636,
            33.996752525017996,
            35.994955104119754,
            19.29736397363776,
            32.13140720250816,
            19.33526197289749
        ],
        "sinr_ue2": [
            39.89953457242554,
            21.47586060048871,
            19.490397815062785,
            33.68081466044331,
            25.38721309492938,
            21.43362453839886,
            25.089898138540832,
            37.86126785644886,
            15.416022484441568,
            9.438537405273056,
            31.709828915283097,
            11.468041441860793,
            13.538082153163824,
            7.514462205088897,
            7.584991324101784,
            24.223668329485225,
            9.575280251059317,
            24.80872556268618,
            9.563542938536166,
            27.791306222090082
        ],
        "power_bs1": [
            32.87052535002468,
            29.870525350024685,
            30.870525350024685,
            29.870525350024685,
            28.870525350024682,
            29.870525350024685,
            26.870525350024685,
            25.870525350024685,
            28.870525350024682,
            31.870525350024685,
            28.870525350024682,
            31.870525350024685,
            32.87052535002468,
            35.870525350024685,
            36.87052535002468,
            33.870525350024685,
            32.87052535002468,
            31.870525350024682,
            34.870525350024685,
            31.870525350024682
        ],
        "power_bs2": [
            39.06777777560898,
            36.06777777560899,
            35.06777777560898,
            38.06777777560898,
            39.06777777560898,
            36.06777777560899,
            35.06777777560898,
            32.06777777560898,
            29.06777777560898,
            26.067777775608985,
            25.067777775608985,
            28.06777777560898,
            31.067777775608985,
            28.06777777560898,
            29.06777777560898,
            26.067777775608985,
            27.06777777560898,
            28.06777777560898,
            29.06777777560898,
            28.06777777560898
        ]
    }
}