{
    "episode": 4087,
    "seed": 4087,
    "metrics": {
        "sinr_ue1": [
            7.248232500463788,
            9.32291050442351,
            18.180097501719942,
            26.169893043355042,
            7.086753639455544,
            9.04069838957167,
            6.915820214576041,
            4.805675846212615,
            18.896966431892835,
            6.914197243826817,
            27.65621477517755,
            8.973651949799171,
            23.56636805096162,
            23.002596811594177,
            13.854831489769463,
            21.06997587416854,
            22.328560189866007,
            25.550659678384577,
            36.7412827976184,
            25.635478613619348
        ],
        "sinr_ue2": [
            22.72492813867583,
            26.765672070705172,
            10.787962505854738,
            8.70959647975151,
            27.73397927955479,
            26.921763847015846,
            20.42297481092951,
            18.189277718712894,
            12.528399896473147,
            28.77758268246971,
            8.748091950218805,
            20.35499658368427,
            10.59534015141358,
            12.493491555226026,
            16.467968245425563,
            10.3774915170237,
            23.381125486005452,
            4.433897847365634,
            2.4730170846733097,
            6.559834332521328
        ],
        "power_bs1": [
            38.39961138653275,
            39.39961138653275,
            36.39961138653275,
            37.39961138653275,
            38.39961138653275,
            37.39961138653275,
            38.39961138653275,
            35.39961138653275,
            32.39961138653275,
            33.39961138653275,
            36.399611386532754,
            35.39961138653275,
            32.39961138653275,
            31.399611386532747,
            28.399611386532747,
            31.399611386532747,
            32.39961138653275,
            35.39961138653275,
            38.39961138653275,
            35.39961138653275
        ],
        "power_bs2": [
            40.886528701593726,
            39.886528701593726,
            38.886528701593726,
            37.886528701593726,
            40.886528701593726,
            37.886528701593726,
            40.886528701593726,
            39.886528701593726,
            36.886528701593726,
            35.886528701593726,
            36.886528701593726,
            35.886528701593726,
            34.88652870159372,
            35.886528701593726,
            36.886528701593726,
            33.886528701593726,
            32.886528701593726,
            31.886528701593726,
            32.886528701593726,
            33.886528701593726
        ]
    }
}