{
    "episode": 2997,
    "seed": 2997,
    "metrics": {
        "sinr_ue1": [
            31.450942462469015,
            10.974780125556444,
            28.573499120232285,
            21.50006110357191,
            34.73817512079195,
            15.069653813393602,
            30.635094209544253,
            15.039573287713193,
            25.767395745522354,
            35.80932112108071,
            29.87540521512354,
            17.024302736746378,
            23.00764391404276,
            38.68017709114046,
            34.42826457157343,
            15.028937940773488,
            17.005678022919387,
            26.23675920633645,
            9.02143952134734,
            25.99672968774808
        ],
        "sinr_ue2": [
            19.423121026823374,
            39.894377613809304,
            15.50692289238133,
            13.509560217387866,
            15.598176697284131,
            27.6029230916317,
            17.60864851341487,
            30.85992565673507,
            21.48098527749735,
            15.415575660274836,
            17.454499448803848,
            22.24112551513185,
            24.65573642221633,
            9.28375225728439,
            11.37085230331492,
            30.971091652204187,
            34.1033108057949,
            27.597165874628708,
            36.86762490744256,
            23.445221755749728
        ],
        "power_bs1": [
            39.71829968927141,
            42.71829968927142,
            43.71829968927141,
            44.718299689271404,
            41.71829968927141,
            44.718299689271404,
            41.71829968927141,
            42.718299689271404,
            39.718299689271404,
            42.718299689271404,
            41.71829968927141,
            42.718299689271404,
            45.718299689271404,
            44.718299689271404,
            45.718299689271404,
            42.718299689271404,
            41.71829968927141,
            42.718299689271404,
            39.718299689271404,
            38.718299689271404
        ],
        "power_bs2": [
            41.77787762866086,
            44.77787762866086,
            41.77787762866086,
            40.77787762866087,
            39.77787762866086,
            42.77787762866086,
            41.77787762866086,
            40.77787762866087,
            43.77787762866086,
            40.77787762866086,
            41.77787762866086,
            38.77787762866086,
            35.77787762866086,
            36.77787762866086,
            39.77787762866086,
            40.77787762866086,
            37.77787762866086,
            40.77787762866086,
            43.77787762866086,
            44.77787762866086
        ]
    }
}