{
    "episode": 3863,
    "seed": 3863,
    "metrics": {
        "sinr_ue1": [
            30.008398888991856,
            23.848350408588406,
            30.01793990378307,
            13.363821036044442,
            25.43847125465141,
            28.29480387294765,
            11.232690589597063,
            35.25908101375648,
            29.255957903661148,
            19.253325295879808,
            10.951592776049019,
            27.892005491735755,
            12.872587039264973,
            16.914430776113935,
            12.832258407599076,
            28.063857735428233,
            6.784325056293721,
            20.60743811295364,
            10.739466863502505,
            19.810334512787353
        ],
        "sinr_ue2": [
            -2.9951436350304803,
            12.16830642820482,
            1.076738145612651,
            24.442166486262067,
            7.227030976384933,
            22.086219612151012,
            24.342552878225227,
            -0.6846828271852297,
            -1.017578018142732,
            24.690831205880844,
            25.374926377410667,
            5.473352900081821,
            21.286966407098507,
            17.35175617103498,
            23.334090794468025,
            5.442350044939057,
            20.577574188352315,
            25.57607141608497,
            20.6650376159823,
            9.376574408582485
        ],
        "power_bs1": [
            42.00971675838943,
            39.00971675838943,
            38.00971675838943,
            39.00971675838943,
            38.00971675838943,
            35.00971675838943,
            38.00971675838943,
            41.00971675838942,
            40.00971675838943,
            39.00971675838943,
            40.00971675838943,
            41.00971675838942,
            42.00971675838943,
            45.00971675838943,
            42.00971675838943,
            41.00971675838942,
            38.00971675838943,
            39.00971675838942,
            38.00971675838943,
            35.00971675838942
        ],
        "power_bs2": [
            32.862059145066354,
            35.862059145066354,
            32.862059145066354,
            35.862059145066354,
            38.862059145066354,
            35.862059145066354,
            36.862059145066354,
            33.862059145066354,
            36.862059145066354,
            39.862059145066354,
            38.862059145066354,
            39.862059145066354,
            38.862059145066354,
            37.862059145066354,
            38.862059145066354,
            39.862059145066354,
            40.862059145066354,
            39.862059145066354,
            36.862059145066354,
            37.862059145066354
        ]
    }
}