{
    "episode": 3643,
    "seed": 3643,
    "metrics": {
        "sinr_ue1": [
            36.00563747193379,
            21.635258791910587,
            23.55383501253236,
            25.59755696109597,
            35.13806289154042,
            36.15593421088712,
            23.613609272310452,
            23.589690136544572,
            42.129125282057764,
            36.29277952649786,
            19.545091075177613,
            19.673493149375506,
            17.701384018083516,
            35.05358721165149,
            27.25638102276004,
            7.790168587845856,
            27.29893868434658,
            13.753348723347345,
            30.16183895700271,
            28.437014883921556
        ],
        "sinr_ue2": [
            34.920493886229295,
            37.86038011258387,
            42.15209119566402,
            48.85082661549528,
            46.249812112080875,
            35.31997515238113,
            52.35687701248871,
            48.14976343938612,
            31.844941696495788,
            33.35690772346441,
            43.05658973433586,
            53.45564736732225,
            52.54835660498087,
            54.31902744883536,
            43.14859839144656,
            69.8603160669255,
            45.37364031525209,
            64.16091414746384,
            40.255654160044216,
            51.30169529417764
        ],
        "power_bs1": [
            39.82822350163721,
            38.82822350163721,
            37.82822350163721,
            40.82822350163721,
            39.82822350163721,
            36.82822350163721,
            37.82822350163721,
            36.82822350163721,
            35.82822350163721,
            34.82822350163721,
            31.82822350163721,
            34.82822350163721,
            31.82822350163721,
            28.82822350163721,
            29.828223501637208,
            26.82822350163721,
            29.828223501637208,
            32.82822350163721,
            31.82822350163721,
            28.828223501637208
        ],
        "power_bs2": [
            37.51477523095008,
            34.514775230950086,
            31.51477523095008,
            32.51477523095008,
            31.51477523095008,
            34.514775230950086,
            31.51477523095008,
            30.514775230950086,
            29.514775230950082,
            30.514775230950086,
            29.514775230950082,
            32.51477523095008,
            31.51477523095008,
            32.51477523095008,
            35.514775230950086,
            36.51477523095008,
            37.51477523095008,
            36.51477523095008,
            33.51477523095008,
            32.51477523095008
        ]
    }
}