{
    "episode": 4826,
    "seed": 4826,
    "metrics": {
        "sinr_ue1": [
            24.959024655222237,
            39.08420883129554,
            23.30840695541299,
            41.78568422198397,
            34.12626714729229,
            27.33732639708559,
            21.60809957257204,
            38.40145420712674,
            19.753246255503335,
            39.75017253993657,
            19.912190384467085,
            19.69040334478827,
            37.12401818855205,
            18.220559981926833,
            34.61674126799622,
            42.01893077362626,
            21.477092085159416,
            21.209057410325695,
            16.99671035286967,
            16.368724713522344
        ],
        "sinr_ue2": [
            41.52952430790946,
            25.047711238458344,
            33.48101227473459,
            32.78494871478359,
            13.250774823957322,
            38.5089466624821,
            36.16582684803871,
            25.337381042444214,
            44.871847470770206,
            25.39516502921661,
            40.993725557379975,
            43.96368847472398,
            27.251274802732222,
            42.21970106455263,
            23.127315503026903,
            19.101679301038054,
            41.73758001680626,
            33.44728564482785,
            44.517310450510124,
            49.399878979311744
        ],
        "power_bs1": [
            37.48459756548347,
            34.48459756548347,
            37.48459756548347,
            40.48459756548347,
            43.48459756548347,
            40.48459756548347,
            37.48459756548347,
            34.48459756548347,
            35.48459756548347,
            36.48459756548347,
            35.48459756548347,
            32.48459756548347,
            31.48459756548347,
            28.48459756548347,
            31.48459756548347,
            34.48459756548347,
            31.484597565483465,
            28.48459756548347,
            27.484597565483465,
            28.48459756548347
        ],
        "power_bs2": [
            37.98801816372236,
            38.98801816372236,
            39.98801816372236,
            38.98801816372236,
            35.98801816372236,
            38.98801816372236,
            41.98801816372235,
            38.98801816372235,
            41.98801816372235,
            40.98801816372236,
            41.98801816372235,
            38.98801816372235,
            37.98801816372235,
            36.98801816372236,
            33.98801816372235,
            32.98801816372235,
            35.98801816372236,
            32.98801816372235,
            35.98801816372236,
            34.98801816372235
        ]
    }
}