{
    "episode": 3212,
    "seed": 3212,
    "metrics": {
        "sinr_ue1": [
            2.5459973810990193,
            2.5713484976080374,
            -2.2786159248406124,
            19.368183913502758,
            16.22047794825843,
            16.139046672001832,
            2.5863008946397343,
            19.928932298328867,
            26.592852687959827,
            6.5037997849038245,
            22.795976305385967,
            20.80324318112452,
            9.654781005622443,
            6.483785519982771,
            23.557853819021105,
            6.4209536862695575,
            13.060311606428506,
            2.4136743334356887,
            6.311463375062524,
            6.34427244452882
        ],
        "sinr_ue2": [
            61.27034256354516,
            54.43360657780025,
            71.35039596023543,
            47.83552100999441,
            64.23578249776692,
            54.96725274142315,
            48.88820573591217,
            42.85802957687465,
            50.226589173398125,
            62.72804679563699,
            42.70374223222197,
            48.52222590761612,
            67.48365287072987,
            59.696691136885384,
            55.636884662220545,
            60.95705938107575,
            62.16147487200465,
            62.88229690605135,
            63.41193593831398,
            50.432885983385454
        ],
        "power_bs1": [
            33.921455582369944,
            30.921455582369948,
            29.921455582369948,
            32.921455582369944,
            31.921455582369944,
            30.921455582369948,
            33.921455582369944,
            36.921455582369944,
            35.921455582369944,
            32.921455582369944,
            33.921455582369944,
            30.921455582369944,
            29.921455582369944,
            30.921455582369944,
            31.921455582369944,
            28.921455582369944,
            27.921455582369944,
            24.921455582369944,
            25.921455582369944,
            28.921455582369944
        ],
        "power_bs2": [
            44.29432692958898,
            41.29432692958899,
            44.29432692958898,
            43.29432692958899,
            44.29432692958898,
            41.29432692958899,
            44.29432692958898,
            41.29432692958899,
            40.29432692958899,
            39.29432692958899,
            38.29432692958899,
            41.29432692958899,
            40.29432692958899,
            37.29432692958898,
            38.29432692958898,
            35.29432692958898,
            38.29432692958898,
            35.29432692958898,
            32.29432692958898,
            35.29432692958898
        ]
    }
}