{
    "episode": 3952,
    "seed": 3952,
    "metrics": {
        "sinr_ue1": [
            20.577886063400612,
            19.60645178616624,
            11.459306486546929,
            16.937334287328397,
            -1.1126517254159487,
            14.875051250738757,
            10.385071870763268,
            19.86996385865276,
            14.062475680370543,
            18.665696639515073,
            22.945530592001177,
            4.667530471047855,
            14.73569470080714,
            19.544186505952126,
            6.785883941946437,
            22.179974647615396,
            25.85136084959553,
            15.318328420982596,
            14.260700227794235,
            0.7868957087345365
        ],
        "sinr_ue2": [
            24.610162596268545,
            28.610341749601382,
            34.582268732744495,
            30.69353047377915,
            30.68776869946079,
            30.65419777206238,
            38.856779020860195,
            28.685586249936602,
            30.591486312370964,
            26.642013298263784,
            24.699598979992082,
            37.588581497530356,
            28.6534207796617,
            26.61572241600753,
            38.790377892042386,
            20.652143614722203,
            18.583322843715088,
            22.6034090412101,
            24.544009459239042,
            48.842572121298424
        ],
        "power_bs1": [
            33.69963381249558,
            32.69963381249558,
            29.69963381249558,
            32.69963381249558,
            35.69963381249558,
            32.69963381249558,
            31.699633812495577,
            34.69963381249558,
            33.69963381249558,
            34.69963381249558,
            35.69963381249558,
            34.69963381249558,
            31.699633812495577,
            32.69963381249558,
            35.69963381249558,
            36.69963381249558,
            39.69963381249558,
            36.69963381249558,
            37.69963381249558,
            34.69963381249558
        ],
        "power_bs2": [
            37.05146128028492,
            40.05146128028492,
            43.05146128028491,
            42.05146128028492,
            45.05146128028492,
            42.05146128028492,
            39.05146128028492,
            42.05146128028491,
            43.05146128028491,
            40.05146128028492,
            39.05146128028491,
            38.05146128028491,
            39.05146128028491,
            38.05146128028491,
            37.05146128028491,
            36.05146128028491,
            37.05146128028491,
            38.05146128028491,
            41.05146128028491,
            42.05146128028491
        ]
    }
}