{
    "episode": 223,
    "seed": 223,
    "metrics": {
        "sinr_ue1": [
            21.87777236136082,
            17.950455264195064,
            16.35584264359978,
            32.81568005082346,
            35.49266220576715,
            26.844075994281987,
            12.354227358783378,
            14.328345427330618,
            25.4037590099678,
            36.063741950933306,
            29.400075451596777,
            26.959951403031024,
            24.870939049914696,
            20.408310245788442,
            26.38064574716332,
            25.78779714975806,
            32.6354026597174,
            16.405712260970237,
            26.08536275122905,
            30.638631353807217
        ],
        "sinr_ue2": [
            22.69450159625005,
            10.793742395674187,
            25.132519683458376,
            6.801626640059676,
            18.69687656041963,
            18.828075817988033,
            20.591561663999435,
            23.89371278053558,
            6.856462129871554,
            2.908876889518939,
            6.867711427705887,
            19.938265690028604,
            16.504999201786596,
            22.68658114808426,
            6.835485453603126,
            6.813528761134333,
            0.8523691993076052,
            24.773709759766845,
            6.680786009870706,
            23.65256282484342
        ],
        "power_bs1": [
            40.425173362667934,
            39.425173362667934,
            42.425173362667934,
            39.425173362667934,
            42.425173362667934,
            39.425173362667934,
            38.425173362667934,
            39.425173362667934,
            36.42517336266793,
            39.425173362667934,
            36.42517336266793,
            35.42517336266793,
            38.425173362667934,
            39.425173362667934,
            36.42517336266793,
            33.425173362667934,
            36.42517336266793,
            33.425173362667934,
            30.425173362667927,
            31.425173362667927
        ],
        "power_bs2": [
            38.683114513516315,
            37.683114513516315,
            34.683114513516315,
            33.683114513516315,
            32.683114513516315,
            31.683114513516312,
            34.683114513516315,
            33.683114513516315,
            30.683114513516312,
            29.683114513516315,
            30.683114513516312,
            27.683114513516315,
            30.683114513516312,
            27.683114513516315,
            30.683114513516312,
            27.683114513516315,
            24.683114513516312,
            25.683114513516312,
            24.683114513516315,
            27.683114513516315
        ]
    }
}