{
    "episode": 29,
    "seed": 29,
    "metrics": {
        "sinr_ue1": [
            19.229693835533496,
            17.19014393905361,
            42.46644280518861,
            21.1217652544006,
            17.16831672639983,
            37.630464567588476,
            17.236344533304692,
            11.252870511118394,
            20.96823019619706,
            30.719985146820665,
            11.115598526776802,
            5.240463931057841,
            13.743015123778758,
            -0.813668238928128,
            -0.8519853675253832,
            21.119625123260253,
            14.045625190221905,
            3.2575785432166993,
            8.645058515033227,
            19.989452121406458
        ],
        "sinr_ue2": [
            9.584995106358264,
            18.5529630752939,
            0.5616146004762059,
            17.819384590723388,
            20.030853109956247,
            4.4510472701844375,
            24.39203419901549,
            33.14050302604052,
            32.305672513069325,
            12.248770994937884,
            26.304962493259243,
            32.86443705454369,
            22.172364903073507,
            39.30967335407959,
            42.88980061922315,
            32.86158391329619,
            20.32564792682325,
            29.163591315449388,
            25.73320573791718,
            27.20358147350646
        ],
        "power_bs1": [
            36.834735157369984,
            33.83473515736998,
            36.83473515736998,
            35.83473515736998,
            34.83473515736998,
            33.83473515736998,
            34.83473515736998,
            31.834735157369977,
            28.83473515736998,
            27.834735157369977,
            26.834735157369977,
            23.83473515736998,
            20.834735157369977,
            19.834735157369977,
            20.834735157369977,
            23.834735157369977,
            22.834735157369977,
            25.834735157369977,
            26.834735157369977,
            27.834735157369977
        ],
        "power_bs2": [
            31.32520119951229,
            30.325201199512293,
            27.32520119951229,
            28.325201199512293,
            31.32520119951229,
            28.325201199512293,
            31.32520119951229,
            34.325201199512286,
            33.32520119951229,
            30.32520119951229,
            29.325201199512286,
            32.32520119951229,
            33.32520119951229,
            34.325201199512286,
            35.325201199512286,
            32.32520119951229,
            33.32520119951229,
            36.32520119951229,
            33.32520119951229,
            34.325201199512286
        ]
    }
}