{
    "episode": 4725,
    "seed": 4725,
    "metrics": {
        "sinr_ue1": [
            31.70517028096041,
            16.30113015181866,
            35.155818311462426,
            35.334277547584406,
            24.315947077231254,
            45.90910681140506,
            35.32632074725654,
            26.211677615436578,
            26.01723698833919,
            44.05385652639542,
            23.765955753195428,
            39.018086693371046,
            38.776801223957335,
            25.713648783830866,
            27.780843314463137,
            39.25924494912124,
            25.99614074464303,
            42.80604156870274,
            44.36219126971796,
            47.80295061851185
        ],
        "sinr_ue2": [
            32.268973291619254,
            48.105548939150104,
            45.83434556823762,
            30.775849397519075,
            39.95692197013632,
            22.411241404167292,
            33.83082090875916,
            41.06992342365301,
            38.858927410125894,
            22.879714556515765,
            35.60216928667569,
            29.059078325657826,
            24.92450277042073,
            41.62029547296978,
            30.10738474377941,
            31.62114984852518,
            37.59860151807643,
            26.762400387972107,
            20.837242646080277,
            18.7253260900585
        ],
        "power_bs1": [
            39.7987339968702,
            42.7987339968702,
            45.7987339968702,
            42.7987339968702,
            45.7987339968702,
            44.79873399687019,
            41.79873399687019,
            40.7987339968702,
            37.79873399687019,
            36.79873399687019,
            33.7987339968702,
            32.79873399687019,
            35.79873399687019,
            34.7987339968702,
            37.79873399687019,
            38.7987339968702,
            37.79873399687019,
            36.79873399687019,
            39.7987339968702,
            42.7987339968702
        ],
        "power_bs2": [
            40.179524245552294,
            43.179524245552294,
            40.179524245552294,
            41.17952424555229,
            38.179524245552294,
            35.17952424555229,
            34.17952424555229,
            31.17952424555229,
            28.179524245552287,
            27.179524245552287,
            26.17952424555229,
            29.179524245552287,
            28.179524245552287,
            25.17952424555229,
            26.179524245552287,
            29.179524245552287,
            28.179524245552287,
            31.179524245552287,
            28.179524245552287,
            29.179524245552287
        ]
    }
}