{
    "episode": 4043,
    "seed": 4043,
    "metrics": {
        "sinr_ue1": [
            38.333544501089435,
            26.847038703458853,
            26.868680184175666,
            26.74693124252356,
            28.616046571183542,
            28.74573852439955,
            24.628448473658388,
            41.12419298914628,
            44.61983355684086,
            39.599139403742576,
            20.542669481675855,
            34.0630366125489,
            19.631507687160116,
            42.94565195068155,
            21.105387831159042,
            31.068879712586725,
            34.57701412257724,
            16.4362351202414,
            20.383429087252487,
            34.3502508544882
        ],
        "sinr_ue2": [
            6.74926906519384,
            27.93763923739915,
            26.32918901375141,
            25.577043622050645,
            21.62093235426887,
            23.14663169004227,
            28.691986722210927,
            24.28981449915373,
            6.728394856769132,
            26.819733736172235,
            26.007628166247564,
            13.042445870030848,
            29.334638965476007,
            12.922455334557434,
            34.3358500288996,
            19.17209581138952,
            15.32752912923707,
            25.17937232565805,
            31.552501676477473,
            17.163304302851508
        ],
        "power_bs1": [
            39.16150362244176,
            40.16150362244176,
            39.16150362244176,
            40.16150362244176,
            39.16150362244176,
            42.16150362244176,
            41.161503622441764,
            38.16150362244176,
            41.161503622441764,
            40.16150362244176,
            41.161503622441764,
            38.16150362244176,
            37.16150362244176,
            38.16150362244176,
            35.16150362244176,
            34.16150362244176,
            35.16150362244176,
            32.16150362244176,
            33.16150362244176,
            32.16150362244176
        ],
        "power_bs2": [
            37.12585236407672,
            38.12585236407672,
            37.12585236407672,
            38.12585236407672,
            35.12585236407673,
            38.12585236407672,
            41.12585236407672,
            42.12585236407673,
            39.12585236407672,
            42.12585236407672,
            45.12585236407673,
            42.12585236407672,
            43.12585236407672,
            42.12585236407672,
            43.12585236407672,
            44.12585236407672,
            41.12585236407672,
            40.12585236407673,
            37.12585236407672,
            40.12585236407673
        ]
    }
}