{
    "episode": 3956,
    "seed": 3956,
    "metrics": {
        "sinr_ue1": [
            8.893383930324012,
            14.406119775087225,
            31.189254082651555,
            18.47649180163733,
            18.482271581829533,
            33.63630523194341,
            12.473970074237869,
            29.535673690047123,
            16.390288465581712,
            14.347878310019482,
            25.66435770579797,
            18.996759653195593,
            6.374609926594821,
            15.187614645518497,
            22.527398359418278,
            8.856126690768114,
            20.365049507523484,
            13.8178340952702,
            6.3291931154824,
            28.16449185683458
        ],
        "sinr_ue2": [
            32.05503038011284,
            15.317619614337616,
            12.45473133439262,
            18.324142184842877,
            17.938903525080896,
            10.436201839810533,
            30.99637261664043,
            16.48945064274435,
            30.84801256103745,
            30.727864758657844,
            23.336469792826897,
            18.349054157669425,
            29.475924796172293,
            34.431584302276235,
            18.18463012593177,
            23.88901250639615,
            21.70094980006393,
            23.863577799165128,
            33.2577325047949,
            14.332069884225458
        ],
        "power_bs1": [
            39.69367682335096,
            38.69367682335097,
            37.69367682335097,
            40.69367682335097,
            41.69367682335096,
            38.69367682335096,
            35.69367682335097,
            36.69367682335097,
            39.69367682335096,
            36.69367682335097,
            33.69367682335096,
            30.693676823350966,
            27.69367682335097,
            26.693676823350966,
            25.693676823350966,
            22.693676823350962,
            21.693676823350966,
            22.693676823350962,
            23.693676823350962,
            26.693676823350966
        ],
        "power_bs2": [
            41.02032785565814,
            38.02032785565813,
            37.02032785565813,
            36.02032785565813,
            37.02032785565813,
            36.02032785565813,
            37.02032785565813,
            40.02032785565813,
            37.02032785565813,
            36.02032785565813,
            35.02032785565813,
            36.02032785565813,
            35.02032785565813,
            32.02032785565813,
            31.02032785565813,
            34.02032785565813,
            31.02032785565813,
            34.02032785565813,
            31.02032785565813,
            28.020327855658135
        ]
    }
}