{
    "episode": 4472,
    "seed": 4472,
    "metrics": {
        "sinr_ue1": [
            23.973074366056238,
            26.065509194317876,
            8.478637631464906,
            12.663775322517346,
            28.62179382427275,
            29.9241347319008,
            14.030631372745354,
            22.49161748125189,
            9.945162175992024,
            11.76838016522128,
            11.885073149646201,
            17.943186226570027,
            34.80606323909604,
            28.228026611344845,
            16.00455951923944,
            15.343327710436071,
            20.882737960589573,
            8.329681500099287,
            27.21988315763333,
            8.175649472276733
        ],
        "sinr_ue2": [
            24.55054310122998,
            26.59394350524954,
            26.717292343901047,
            44.48815753410901,
            47.725521977472816,
            22.585375619952508,
            27.251581259596716,
            26.446909029439713,
            41.87376927390865,
            32.72581035169399,
            34.4783371206174,
            27.217392970625667,
            34.20936743624142,
            22.3429328875979,
            39.59231651275053,
            28.5495761365042,
            46.41565398512807,
            39.613575821614695,
            26.553116001534214,
            26.6877120972875
        ],
        "power_bs1": [
            39.74693153883596,
            36.74693153883596,
            39.74693153883596,
            38.74693153883596,
            39.74693153883596,
            40.74693153883595,
            39.74693153883596,
            36.74693153883596,
            39.74693153883596,
            38.74693153883596,
            41.74693153883596,
            44.74693153883596,
            41.74693153883596,
            38.74693153883596,
            35.74693153883595,
            32.74693153883596,
            33.74693153883596,
            34.74693153883596,
            37.74693153883596,
            40.74693153883595
        ],
        "power_bs2": [
            41.5680417623812,
            40.568041762381206,
            43.568041762381206,
            42.568041762381206,
            43.568041762381206,
            40.568041762381206,
            37.568041762381206,
            40.568041762381206,
            41.5680417623812,
            38.568041762381206,
            41.5680417623812,
            38.568041762381206,
            39.568041762381206,
            38.568041762381206,
            41.5680417623812,
            38.568041762381206,
            41.5680417623812,
            38.568041762381206,
            41.5680417623812,
            44.5680417623812
        ]
    }
}