{
    "episode": 1510,
    "seed": 1510,
    "metrics": {
        "sinr_ue1": [
            25.903698072801156,
            12.666026662596169,
            28.327108997966807,
            14.632095037914574,
            38.9537981276607,
            30.82076199396708,
            32.81111483214157,
            35.717113755147544,
            16.316537332793207,
            25.598774306371446,
            10.424243357043538,
            24.79653962732189,
            28.83095924005936,
            32.41178309706161,
            12.075815098407707,
            26.507814605100076,
            26.953834084385086,
            24.67684027610764,
            31.69554969192913,
            10.514933467788655
        ],
        "sinr_ue2": [
            19.209456221062226,
            8.059205306104428,
            0.49233576383743843,
            18.851176368790384,
            -1.5029789689770605,
            8.95228257150083,
            0.45024321757756514,
            0.4125179634010622,
            16.01310266610931,
            4.392811426859343,
            23.89111827034379,
            4.435618006823893,
            4.369927753836699,
            0.3549059974417067,
            18.948463069577276,
            19.515403874580663,
            8.25791480908206,
            10.222724349062172,
            6.191937347748211,
            10.99487360290237
        ],
        "power_bs1": [
            37.14575738354012,
            38.14575738354012,
            41.14575738354012,
            38.14575738354012,
            39.14575738354012,
            36.14575738354012,
            33.14575738354012,
            36.14575738354012,
            33.145757383540115,
            30.14575738354012,
            29.14575738354012,
            28.14575738354012,
            27.145757383540122,
            30.14575738354012,
            27.145757383540122,
            28.14575738354012,
            27.145757383540122,
            28.14575738354012,
            29.14575738354012,
            30.14575738354012
        ],
        "power_bs2": [
            36.15633256735093,
            37.15633256735093,
            36.15633256735093,
            35.15633256735094,
            32.15633256735093,
            31.15633256735093,
            28.156332567350933,
            31.15633256735093,
            28.156332567350933,
            29.156332567350933,
            30.15633256735093,
            27.15633256735093,
            26.15633256735093,
            25.15633256735093,
            26.15633256735093,
            27.15633256735093,
            30.15633256735093,
            33.15633256735093,
            30.15633256735093,
            31.15633256735093
        ]
    }
}