{
    "episode": 3057,
    "seed": 3057,
    "metrics": {
        "sinr_ue1": [
            24.480516227166515,
            20.684448563513328,
            20.559808537502153,
            18.447287396199844,
            32.85198808863113,
            32.10267426386694,
            48.034247183332646,
            34.59146927597648,
            30.312886536569437,
            28.339639358805368,
            32.13363561481635,
            51.306363609881,
            32.37410285151172,
            36.20800739830387,
            34.215803194261575,
            49.4016074424607,
            40.14461509549211,
            40.193649438720136,
            53.69645249317855,
            36.15797144029556
        ],
        "sinr_ue2": [
            28.434597361613818,
            50.178666806501724,
            47.447754999920036,
            49.12967655183732,
            28.150620249482362,
            22.413986185590385,
            34.17619898251668,
            38.17517701195483,
            32.91371811572586,
            36.291296209981,
            31.720570666540304,
            16.561047822058576,
            16.70656799409581,
            34.060098877812834,
            26.89101928277993,
            10.7920833717555,
            26.59902388931645,
            21.918868680194585,
            11.24726308251981,
            12.972314578362127
        ],
        "power_bs1": [
            37.45297918580653,
            36.45297918580653,
            33.45297918580653,
            32.45297918580653,
            31.452979185806527,
            34.45297918580653,
            35.45297918580653,
            32.45297918580653,
            35.45297918580653,
            32.45297918580653,
            33.45297918580653,
            32.45297918580653,
            35.45297918580653,
            36.45297918580653,
            35.45297918580653,
            36.45297918580653,
            39.45297918580653,
            38.45297918580653,
            35.45297918580653,
            36.45297918580653
        ],
        "power_bs2": [
            39.694352325988504,
            38.694352325988504,
            35.694352325988504,
            36.694352325988504,
            33.694352325988504,
            30.694352325988504,
            29.694352325988508,
            26.694352325988504,
            27.694352325988504,
            26.694352325988504,
            23.694352325988504,
            22.694352325988504,
            25.694352325988504,
            22.694352325988504,
            23.694352325988504,
            20.694352325988504,
            21.694352325988504,
            20.694352325988504,
            19.694352325988504,
            22.694352325988504
        ]
    }
}