{
    "episode": 1127,
    "seed": 1127,
    "metrics": {
        "sinr_ue1": [
            18.08263481059755,
            29.047220401256016,
            16.145691287684848,
            33.76295335887419,
            18.195771758267178,
            20.594745983150236,
            18.789851289755344,
            14.308202070150667,
            28.275653631366296,
            35.528701847081635,
            34.451988832892695,
            32.14858914982371,
            18.220990446923373,
            30.42149498493435,
            20.21373894394695,
            38.25297749152726,
            20.228096794048742,
            37.499506250745995,
            24.06682804917206,
            30.25772012406321
        ],
        "sinr_ue2": [
            22.58136094715073,
            13.29594223177545,
            29.812051836885097,
            13.26150114337229,
            22.718630846337412,
            32.28679288574049,
            15.36025691411135,
            29.704984427197267,
            15.425059441662285,
            15.475271249699677,
            13.467042071835264,
            13.490087148482976,
            33.11593793041336,
            15.49059430877972,
            19.77238775121411,
            9.492228548939387,
            9.535335131949722,
            7.594089573772282,
            19.833143843893136,
            29.297928242510398
        ],
        "power_bs1": [
            45.15227235586178,
            42.15227235586178,
            41.15227235586178,
            40.15227235586178,
            41.15227235586178,
            42.15227235586178,
            41.15227235586178,
            40.15227235586178,
            39.15227235586178,
            38.15227235586178,
            37.15227235586178,
            36.15227235586178,
            39.15227235586178,
            36.15227235586178,
            39.15227235586178,
            38.15227235586178,
            41.15227235586178,
            42.15227235586178,
            41.15227235586178,
            38.15227235586178
        ],
        "power_bs2": [
            40.350149194582855,
            39.350149194582855,
            38.350149194582855,
            37.350149194582855,
            36.350149194582855,
            39.350149194582855,
            40.350149194582855,
            39.350149194582855,
            38.350149194582855,
            37.350149194582855,
            34.350149194582855,
            33.350149194582855,
            34.350149194582855,
            35.350149194582855,
            32.350149194582855,
            31.350149194582855,
            34.350149194582855,
            33.350149194582855,
            30.35014919458286,
            29.35014919458286
        ]
    }
}