{
    "episode": 4160,
    "seed": 4160,
    "metrics": {
        "sinr_ue1": [
            42.15268365765756,
            37.71951354106393,
            16.246866189916368,
            18.371400413405116,
            14.328543576261563,
            28.497017858740612,
            12.110964276708195,
            28.726116259601106,
            20.15183718708117,
            24.247337534710567,
            26.12647930938515,
            26.266589745250016,
            44.3034724199658,
            30.4699375983226,
            41.017872599741054,
            22.52568055179704,
            16.633433518086385,
            32.014062338590406,
            23.9986761011119,
            16.60128425094333
        ],
        "sinr_ue2": [
            20.034619966902625,
            20.001418024139745,
            34.66593149290497,
            39.038300927066565,
            34.44172111797558,
            29.76929689480278,
            45.90946597357012,
            25.657361017060595,
            38.94229898952257,
            33.80685370842442,
            27.177139040721944,
            13.844739899985727,
            13.51527419101729,
            26.92068333008973,
            15.842970404932736,
            34.61534674713084,
            41.25263245652717,
            21.633425135053173,
            41.40176077929206,
            36.25095150707048
        ],
        "power_bs1": [
            39.20692988838378,
            36.20692988838379,
            35.20692988838378,
            34.20692988838378,
            33.20692988838379,
            30.206929888383787,
            31.206929888383787,
            32.20692988838379,
            35.20692988838378,
            36.20692988838379,
            39.20692988838379,
            42.20692988838379,
            45.20692988838378,
            44.20692988838379,
            41.20692988838379,
            42.20692988838379,
            39.20692988838378,
            40.20692988838378,
            37.20692988838379,
            38.20692988838379
        ],
        "power_bs2": [
            39.92011292326766,
            36.920112923267666,
            39.92011292326766,
            36.92011292326766,
            39.92011292326766,
            40.92011292326766,
            39.92011292326766,
            38.92011292326766,
            35.92011292326766,
            32.92011292326766,
            33.92011292326766,
            36.92011292326766,
            33.92011292326766,
            34.92011292326766,
            37.92011292326766,
            40.92011292326766,
            43.92011292326765,
            42.92011292326766,
            45.92011292326766,
            42.92011292326766
        ]
    }
}