{
    "episode": 154,
    "seed": 154,
    "metrics": {
        "sinr_ue1": [
            31.628549457034527,
            29.09314258210052,
            51.38866499682549,
            23.088875923760256,
            24.99268037729105,
            43.167519239006296,
            19.059777754453137,
            13.16196118641619,
            17.20088110330147,
            35.540614869506534,
            33.429598891523355,
            32.35836708750104,
            19.604072011325076,
            9.968716439654395,
            13.265886041764325,
            29.956916990357932,
            9.340916012896036,
            32.87431120167898,
            11.202512912897607,
            15.2367328285111
        ],
        "sinr_ue2": [
            27.199122141806335,
            17.67050993963338,
            17.439657844655276,
            21.629971514606478,
            23.873937099623742,
            6.2956924522415125,
            27.258059921970087,
            31.595894810277517,
            34.044955540309985,
            10.304735276383754,
            20.805725986006568,
            14.329670922211887,
            14.310749326869342,
            30.51343918907689,
            27.242077534008885,
            20.206167668177628,
            20.27733996620549,
            18.34072028002068,
            31.04306018995908,
            28.376468813108296
        ],
        "power_bs1": [
            42.944468361168795,
            45.944468361168795,
            44.944468361168795,
            41.9444683611688,
            40.944468361168795,
            37.944468361168795,
            34.944468361168795,
            31.944468361168795,
            32.944468361168795,
            35.944468361168795,
            38.944468361168795,
            35.944468361168795,
            32.944468361168795,
            31.944468361168795,
            30.944468361168795,
            29.944468361168795,
            32.944468361168795,
            33.944468361168795,
            36.944468361168795,
            37.944468361168795
        ],
        "power_bs2": [
            33.85942695472291,
            32.85942695472291,
            31.859426954722913,
            34.85942695472291,
            31.859426954722913,
            30.859426954722913,
            31.859426954722913,
            34.85942695472291,
            31.859426954722913,
            32.85942695472291,
            33.85942695472291,
            36.85942695472291,
            33.85942695472291,
            36.85942695472291,
            33.85942695472291,
            36.85942695472291,
            39.859426954722906,
            38.85942695472291,
            41.85942695472291,
            38.85942695472291
        ]
    }
}