{
    "episode": 1236,
    "seed": 1236,
    "metrics": {
        "sinr_ue1": [
            25.165370952430077,
            45.51605946188381,
            37.562850942150334,
            26.876292152822163,
            34.27848061506137,
            24.934281503437525,
            48.72680144868446,
            55.34744728520763,
            30.840692113426506,
            43.591152725349986,
            20.905234093985946,
            35.637126442402135,
            21.1748790958536,
            37.15317880847545,
            38.413697448912146,
            38.330667842827964,
            44.43468103904209,
            44.58543438247908,
            36.20028287934649,
            43.526988429978516
        ],
        "sinr_ue2": [
            30.20979924241483,
            12.315924891449272,
            14.321629232300175,
            25.972017917375524,
            14.223374656829904,
            12.277986790943867,
            6.349572001120556,
            2.289116452943887,
            29.779841848973696,
            10.284109885437845,
            29.042110868915962,
            16.34271659479229,
            34.6222481784497,
            16.48255383910542,
            32.58664290631145,
            12.50045958236057,
            12.587910761125405,
            20.08365888247166,
            14.65043288065495,
            10.653440315998605
        ],
        "power_bs1": [
            37.30536999513064,
            38.30536999513064,
            35.30536999513064,
            36.30536999513063,
            33.30536999513064,
            36.30536999513063,
            39.30536999513064,
            40.30536999513064,
            39.30536999513064,
            38.30536999513064,
            35.30536999513063,
            38.30536999513064,
            35.30536999513063,
            36.30536999513063,
            39.30536999513064,
            40.30536999513064,
            41.30536999513063,
            44.30536999513063,
            41.30536999513063,
            42.30536999513064
        ],
        "power_bs2": [
            34.931034743789525,
            35.931034743789525,
            34.931034743789525,
            31.931034743789525,
            32.931034743789525,
            33.931034743789525,
            30.931034743789525,
            27.931034743789525,
            30.931034743789525,
            33.931034743789525,
            36.931034743789525,
            39.931034743789525,
            36.931034743789525,
            37.93103474378952,
            38.931034743789525,
            37.93103474378952,
            38.931034743789525,
            41.93103474378952,
            40.931034743789525,
            37.93103474378952
        ]
    }
}