{
    "episode": 1558,
    "seed": 1558,
    "metrics": {
        "sinr_ue1": [
            38.27234749745271,
            35.16473315089305,
            40.775251810223594,
            38.78290836822855,
            19.101039925619926,
            15.194650933794538,
            30.65460212633226,
            13.271057274102427,
            9.24151396433213,
            11.225555011052847,
            26.32523944857396,
            23.563639341220274,
            22.01031154649921,
            7.181675846593025,
            21.547065789034026,
            22.23954440202492,
            22.468819163519544,
            20.15545438321633,
            7.16957225242541,
            3.333766757623035
        ],
        "sinr_ue2": [
            25.053914613046988,
            16.981378813627355,
            17.030024446460942,
            15.59454111308382,
            33.86337206918518,
            40.2593951003505,
            23.221498645520548,
            38.961913973281824,
            50.01811440881993,
            42.60738278744189,
            31.269108034466488,
            29.34966550974663,
            31.23461454052892,
            45.05476131930287,
            44.346195256672644,
            27.226568529453175,
            29.334552425182906,
            31.37543831052437,
            31.38270544597361,
            47.16465797840144
        ],
        "power_bs1": [
            44.32756124281724,
            43.32756124281724,
            40.32756124281724,
            37.32756124281724,
            38.32756124281724,
            37.32756124281724,
            38.32756124281724,
            39.32756124281724,
            36.32756124281724,
            39.32756124281724,
            36.32756124281724,
            39.32756124281724,
            38.32756124281724,
            35.32756124281724,
            38.32756124281724,
            37.32756124281724,
            34.32756124281724,
            33.32756124281724,
            36.32756124281724,
            37.32756124281724
        ],
        "power_bs2": [
            38.153672620358535,
            35.153672620358535,
            32.153672620358535,
            29.153672620358535,
            32.153672620358535,
            35.153672620358535,
            36.153672620358535,
            39.153672620358535,
            40.153672620358535,
            41.153672620358535,
            42.15367262035854,
            43.153672620358535,
            44.153672620358535,
            41.153672620358535,
            40.153672620358535,
            39.153672620358535,
            38.153672620358535,
            39.153672620358535,
            42.153672620358535,
            41.153672620358535
        ]
    }
}