{
    "episode": 1596,
    "seed": 1596,
    "metrics": {
        "sinr_ue1": [
            21.39839853273422,
            26.285022178246173,
            -0.4114879677938823,
            -2.3671404548467105,
            24.327109962074363,
            3.515660548751496,
            26.02911665396455,
            26.795957683978667,
            24.915256032119437,
            15.546730368906804,
            17.64590069633789,
            43.54264970310211,
            19.771904067266906,
            36.27368902474019,
            23.610695505177066,
            29.2000266194624,
            40.54350657708035,
            39.971269496154996,
            34.33829841038645,
            20.28471626577899
        ],
        "sinr_ue2": [
            14.038314247998445,
            16.917776141639962,
            38.87021530855318,
            42.384048725140715,
            22.238291489085217,
            21.660221783855746,
            13.005601093832313,
            12.920022232475315,
            9.003357053403224,
            19.40538518862972,
            23.40748192898797,
            3.033217518251325,
            3.054554205248763,
            1.0249805515598176,
            19.812575327609807,
            10.701309608094455,
            -0.8290234481010461,
            7.606568345129552,
            1.1102562722669216,
            20.09696587207005
        ],
        "power_bs1": [
            35.0069038180446,
            32.0069038180446,
            29.0069038180446,
            26.0069038180446,
            29.0069038180446,
            32.0069038180446,
            35.0069038180446,
            32.0069038180446,
            33.00690381804459,
            36.0069038180446,
            39.0069038180446,
            42.0069038180446,
            45.0069038180446,
            44.0069038180446,
            43.00690381804459,
            44.0069038180446,
            41.00690381804459,
            44.0069038180446,
            45.0069038180446,
            44.0069038180446
        ],
        "power_bs2": [
            32.66517896614562,
            29.665178966145618,
            32.66517896614562,
            31.665178966145618,
            28.66517896614562,
            31.665178966145618,
            28.665178966145618,
            25.665178966145618,
            22.665178966145618,
            23.665178966145618,
            24.665178966145618,
            25.665178966145618,
            28.665178966145618,
            25.665178966145618,
            22.665178966145618,
            21.665178966145614,
            20.665178966145618,
            23.665178966145618,
            26.665178966145614,
            29.665178966145618
        ]
    }
}