{
    "episode": 1210,
    "seed": 1210,
    "metrics": {
        "sinr_ue1": [
            19.081591823976982,
            39.47727937146917,
            17.046716234852212,
            13.240549840400902,
            36.01044698311075,
            27.340810189477125,
            35.38146713701088,
            15.496765886490216,
            28.32516869344918,
            14.154495786762295,
            29.808743863716558,
            15.57912352450918,
            13.426056725521072,
            17.193852193004393,
            17.42195536053085,
            39.258436597038006,
            37.56901724429412,
            23.309203490294408,
            14.039899504154313,
            38.895731398346726
        ],
        "sinr_ue2": [
            47.85622853273182,
            30.15772147726632,
            51.07124799031791,
            50.27948890469165,
            32.1396041501457,
            34.34904367680753,
            34.332707570925244,
            51.60553043718404,
            38.41177385631736,
            52.688622244972834,
            30.88675304969941,
            45.93967760843728,
            54.41609593336236,
            41.363335174954756,
            32.8081123735661,
            26.90417975191192,
            28.873007064472787,
            45.849636595548525,
            44.48078967443106,
            28.740196827579084
        ],
        "power_bs1": [
            35.07952330606941,
            32.079523306069404,
            29.079523306069408,
            26.079523306069404,
            27.079523306069404,
            28.079523306069408,
            25.079523306069408,
            22.079523306069404,
            21.079523306069404,
            24.079523306069408,
            25.079523306069404,
            22.079523306069404,
            21.079523306069404,
            22.079523306069404,
            25.079523306069404,
            28.079523306069408,
            29.079523306069408,
            32.079523306069404,
            33.079523306069404,
            36.079523306069404
        ],
        "power_bs2": [
            35.21396514000091,
            32.213965140000916,
            31.213965140000912,
            32.213965140000916,
            29.21396514000091,
            32.213965140000916,
            29.21396514000091,
            26.213965140000912,
            29.21396514000091,
            26.213965140000912,
            25.213965140000912,
            26.213965140000912,
            27.213965140000912,
            24.21396514000091,
            27.213965140000912,
            24.21396514000091,
            27.213965140000912,
            28.21396514000091,
            31.213965140000912,
            34.21396514000091
        ]
    }
}