{
    "episode": 1515,
    "seed": 1515,
    "metrics": {
        "sinr_ue1": [
            11.614827417648517,
            27.203518162267702,
            32.33561642605461,
            24.20174257790991,
            21.952487156753296,
            7.596758225408148,
            23.133297955439712,
            7.5399156854316915,
            14.099954323962727,
            30.15250367476918,
            13.541723468879663,
            21.064956333948423,
            29.218901368162197,
            13.493439683160688,
            9.517862506282531,
            13.462866574583401,
            17.464550634067542,
            41.41806657906823,
            23.412138138635378,
            35.10525356302472
        ],
        "sinr_ue2": [
            18.501374854005338,
            15.250150380645792,
            3.4874063011286154,
            7.428822567251251,
            9.453701839554952,
            26.948586358172918,
            9.502868123427763,
            23.100490755944797,
            3.5550616983510968,
            13.593300580601513,
            20.886045532054567,
            21.111556001927013,
            3.556052754372817,
            20.05103511025432,
            22.254869982158848,
            12.0500040764436,
            8.837973403109036,
            2.1418560232203347,
            11.727912681157111,
            2.321176424245907
        ],
        "power_bs1": [
            40.92989914525627,
            37.92989914525627,
            38.92989914525627,
            37.92989914525627,
            34.92989914525627,
            37.92989914525627,
            34.92989914525627,
            35.92989914525627,
            38.92989914525627,
            37.92989914525627,
            38.92989914525627,
            39.92989914525627,
            36.92989914525627,
            39.92989914525627,
            36.92989914525627,
            37.92989914525627,
            38.92989914525627,
            41.929899145256265,
            40.92989914525627,
            37.929899145256265
        ],
        "power_bs2": [
            42.748270968840515,
            43.74827096884051,
            40.74827096884051,
            43.74827096884051,
            42.748270968840515,
            43.74827096884051,
            42.748270968840515,
            41.74827096884051,
            40.74827096884051,
            37.74827096884051,
            38.74827096884051,
            41.74827096884051,
            38.74827096884051,
            39.74827096884051,
            40.74827096884051,
            37.74827096884051,
            34.74827096884051,
            31.748270968840508,
            30.748270968840504,
            29.748270968840508
        ]
    }
}