{
    "episode": 3989,
    "seed": 3989,
    "metrics": {
        "sinr_ue1": [
            39.78246697153005,
            29.520038461229873,
            40.03405365152357,
            40.80526809372563,
            52.76191988869647,
            46.94052264352693,
            33.249504279101245,
            52.87137723831279,
            31.521397730255067,
            35.298095956269805,
            55.21610881805981,
            50.96000941350547,
            52.565624370678265,
            45.033380119191165,
            47.943386611215516,
            45.98043097272167,
            41.57846341435317,
            35.38817640762643,
            42.08732798260233,
            42.57958979514875
        ],
        "sinr_ue2": [
            14.020155224511218,
            13.999751171934552,
            9.969490496120727,
            7.973955918432482,
            10.021771051687352,
            21.862292520223168,
            25.315988671734303,
            20.331631527993412,
            23.156439087515032,
            10.200861652068518,
            0.09765358148715812,
            8.090563657254835,
            12.044994014031447,
            21.05633125972954,
            10.016377035629345,
            8.012371746983819,
            14.314452299223229,
            25.139272030430597,
            10.002170588687243,
            20.319426536651495
        ],
        "power_bs1": [
            37.65192792967013,
            40.65192792967012,
            43.65192792967014,
            42.65192792967013,
            43.65192792967014,
            42.65192792967013,
            43.65192792967014,
            44.65192792967013,
            41.65192792967013,
            42.65192792967013,
            45.65192792967014,
            42.65192792967013,
            39.65192792967013,
            38.65192792967013,
            41.65192792967013,
            40.65192792967014,
            43.65192792967014,
            40.65192792967014,
            37.65192792967013,
            34.65192792967013
        ],
        "power_bs2": [
            37.72459948988064,
            40.724599489880646,
            39.72459948988064,
            36.72459948988064,
            39.72459948988064,
            36.72459948988064,
            39.72459948988064,
            36.72459948988064,
            39.72459948988064,
            36.72459948988064,
            37.72459948988064,
            36.72459948988064,
            37.72459948988064,
            34.72459948988064,
            37.72459948988064,
            34.72459948988063,
            31.724599489880635,
            34.72459948988063,
            33.72459948988063,
            30.724599489880635
        ]
    }
}