{
    "episode": 1161,
    "seed": 1161,
    "metrics": {
        "sinr_ue1": [
            34.49094470560845,
            40.26421436587369,
            34.33647163043525,
            50.06512520403888,
            51.98341987593512,
            38.07374283255299,
            40.04773740043576,
            55.429704929524476,
            58.73643752644477,
            39.70914407426473,
            53.115529046424335,
            61.021992467373906,
            63.592388432547764,
            39.85251061764326,
            43.694073881081756,
            62.72303655994132,
            62.31862726842782,
            41.98325264568082,
            65.57051107500561,
            61.19927747623485
        ],
        "sinr_ue2": [
            31.322044864532195,
            23.205681871008906,
            35.9644595120257,
            13.982637830695182,
            26.818564068449913,
            29.783693634967815,
            26.304866619631177,
            13.974144841180856,
            24.13297409687391,
            26.93330514047392,
            23.2805595030267,
            -0.14003058007991206,
            11.100721793000714,
            29.965215457666773,
            18.802184732518384,
            1.9016459051209846,
            7.841163473844253,
            22.178841660257824,
            7.892785321843982,
            5.955666595266068
        ],
        "power_bs1": [
            42.04306304311898,
            45.04306304311898,
            42.04306304311898,
            41.04306304311898,
            40.04306304311897,
            39.04306304311898,
            40.04306304311898,
            37.04306304311898,
            36.04306304311898,
            35.04306304311898,
            38.04306304311898,
            41.04306304311898,
            38.04306304311898,
            37.04306304311898,
            40.04306304311897,
            41.04306304311898,
            38.04306304311898,
            39.04306304311898,
            40.04306304311897,
            41.04306304311898
        ],
        "power_bs2": [
            41.138098573158274,
            38.138098573158274,
            41.138098573158274,
            38.138098573158274,
            37.138098573158274,
            34.138098573158274,
            33.138098573158274,
            34.138098573158274,
            31.13809857315827,
            28.138098573158274,
            27.13809857315827,
            24.138098573158267,
            27.13809857315827,
            30.13809857315827,
            29.138098573158267,
            26.13809857315827,
            29.138098573158267,
            30.13809857315827,
            31.13809857315827,
            30.13809857315827
        ]
    }
}