{
    "episode": 1728,
    "seed": 1728,
    "metrics": {
        "sinr_ue1": [
            20.28504836777516,
            7.760252592019108,
            22.13872921997517,
            24.198426962079647,
            9.916660416338907,
            7.949722130219243,
            5.853909710449832,
            7.888828023713081,
            11.930957145962067,
            29.81195598324346,
            25.48779973013723,
            29.190345722979604,
            16.081542927786817,
            25.802418771668513,
            18.09253855919704,
            16.022078715044902,
            26.291125739692855,
            13.822746581444987,
            7.80505894002099,
            16.673993344855486
        ],
        "sinr_ue2": [
            11.557118182346123,
            15.510861219935805,
            15.534934274743232,
            9.590598685184094,
            27.77872750399206,
            26.86870055427405,
            30.11333082578808,
            23.607579538136065,
            15.196941219854383,
            5.5232711748091905,
            9.542625947628066,
            18.41978025305106,
            17.693907668020202,
            3.562394611364815,
            24.668863649105568,
            19.269698499785495,
            7.561880658162535,
            19.59209998459744,
            30.812166532029085,
            20.638841894577435
        ],
        "power_bs1": [
            39.08998858362776,
            38.08998858362776,
            37.08998858362776,
            40.08998858362776,
            37.08998858362776,
            38.08998858362776,
            37.08998858362776,
            36.08998858362776,
            37.08998858362776,
            36.08998858362776,
            35.08998858362776,
            38.08998858362776,
            39.08998858362776,
            40.08998858362776,
            41.08998858362776,
            38.08998858362776,
            37.08998858362776,
            40.08998858362776,
            37.08998858362776,
            38.08998858362776
        ],
        "power_bs2": [
            35.61277938295268,
            38.61277938295268,
            37.61277938295268,
            34.612779382952674,
            31.612779382952677,
            34.612779382952674,
            35.61277938295268,
            32.61277938295268,
            29.612779382952677,
            26.612779382952677,
            29.612779382952677,
            26.612779382952677,
            27.612779382952674,
            28.612779382952674,
            27.61277938295268,
            26.612779382952677,
            29.612779382952677,
            30.612779382952677,
            33.612779382952674,
            30.612779382952677
        ]
    }
}