{
    "episode": 3140,
    "seed": 3140,
    "metrics": {
        "sinr_ue1": [
            45.25123506424316,
            48.87095249243549,
            48.81801003923067,
            50.431128204341576,
            46.13769534217943,
            59.90241104215953,
            63.93387862443746,
            52.56647743360855,
            51.97067080075159,
            37.51178935191241,
            37.43134688879703,
            50.750244601718386,
            57.16693091256709,
            51.42772515335287,
            39.9424725329919,
            40.296040219591646,
            57.27931967111797,
            56.2621690078909,
            38.88723539660313,
            38.469115913154056
        ],
        "sinr_ue2": [
            21.694167304131646,
            18.440112796748704,
            18.76752487612126,
            7.991589078927623,
            16.187566085094247,
            5.592636578770223,
            1.6522420822576576,
            -0.3430822648248486,
            5.719850896552283,
            24.84767111222995,
            21.73210534884662,
            11.790150284609815,
            7.767758164842807,
            24.206079883961205,
            20.49041057902506,
            7.7533933592322715,
            7.712435943033055,
            5.68260515751406,
            24.60200522492098,
            27.244912052031655
        ],
        "power_bs1": [
            38.121727825689355,
            39.121727825689355,
            40.121727825689355,
            43.121727825689355,
            40.121727825689355,
            39.121727825689355,
            42.121727825689355,
            43.121727825689355,
            40.121727825689355,
            39.121727825689355,
            36.121727825689355,
            37.121727825689355,
            38.121727825689355,
            37.121727825689355,
            40.121727825689355,
            43.121727825689355,
            40.121727825689355,
            43.121727825689355,
            42.12172782568935,
            41.12172782568935
        ],
        "power_bs2": [
            31.134225057923437,
            28.13422505792344,
            29.134225057923437,
            30.134225057923437,
            31.134225057923437,
            34.13422505792344,
            33.134225057923445,
            32.13422505792344,
            35.13422505792344,
            38.134225057923445,
            35.13422505792344,
            38.13422505792344,
            35.13422505792344,
            34.13422505792344,
            37.13422505792344,
            40.13422505792343,
            37.13422505792344,
            38.13422505792344,
            41.13422505792344,
            40.13422505792343
        ]
    }
}