{
    "episode": 67,
    "seed": 67,
    "metrics": {
        "sinr_ue1": [
            10.098940909917587,
            10.48514719274193,
            16.070110817328477,
            0.41021866292699655,
            20.888353284097168,
            21.257720086752858,
            26.950144766793915,
            4.448058119322463,
            6.456214877501694,
            8.364003012017312,
            10.40666706336352,
            8.304555939363908,
            18.613845829646706,
            12.4175858243416,
            11.962564153638603,
            20.44063533522603,
            10.116217647041434,
            12.001945222149148,
            8.142699233800382,
            8.004021531591462
        ],
        "sinr_ue2": [
            28.27314882932214,
            19.793702072915416,
            7.070853359603747,
            30.93463438824044,
            9.091248269294049,
            7.1129563882672455,
            5.153087750148371,
            17.819109541547803,
            17.88161028087664,
            20.56382321854306,
            22.504946653866863,
            22.6873229546191,
            7.171200979879426,
            17.387876563854636,
            16.223225252191703,
            5.153752800847299,
            3.1229309334061006,
            22.51741387279711,
            18.20496413842853,
            25.970610226904164
        ],
        "power_bs1": [
            35.090773208650155,
            38.090773208650155,
            35.090773208650155,
            32.09077320865015,
            35.090773208650155,
            34.090773208650155,
            35.090773208650155,
            34.090773208650155,
            37.09077320865015,
            36.09077320865015,
            35.09077320865015,
            32.09077320865015,
            31.090773208650152,
            34.090773208650155,
            31.090773208650152,
            34.09077320865015,
            37.09077320865015,
            36.09077320865015,
            35.09077320865015,
            38.09077320865015
        ],
        "power_bs2": [
            39.53204591079685,
            38.53204591079685,
            39.53204591079685,
            42.53204591079685,
            41.53204591079685,
            38.53204591079685,
            37.53204591079685,
            40.532045910796846,
            41.53204591079685,
            38.53204591079685,
            35.53204591079685,
            34.53204591079685,
            35.53204591079685,
            32.53204591079685,
            35.53204591079685,
            36.53204591079685,
            37.53204591079685,
            34.53204591079685,
            37.53204591079685,
            40.532045910796846
        ]
    }
}