{
    "episode": 1442,
    "seed": 1442,
    "metrics": {
        "sinr_ue1": [
            24.29053187413688,
            5.831426458024529,
            1.7648682728129048,
            24.4697432509671,
            -2.341116719784469,
            -0.45993506122705413,
            17.919327710851054,
            8.923885683108967,
            14.328781505051593,
            3.7941410689497306,
            15.966352024156063,
            5.948309998849199,
            -0.0589466605377507,
            3.8273140847804665,
            24.124109169146983,
            13.406238101936038,
            11.31297090054563,
            20.07780766988867,
            22.23670204642186,
            7.349180263789639
        ],
        "sinr_ue2": [
            14.958178778510023,
            31.961218834833204,
            33.44550858874078,
            22.877019654801842,
            39.078682836152566,
            37.9769534172892,
            39.795518669697294,
            24.811927116751903,
            39.90453409321556,
            20.863693639244726,
            20.860992277782668,
            29.68830252391465,
            46.854521931511655,
            25.631424427835412,
            18.791155336453272,
            18.712559890742043,
            18.51522054361276,
            20.624221824224826,
            31.746935025359583,
            27.76493110587157
        ],
        "power_bs1": [
            39.869650487699985,
            36.86965048769998,
            35.86965048769998,
            32.869650487699985,
            31.86965048769998,
            30.869650487699978,
            33.869650487699985,
            30.869650487699978,
            31.86965048769998,
            34.86965048769998,
            35.86965048769998,
            34.86965048769998,
            31.86965048769998,
            34.86965048769998,
            33.86965048769998,
            30.869650487699978,
            27.86965048769998,
            28.869650487699978,
            29.869650487699978,
            32.869650487699985
        ],
        "power_bs2": [
            40.2550014052414,
            41.255001405241394,
            44.2550014052414,
            41.255001405241394,
            44.2550014052414,
            41.255001405241394,
            40.2550014052414,
            41.255001405241394,
            38.2550014052414,
            41.255001405241394,
            42.2550014052414,
            39.2550014052414,
            42.2550014052414,
            41.255001405241394,
            38.2550014052414,
            35.2550014052414,
            32.255001405241394,
            35.2550014052414,
            32.255001405241394,
            35.255001405241394
        ]
    }
}