{
    "episode": 1863,
    "seed": 1863,
    "metrics": {
        "sinr_ue1": [
            22.42876745710053,
            22.71574725583846,
            24.22653699583148,
            4.441849505281547,
            6.3703391102120825,
            10.436521091510402,
            20.432901685797265,
            6.422901380468846,
            20.843810545504596,
            16.163982968996116,
            8.548680955957586,
            6.608552909175971,
            19.24086867600537,
            0.5242216601772507,
            0.5887883482599314,
            15.969067418433118,
            22.973909157896838,
            8.741058257423688,
            30.374050858589197,
            30.353748238574433
        ],
        "sinr_ue2": [
            7.5635809996255565,
            28.835283244077537,
            9.51296658969288,
            25.993170716756104,
            7.561084564540213,
            23.704291684789087,
            18.44128950355592,
            25.921405192295328,
            7.584427239348832,
            5.6054010896837925,
            23.83938034489546,
            20.550776554035224,
            13.463492887534741,
            29.888484434333304,
            29.095170681042802,
            9.507087528708173,
            5.586697627597099,
            25.495768973392142,
            -0.4174909073351275,
            -2.4419565705356634
        ],
        "power_bs1": [
            41.17839688179272,
            38.178396881792715,
            37.178396881792715,
            38.178396881792715,
            41.17839688179272,
            42.178396881792715,
            41.17839688179272,
            40.178396881792715,
            41.17839688179272,
            40.178396881792715,
            37.178396881792715,
            36.17839688179272,
            33.178396881792715,
            34.178396881792715,
            33.178396881792715,
            34.178396881792715,
            37.178396881792715,
            36.17839688179272,
            39.178396881792715,
            42.178396881792715
        ],
        "power_bs2": [
            34.10652111573052,
            33.10652111573052,
            32.10652111573052,
            33.10652111573052,
            34.10652111573052,
            31.106521115730523,
            30.106521115730523,
            33.10652111573052,
            34.10652111573052,
            31.106521115730523,
            28.106521115730523,
            29.106521115730523,
            32.10652111573052,
            33.10652111573052,
            32.10652111573052,
            29.106521115730523,
            28.106521115730523,
            27.106521115730523,
            24.106521115730523,
            25.106521115730523
        ]
    }
}