{
    "episode": 2276,
    "seed": 2276,
    "metrics": {
        "sinr_ue1": [
            35.28270129625043,
            27.839324696474563,
            28.855352937752624,
            12.387701468995713,
            16.40210925414084,
            20.372700877350663,
            32.57908712850856,
            22.34358439951647,
            22.274145922197928,
            22.30313672477245,
            22.365780922719054,
            33.79678418844407,
            32.42110985959379,
            20.347322188852587,
            22.034819312180005,
            37.82220836668512,
            27.006568479612703,
            33.57122844231081,
            16.35045314044324,
            18.351527327973958
        ],
        "sinr_ue2": [
            10.452464563815425,
            22.813443858780257,
            20.600004761675596,
            28.446250186635606,
            21.699986409201813,
            25.67481336944922,
            20.956675393426494,
            14.282583868720222,
            13.865682872846454,
            14.887037924344053,
            12.29712660403067,
            6.323464444638187,
            4.363210324314185,
            26.094652632463706,
            6.332594154647041,
            6.314246342052491,
            8.358785355137181,
            6.332873966515175,
            31.150250565199904,
            24.484206556651785
        ],
        "power_bs1": [
            42.67989229137653,
            45.679892291376525,
            42.67989229137653,
            39.67989229137653,
            40.679892291376525,
            43.679892291376525,
            42.67989229137653,
            41.67989229137653,
            40.679892291376525,
            41.67989229137653,
            42.67989229137653,
            39.67989229137653,
            40.679892291376525,
            41.67989229137653,
            38.67989229137653,
            37.67989229137653,
            38.67989229137653,
            37.67989229137653,
            34.679892291376525,
            37.67989229137653
        ],
        "power_bs2": [
            39.78827841013843,
            38.78827841013843,
            37.78827841013843,
            40.78827841013843,
            37.78827841013843,
            36.78827841013843,
            35.78827841013843,
            32.788278410138425,
            31.78827841013843,
            32.788278410138425,
            33.78827841013843,
            32.78827841013843,
            31.78827841013843,
            34.78827841013843,
            31.78827841013843,
            30.78827841013843,
            33.78827841013843,
            30.78827841013843,
            31.788278410138425,
            32.788278410138425
        ]
    }
}