{
    "episode": 1761,
    "seed": 1761,
    "metrics": {
        "sinr_ue1": [
            27.16522509165095,
            9.43461494112036,
            14.395194284394904,
            5.447254584903838,
            8.771491734763103,
            21.278517609811615,
            3.338530466393666,
            -0.705175709210427,
            8.542225110686699,
            10.33591185391366,
            -0.7021437962960897,
            1.3485375516854858,
            -0.5896869586132036,
            12.217765590399006,
            8.577059613108284,
            18.57640960627432,
            19.063155215137673,
            3.339050379136172,
            3.3845180173730482,
            5.438021037999868
        ],
        "sinr_ue2": [
            30.695103284220995,
            35.64827562141278,
            24.42871464947033,
            40.81962820537822,
            28.021052743234694,
            24.279488741883505,
            44.12024237587592,
            45.83328133549149,
            34.94416852576671,
            44.58385805764095,
            37.383699431305565,
            39.58209768198462,
            41.34293101738847,
            29.652853154089563,
            26.15330501828921,
            38.7611693070063,
            24.320769278510465,
            40.679135106680775,
            37.30230210408473,
            41.596831614817624
        ],
        "power_bs1": [
            30.228820415362087,
            31.228820415362083,
            28.228820415362087,
            27.228820415362087,
            24.228820415362087,
            27.228820415362087,
            24.228820415362083,
            21.228820415362083,
            24.228820415362083,
            21.228820415362083,
            24.228820415362083,
            25.228820415362083,
            24.228820415362083,
            21.228820415362083,
            24.228820415362083,
            23.228820415362087,
            26.228820415362083,
            25.228820415362083,
            28.22882041536208,
            29.228820415362083
        ],
        "power_bs2": [
            31.299380895681242,
            32.29938089568124,
            35.29938089568124,
            32.29938089568124,
            35.29938089568124,
            34.29938089568124,
            31.299380895681242,
            32.29938089568124,
            35.29938089568124,
            36.29938089568124,
            35.29938089568124,
            34.29938089568124,
            35.29938089568124,
            34.29938089568124,
            33.29938089568124,
            30.29938089568124,
            33.29938089568124,
            32.29938089568124,
            35.29938089568124,
            34.29938089568124
        ]
    }
}