{
    "episode": 2108,
    "seed": 2108,
    "metrics": {
        "sinr_ue1": [
            35.38894437890305,
            36.252578350691095,
            16.83214085779381,
            14.959965592207494,
            29.54173235940905,
            12.849019384608471,
            12.882535133523298,
            17.27623959770559,
            26.772818118981306,
            14.843433530440597,
            16.844424562544766,
            31.983866828041666,
            33.485604994900314,
            25.635735569629748,
            10.965762779436172,
            22.24450444137872,
            24.441050053210436,
            11.830812026872886,
            6.912959621849778,
            18.413549475289198
        ],
        "sinr_ue2": [
            2.5395503578496985,
            2.3967354931328857,
            17.18253485103633,
            4.682805709277808,
            6.756285826723305,
            22.648207067982824,
            6.636970452360481,
            26.858329101196162,
            22.733355601235125,
            4.796206937787405,
            17.396216222802924,
            2.8602505402108007,
            4.913978638961715,
            8.771075509844989,
            25.664749762778456,
            20.241430009700263,
            12.631130722229976,
            29.568226863881172,
            31.580309769793086,
            18.38983434618148
        ],
        "power_bs1": [
            42.129775689461724,
            39.129775689461724,
            36.129775689461724,
            39.129775689461724,
            40.129775689461724,
            37.12977568946173,
            40.129775689461724,
            39.129775689461724,
            40.129775689461724,
            43.12977568946173,
            44.129775689461724,
            43.12977568946173,
            40.129775689461724,
            37.129775689461724,
            36.129775689461724,
            35.129775689461724,
            34.129775689461724,
            33.129775689461724,
            30.129775689461727,
            27.129775689461724
        ],
        "power_bs2": [
            38.097891840247975,
            35.097891840247975,
            34.097891840247975,
            37.097891840247975,
            40.097891840247975,
            37.097891840247975,
            40.097891840247975,
            39.09789184024797,
            38.097891840247975,
            41.097891840247975,
            40.097891840247975,
            39.09789184024797,
            38.097891840247975,
            39.09789184024797,
            38.097891840247975,
            39.09789184024797,
            40.097891840247975,
            41.097891840247975,
            38.097891840247975,
            39.09789184024797
        ]
    }
}