{
    "episode": 992,
    "seed": 992,
    "metrics": {
        "sinr_ue1": [
            27.61062315148385,
            37.544729396603636,
            18.905350752873908,
            20.916797095076603,
            16.846141865034124,
            18.873978367793217,
            20.948549258582055,
            16.99151816567834,
            31.723746808432608,
            16.954231719502314,
            44.2086801183505,
            40.18403569235721,
            22.803050773426413,
            39.08823392268364,
            41.496371361363735,
            36.308062501689086,
            26.559139845792398,
            35.466118802299754,
            46.63413935572518,
            36.55506472711993
        ],
        "sinr_ue2": [
            46.96664955078762,
            26.55026461979454,
            26.5873424283535,
            41.39676239136692,
            44.392342576338365,
            42.70846642687708,
            41.27295063029188,
            47.27071964390373,
            28.666681109155956,
            46.28613127828818,
            22.903525582690087,
            34.036319366691515,
            42.804077489813025,
            25.07408286286421,
            20.78628265599963,
            20.68125034433921,
            22.389472125918676,
            17.014522482569003,
            19.26670880012248,
            21.480755593117777
        ],
        "power_bs1": [
            36.42128930506783,
            39.42128930506784,
            42.42128930506784,
            41.42128930506783,
            38.42128930506783,
            37.42128930506783,
            40.42128930506784,
            37.42128930506783,
            34.42128930506783,
            31.42128930506783,
            34.42128930506783,
            35.42128930506783,
            36.42128930506783,
            33.42128930506783,
            34.42128930506783,
            33.42128930506783,
            34.42128930506783,
            33.42128930506783,
            34.42128930506783,
            33.42128930506783
        ],
        "power_bs2": [
            36.604465416745676,
            39.604465416745676,
            42.604465416745676,
            39.604465416745676,
            40.60446541674567,
            37.604465416745676,
            38.604465416745676,
            39.604465416745676,
            36.604465416745676,
            33.604465416745676,
            30.604465416745672,
            31.604465416745672,
            32.604465416745676,
            31.604465416745672,
            28.604465416745676,
            27.604465416745676,
            26.604465416745672,
            23.60446541674567,
            26.604465416745672,
            27.604465416745676
        ]
    }
}