{
    "episode": 347,
    "seed": 347,
    "metrics": {
        "sinr_ue1": [
            29.881316234074383,
            17.365095536343176,
            37.38503968314709,
            42.03125711299922,
            24.787349213040244,
            27.27358812405872,
            29.094105691391942,
            39.55494476319836,
            36.85152323493716,
            21.320502624649414,
            27.420515475270992,
            17.37847925017461,
            33.14968618519408,
            13.348102730083573,
            17.15538612588429,
            33.311979243192575,
            41.04863631069521,
            45.617233159737296,
            33.42384270121839,
            34.40487369403103
        ],
        "sinr_ue2": [
            36.12273004286922,
            44.881399645935545,
            45.75811226553964,
            26.38028608241454,
            35.49807514650722,
            39.563081258357556,
            36.59548132904489,
            21.68537700569752,
            23.698297511975596,
            40.65571408617384,
            39.380262578083716,
            45.02872473017913,
            37.33224935752515,
            49.27651218684461,
            50.737588347581365,
            24.624743588854905,
            37.72581145381933,
            16.75860290964488,
            30.92369964732206,
            13.250610639397124
        ],
        "power_bs1": [
            37.46879329880322,
            40.46879329880322,
            37.46879329880322,
            40.46879329880322,
            41.46879329880322,
            44.46879329880322,
            43.46879329880323,
            40.46879329880322,
            37.46879329880322,
            38.46879329880322,
            37.46879329880323,
            34.46879329880322,
            31.468793298803224,
            30.468793298803224,
            31.468793298803224,
            34.46879329880322,
            35.46879329880322,
            38.46879329880322,
            41.46879329880322,
            44.46879329880322
        ],
        "power_bs2": [
            38.03803257861851,
            35.03803257861851,
            32.03803257861851,
            31.038032578618516,
            28.038032578618513,
            29.038032578618513,
            26.038032578618513,
            27.038032578618513,
            26.038032578618513,
            29.038032578618513,
            30.038032578618513,
            29.038032578618513,
            26.038032578618513,
            29.038032578618513,
            26.038032578618513,
            23.038032578618513,
            20.03803257861851,
            19.038032578618513,
            18.03803257861851,
            21.038032578618513
        ]
    }
}