{
    "episode": 4394,
    "seed": 4394,
    "metrics": {
        "sinr_ue1": [
            32.87514616300034,
            30.908527623626505,
            28.578525292177545,
            28.17879839540119,
            27.839915607999785,
            41.85563746107434,
            43.00831927525632,
            47.17193819992947,
            44.593097245015024,
            33.301654213072894,
            52.53913087004628,
            53.633166396805564,
            54.173260876566935,
            48.90497112117259,
            37.0993244386078,
            41.3632325769227,
            45.54878406990579,
            39.74955565441811,
            41.590006811391305,
            52.016815102427564
        ],
        "sinr_ue2": [
            47.03392703521067,
            46.585416727815556,
            49.07196855996568,
            49.131378949061705,
            32.428794177861946,
            34.23515181506365,
            28.50150477369645,
            28.483320093247055,
            23.794755373856454,
            44.622074088890216,
            17.262316547498553,
            18.628759634084464,
            35.14825169216787,
            22.802563788381946,
            41.006411086601595,
            31.322728197812392,
            29.531777083463524,
            38.202292931656515,
            35.4600915325843,
            22.187941146721954
        ],
        "power_bs1": [
            30.148481233810905,
            27.148481233810905,
            24.148481233810905,
            21.1484812338109,
            24.148481233810905,
            23.1484812338109,
            26.1484812338109,
            25.148481233810905,
            26.1484812338109,
            25.148481233810905,
            26.1484812338109,
            29.148481233810905,
            32.1484812338109,
            31.1484812338109,
            30.148481233810905,
            31.148481233810905,
            28.1484812338109,
            25.148481233810905,
            24.148481233810905,
            23.1484812338109
        ],
        "power_bs2": [
            35.728392458432594,
            34.728392458432594,
            33.72839245843259,
            30.72839245843259,
            33.72839245843259,
            34.728392458432594,
            31.728392458432587,
            30.72839245843259,
            29.72839245843259,
            28.72839245843259,
            25.72839245843259,
            24.72839245843259,
            27.728392458432587,
            30.728392458432587,
            29.72839245843259,
            26.728392458432587,
            25.728392458432587,
            22.728392458432587,
            19.728392458432587,
            22.728392458432587
        ]
    }
}