{
    "episode": 2914,
    "seed": 2914,
    "metrics": {
        "sinr_ue1": [
            26.20058804790148,
            31.853665755881142,
            12.424957839507439,
            6.438730304868692,
            4.404842821098672,
            21.342333985354742,
            25.999485659749617,
            12.472930644372989,
            12.41978283953102,
            37.45218568964371,
            16.44135991464933,
            18.450635854329803,
            18.449221078919194,
            31.444558825465677,
            27.08976877529488,
            35.9872927798814,
            22.280137077837736,
            22.438863814931352,
            34.60497630604166,
            27.048390922163364
        ],
        "sinr_ue2": [
            21.27030226273291,
            23.192926410376845,
            40.86539399342448,
            44.52458070380683,
            43.15692478605922,
            27.145776535719452,
            27.18082018279905,
            42.284397970701875,
            36.269178910661296,
            17.10053168167243,
            28.98538617224297,
            32.89811099178689,
            27.476791914860236,
            17.174274478941463,
            25.818753148192854,
            17.31001565276,
            32.69405561754492,
            33.01705082803718,
            19.256072878754875,
            19.326117571610496
        ],
        "power_bs1": [
            38.94605337551366,
            35.94605337551366,
            38.94605337551366,
            35.94605337551365,
            34.94605337551366,
            37.94605337551366,
            36.94605337551365,
            39.94605337551366,
            36.94605337551365,
            39.94605337551366,
            40.94605337551365,
            39.94605337551366,
            42.94605337551366,
            39.94605337551366,
            38.94605337551366,
            35.94605337551365,
            36.94605337551365,
            39.94605337551366,
            36.94605337551365,
            37.94605337551366
        ],
        "power_bs2": [
            39.21813294746953,
            38.21813294746953,
            41.21813294746953,
            44.21813294746953,
            45.21813294746953,
            44.21813294746953,
            43.21813294746953,
            42.21813294746952,
            39.21813294746953,
            36.21813294746953,
            39.21813294746953,
            36.21813294746953,
            39.21813294746953,
            36.21813294746953,
            33.21813294746952,
            32.21813294746952,
            29.218132947469524,
            32.21813294746952,
            35.21813294746953,
            36.21813294746952
        ]
    }
}