{
    "episode": 3453,
    "seed": 3453,
    "metrics": {
        "sinr_ue1": [
            45.588782445376935,
            44.54907346954903,
            22.330152036069904,
            24.45761829353977,
            22.463887053229623,
            45.379565733024776,
            49.05319511544849,
            47.51806040980436,
            49.86388907152548,
            47.54149695949212,
            24.544967122984204,
            50.056992315282926,
            34.117371955166945,
            45.17350504745474,
            22.597490915179506,
            36.038340819329655,
            30.931734075108128,
            32.03354417040252,
            35.260586624924876,
            42.19326006238313
        ],
        "sinr_ue2": [
            8.320245117173421,
            4.253390937267357,
            17.564790114120072,
            18.160371027765144,
            28.289365980199456,
            6.546582332350949,
            4.593003154063587,
            2.5663733528210053,
            2.6941357108808432,
            4.849281280330518,
            25.916379829517506,
            4.971146551968681,
            9.067274200521764,
            7.110795074703393,
            26.917889041555853,
            14.966046439843579,
            26.721980421850454,
            14.957161348366421,
            10.905942674655265,
            20.641335236753854
        ],
        "power_bs1": [
            36.27380882558817,
            39.273808825588176,
            36.27380882558817,
            35.27380882558817,
            34.273808825588176,
            35.27380882558817,
            38.273808825588176,
            37.273808825588176,
            36.27380882558817,
            33.273808825588176,
            32.273808825588176,
            35.27380882558817,
            34.27380882558817,
            37.273808825588176,
            34.27380882558817,
            33.27380882558817,
            36.27380882558817,
            35.27380882558817,
            38.27380882558817,
            41.27380882558817
        ],
        "power_bs2": [
            39.286180664385874,
            38.286180664385874,
            41.286180664385874,
            38.286180664385874,
            39.286180664385874,
            36.28618066438587,
            37.28618066438587,
            34.286180664385874,
            33.286180664385874,
            32.28618066438587,
            35.286180664385874,
            34.286180664385874,
            37.28618066438587,
            38.286180664385874,
            39.286180664385874,
            42.28618066438587,
            45.28618066438587,
            44.286180664385874,
            43.28618066438587,
            44.286180664385874
        ]
    }
}