{
    "episode": 1395,
    "seed": 1395,
    "metrics": {
        "sinr_ue1": [
            2.197041211283769,
            -1.780499774511521,
            0.1006105295822815,
            19.332199329160527,
            2.37029219746278,
            17.164990607018794,
            12.78178165905005,
            2.4658433035053893,
            6.559511210509282,
            8.479329427241575,
            26.814692258687497,
            8.39497142825556,
            26.19779766007905,
            21.061179337533808,
            18.357339949747676,
            2.5165671923604416,
            -1.3735622530179068,
            -1.3054041473260294,
            10.759808647787448,
            14.03498900835494
        ],
        "sinr_ue2": [
            29.623715293199453,
            35.49790154630627,
            19.29819471720185,
            17.364904367572688,
            34.489792847506436,
            7.295730523382188,
            15.342788825268492,
            28.32312697268876,
            27.14281783387535,
            29.273030068428113,
            11.487694182052914,
            27.0446914777445,
            11.397073345232336,
            13.344884588463042,
            17.2681124020006,
            33.24048647341805,
            38.380835852824646,
            38.725790287696206,
            21.314858002655207,
            23.340142347801276
        ],
        "power_bs1": [
            40.86807121344992,
            37.868071213449916,
            38.86807121344992,
            35.868071213449916,
            34.868071213449916,
            33.868071213449916,
            30.868071213449916,
            33.868071213449916,
            34.868071213449916,
            37.868071213449916,
            38.86807121344992,
            39.868071213449916,
            36.868071213449916,
            37.868071213449916,
            34.868071213449916,
            37.868071213449916,
            34.868071213449916,
            31.868071213449916,
            28.868071213449916,
            29.868071213449916
        ],
        "power_bs2": [
            40.73994619988128,
            41.73994619988129,
            40.73994619988129,
            37.73994619988129,
            34.73994619988129,
            31.739946199881288,
            30.739946199881288,
            33.73994619988129,
            30.739946199881288,
            31.739946199881288,
            34.73994619988129,
            33.73994619988129,
            32.73994619988129,
            35.73994619988128,
            36.73994619988128,
            37.73994619988129,
            38.73994619988129,
            35.73994619988128,
            34.73994619988129,
            37.73994619988129
        ]
    }
}