{
    "episode": 3857,
    "seed": 3857,
    "metrics": {
        "sinr_ue1": [
            22.673949995703214,
            7.928636074959417,
            13.957555801981641,
            13.929668962196374,
            13.888346106672758,
            25.796983156289926,
            28.45518105498707,
            31.6610889386188,
            23.325705035539347,
            15.869649841943074,
            15.869461414067612,
            24.618808486332057,
            13.872284878986353,
            30.303679306170622,
            13.884026035538552,
            36.88435219893391,
            25.595902983997032,
            13.89013507592221,
            13.910859011632141,
            11.944695877950068
        ],
        "sinr_ue2": [
            17.930964300238937,
            22.049355043236666,
            34.97860389035231,
            15.822373654096932,
            32.845218437254026,
            18.036785535370203,
            16.20296021837841,
            14.376802610866363,
            18.203015018541862,
            31.809743343242403,
            22.817907636310327,
            15.81540508318053,
            32.29809022771054,
            15.500329865847817,
            15.599012935832556,
            11.725929436047872,
            13.824133349783843,
            36.35279758987151,
            30.249062713844985,
            27.092477398384098
        ],
        "power_bs1": [
            38.121449773573474,
            37.121449773573474,
            40.121449773573474,
            43.12144977357348,
            42.121449773573474,
            41.121449773573474,
            40.121449773573474,
            41.121449773573474,
            38.121449773573474,
            39.121449773573474,
            36.121449773573474,
            37.121449773573474,
            38.121449773573474,
            37.121449773573474,
            40.121449773573474,
            43.12144977357348,
            40.121449773573474,
            37.121449773573474,
            40.121449773573474,
            37.121449773573474
        ],
        "power_bs2": [
            40.90359506534202,
            43.90359506534202,
            40.90359506534202,
            43.90359506534202,
            42.90359506534202,
            43.90359506534202,
            40.90359506534202,
            39.90359506534202,
            40.90359506534202,
            37.90359506534201,
            34.90359506534202,
            37.90359506534201,
            38.90359506534202,
            37.90359506534201,
            40.90359506534202,
            39.90359506534202,
            38.90359506534202,
            37.90359506534201,
            40.90359506534202,
            39.90359506534202
        ]
    }
}