{
    "episode": 525,
    "seed": 525,
    "metrics": {
        "sinr_ue1": [
            30.7186480256578,
            29.127866059808007,
            15.22240166119817,
            32.3308032381675,
            37.69414459904968,
            19.224784272368595,
            29.804779847564987,
            32.246668451424405,
            19.311312590494055,
            19.25544113277456,
            12.884628081828428,
            31.197983686554803,
            39.71865641304906,
            35.11984594206277,
            29.033444270073456,
            19.012919523697352,
            19.041286299087147,
            15.065025659971658,
            19.124215628102014,
            23.065359270840993
        ],
        "sinr_ue2": [
            21.26402035831059,
            17.347430550081526,
            15.404187403618009,
            24.2579423701741,
            11.454208142257244,
            27.590638364374442,
            15.41451765585652,
            19.844623808131665,
            26.249179164863726,
            22.890694073199853,
            33.42275049960752,
            11.38602297988845,
            7.410495616319749,
            9.403603929320688,
            11.39102714886786,
            21.398633517828806,
            26.746574420539044,
            28.504521471141736,
            26.182072361010103,
            7.429880286507591
        ],
        "power_bs1": [
            34.188026309053036,
            37.18802630905304,
            40.18802630905304,
            43.188026309053036,
            42.18802630905304,
            41.188026309053036,
            38.188026309053036,
            39.188026309053036,
            42.18802630905304,
            41.188026309053036,
            38.188026309053036,
            39.188026309053036,
            42.18802630905304,
            39.188026309053036,
            36.188026309053036,
            37.188026309053036,
            40.18802630905304,
            39.188026309053036,
            42.18802630905304,
            45.18802630905304
        ],
        "power_bs2": [
            43.83940662128458,
            42.839406621284574,
            43.83940662128458,
            42.839406621284574,
            41.839406621284574,
            40.83940662128458,
            41.839406621284574,
            38.83940662128458,
            41.839406621284574,
            40.83940662128458,
            41.839406621284574,
            38.83940662128458,
            37.839406621284574,
            36.839406621284574,
            35.839406621284574,
            36.839406621284574,
            39.839406621284574,
            42.839406621284574,
            41.839406621284574,
            40.83940662128458
        ]
    }
}