{
    "episode": 2291,
    "seed": 2291,
    "metrics": {
        "sinr_ue1": [
            7.2737477828851524,
            5.2001035425566835,
            1.2749259136418951,
            21.24969579682849,
            15.891373782445935,
            18.164796679025926,
            20.312851208230125,
            19.57173644826178,
            1.1596690035657475,
            17.346766136988297,
            19.778782534206854,
            27.70928467407137,
            9.233937907987723,
            32.56469871623497,
            15.312947244287813,
            30.28464171314843,
            15.300641514644138,
            19.35381501296683,
            30.56748918496405,
            17.242172298073804
        ],
        "sinr_ue2": [
            42.40886962072417,
            39.6900647304244,
            48.43391098530705,
            26.845090630268558,
            28.723621154488647,
            24.679615180733464,
            24.69433276658007,
            24.685587804016336,
            48.364356956693264,
            42.749237379069534,
            20.753274255546167,
            18.72950321835888,
            28.624715077837276,
            12.703144710402928,
            30.520091727542,
            12.566160634940859,
            24.982170198338896,
            19.975938378996776,
            27.377887681664006,
            28.805742783430585
        ],
        "power_bs1": [
            34.014779024952226,
            31.014779024952226,
            30.014779024952226,
            33.014779024952226,
            30.014779024952226,
            33.014779024952226,
            30.014779024952226,
            29.014779024952226,
            28.014779024952222,
            31.014779024952222,
            34.014779024952226,
            35.014779024952226,
            32.01477902495222,
            35.01477902495222,
            36.01477902495222,
            39.014779024952226,
            36.01477902495222,
            37.01477902495222,
            38.014779024952226,
            41.014779024952226
        ],
        "power_bs2": [
            33.98421745657473,
            32.98421745657474,
            35.98421745657474,
            38.98421745657473,
            37.98421745657474,
            36.98421745657474,
            33.98421745657473,
            32.98421745657473,
            33.98421745657473,
            36.98421745657474,
            33.98421745657473,
            32.98421745657473,
            29.984217456574736,
            26.984217456574733,
            27.984217456574733,
            30.984217456574733,
            27.984217456574733,
            24.984217456574733,
            27.984217456574733,
            30.984217456574733
        ]
    }
}