{
    "episode": 3148,
    "seed": 3148,
    "metrics": {
        "sinr_ue1": [
            44.002858378755185,
            42.1525666492482,
            24.556780579165817,
            33.93976781527946,
            22.630099018489922,
            22.717371761144776,
            45.49555735836875,
            22.752212002923056,
            18.826383289185927,
            40.77480327704918,
            33.45900100639878,
            22.679601956214665,
            22.693975839031637,
            22.685314627116803,
            22.70199914350171,
            40.01970785219781,
            26.614394932095415,
            42.673829712868844,
            26.658758828487482,
            47.08458436591445
        ],
        "sinr_ue2": [
            6.834850646995651,
            20.763817636128913,
            26.820795379026062,
            12.915147557927792,
            28.56047000771777,
            12.001721642861922,
            9.069371454043154,
            29.123761288547463,
            31.605926909348057,
            8.913128960380664,
            15.045698414411268,
            29.21352666484038,
            28.318142148930363,
            10.93850955005391,
            30.163611646106588,
            10.928059370880458,
            23.740563275655862,
            7.099299259906092,
            19.188033599690073,
            5.0918760970004335
        ],
        "power_bs1": [
            39.33612682577292,
            42.33612682577292,
            39.33612682577292,
            38.33612682577292,
            39.33612682577292,
            42.33612682577292,
            43.33612682577292,
            42.33612682577292,
            39.33612682577292,
            42.33612682577292,
            39.33612682577292,
            40.33612682577292,
            39.33612682577292,
            42.33612682577292,
            39.33612682577292,
            36.33612682577292,
            37.33612682577292,
            40.33612682577292,
            41.33612682577292,
            44.336126825772915
        ],
        "power_bs2": [
            33.80964153224601,
            34.80964153224601,
            35.80964153224601,
            38.80964153224601,
            37.80964153224601,
            40.809641532246005,
            39.80964153224601,
            40.809641532246005,
            41.80964153224601,
            38.80964153224601,
            41.80964153224601,
            38.80964153224601,
            37.80964153224601,
            40.809641532246005,
            37.80964153224601,
            34.80964153224601,
            31.809641532246008,
            34.80964153224601,
            35.809641532246005,
            36.80964153224601
        ]
    }
}