{
    "episode": 1392,
    "seed": 1392,
    "metrics": {
        "sinr_ue1": [
            -2.6470653779833464,
            21.16195967990448,
            21.192840068751472,
            25.15021498337112,
            28.10703211728347,
            46.65443194603567,
            45.90791201075655,
            45.448266606667204,
            28.697574091471033,
            30.520917291036692,
            44.13972644574309,
            46.389597376284364,
            26.61252438632473,
            26.763042119704117,
            26.86491595393512,
            28.81091104585788,
            32.075932444381834,
            38.058112589807905,
            44.39431709743061,
            47.01769636627447
        ],
        "sinr_ue2": [
            32.65105941331305,
            14.76966038514261,
            27.17541975314839,
            19.528260442835087,
            20.773969044611185,
            -0.9505161398552621,
            -1.0386362485029108,
            0.8594007201674481,
            0.9057892610977235,
            15.801747430753124,
            4.732661299376481,
            0.994984289844021,
            20.766137416476624,
            4.703772655632465,
            19.721401656074185,
            16.88963336033745,
            22.56519423924937,
            8.576745078131792,
            4.492734784198613,
            4.56498954381328
        ],
        "power_bs1": [
            39.51910629886866,
            42.51910629886866,
            41.51910629886865,
            42.51910629886866,
            43.51910629886866,
            42.51910629886866,
            39.51910629886866,
            36.51910629886865,
            39.51910629886866,
            40.51910629886866,
            37.51910629886866,
            38.51910629886866,
            37.51910629886866,
            38.51910629886866,
            39.51910629886866,
            40.51910629886866,
            39.51910629886866,
            38.51910629886866,
            41.51910629886865,
            38.51910629886866
        ],
        "power_bs2": [
            39.79927956527064,
            36.79927956527064,
            35.79927956527064,
            32.79927956527064,
            29.799279565270638,
            26.799279565270638,
            23.799279565270638,
            22.799279565270638,
            25.799279565270638,
            24.799279565270638,
            25.799279565270638,
            24.799279565270638,
            25.799279565270638,
            26.799279565270638,
            27.799279565270638,
            26.799279565270638,
            29.799279565270638,
            32.79927956527064,
            31.799279565270634,
            28.799279565270638
        ]
    }
}