{
    "episode": 75,
    "seed": 75,
    "metrics": {
        "sinr_ue1": [
            31.423678378465386,
            20.10662434120458,
            41.21381138593014,
            28.727541132565403,
            30.355520533327734,
            8.121880395790658,
            14.122455550665325,
            30.100901428831826,
            16.01996116934397,
            29.59636917007465,
            30.536536707612353,
            16.142425586720787,
            33.47957932514081,
            38.75165368032106,
            19.863881026477095,
            19.960850119718106,
            23.768887108060262,
            18.094536227717164,
            20.10550737793814,
            27.83842516384417
        ],
        "sinr_ue2": [
            18.325218373088077,
            17.4135377105949,
            1.7212494187505178,
            20.924510874285538,
            6.54164136491512,
            32.7418114082158,
            26.98972300843775,
            7.709896195888168,
            16.64310668930475,
            3.651121824272767,
            5.702005810115605,
            21.28597734083284,
            5.683242036190239,
            3.722517342776235,
            14.719060394042376,
            21.1548472030513,
            5.796339449752281,
            25.15711332374702,
            17.795791369219145,
            7.784099503999936
        ],
        "power_bs1": [
            42.94865986648847,
            43.94865986648847,
            40.94865986648848,
            39.94865986648847,
            38.94865986648847,
            35.94865986648847,
            38.94865986648847,
            37.94865986648847,
            36.94865986648847,
            35.94865986648847,
            38.94865986648847,
            41.94865986648847,
            38.94865986648847,
            37.94865986648847,
            36.94865986648847,
            37.94865986648847,
            34.94865986648847,
            37.94865986648847,
            40.94865986648847,
            37.94865986648847
        ],
        "power_bs2": [
            37.397147859136496,
            36.397147859136496,
            33.3971478591365,
            36.397147859136496,
            37.397147859136496,
            40.397147859136496,
            37.397147859136496,
            36.397147859136496,
            33.3971478591365,
            32.397147859136496,
            35.397147859136496,
            38.3971478591365,
            35.397147859136496,
            32.397147859136496,
            29.397147859136496,
            30.397147859136496,
            31.3971478591365,
            32.397147859136496,
            33.3971478591365,
            36.397147859136496
        ]
    }
}