{
    "episode": 2045,
    "seed": 2045,
    "metrics": {
        "sinr_ue1": [
            30.723146073337215,
            24.808796971481975,
            13.886896231345522,
            32.341538918513756,
            7.901366756680051,
            17.051585869706706,
            9.84937781220846,
            27.961742079048836,
            11.885166058346769,
            32.689652816364344,
            16.876845279328936,
            13.897774569302577,
            15.767466911244677,
            15.684604019137257,
            35.493440298303526,
            21.636026506413586,
            21.54831139927303,
            19.690047399300145,
            33.384557000182866,
            19.669486645595036
        ],
        "sinr_ue2": [
            21.498951230405986,
            15.830299083470496,
            31.419188120918463,
            26.175893348629884,
            40.304909579284114,
            36.76767443277372,
            32.50593999818826,
            17.962297628868924,
            15.940282818719771,
            13.89306936067092,
            11.84578478466197,
            29.468570401842143,
            28.74216457059516,
            29.600946936548695,
            7.953237336364706,
            19.40502496424433,
            18.937232981999152,
            13.497112749655882,
            7.661998266479879,
            9.821827093671413
        ],
        "power_bs1": [
            39.24515291965187,
            40.24515291965187,
            39.24515291965187,
            36.24515291965187,
            35.24515291965187,
            32.24515291965187,
            33.24515291965187,
            34.24515291965187,
            37.24515291965187,
            36.24515291965187,
            35.24515291965187,
            36.24515291965187,
            35.24515291965187,
            34.24515291965187,
            37.24515291965187,
            40.24515291965187,
            39.24515291965187,
            40.24515291965187,
            43.24515291965187,
            40.24515291965187
        ],
        "power_bs2": [
            37.55746550677874,
            40.55746550677874,
            37.55746550677874,
            36.55746550677874,
            39.55746550677874,
            38.55746550677874,
            35.55746550677874,
            36.55746550677874,
            37.55746550677874,
            34.55746550677874,
            31.55746550677874,
            34.55746550677874,
            31.55746550677874,
            30.55746550677874,
            29.55746550677874,
            30.55746550677874,
            29.55746550677874,
            32.55746550677874,
            35.55746550677874,
            32.55746550677874
        ]
    }
}