{
    "episode": 3436,
    "seed": 3436,
    "metrics": {
        "sinr_ue1": [
            28.846640317012028,
            38.056933151726525,
            16.706390556299894,
            10.743261599526628,
            10.72086633531086,
            12.696726425776566,
            12.69924557695887,
            12.715427567910801,
            15.775879638928687,
            13.122782613104537,
            12.711746473645318,
            28.349311590122298,
            4.699496484798806,
            23.930344670403564,
            25.647556177357444,
            31.24324410373031,
            34.494180607387946,
            18.54541275858821,
            18.64172867460127,
            18.59874386114127
        ],
        "sinr_ue2": [
            12.54794075962372,
            14.560432366956956,
            9.431866007285869,
            28.953512757898938,
            26.23741091820282,
            30.576923263600815,
            24.631824598830047,
            13.284683292136098,
            31.569746538613096,
            17.199429663900524,
            26.175798319518893,
            19.25349627767613,
            39.73477126493667,
            19.206702695205156,
            13.255442690943767,
            13.234806240282042,
            23.94935403491258,
            22.27411083141821,
            7.2618508042745855,
            23.908349013937745
        ],
        "power_bs1": [
            39.61214488043631,
            42.61214488043631,
            43.612144880436304,
            40.61214488043631,
            41.612144880436304,
            42.61214488043631,
            39.61214488043631,
            42.61214488043631,
            41.612144880436304,
            40.61214488043631,
            41.612144880436304,
            38.612144880436304,
            37.61214488043631,
            38.612144880436304,
            41.612144880436304,
            38.612144880436304,
            41.612144880436304,
            40.61214488043631,
            43.612144880436304,
            40.61214488043631
        ],
        "power_bs2": [
            35.644416886718645,
            34.644416886718645,
            37.644416886718645,
            40.644416886718645,
            41.644416886718645,
            40.644416886718645,
            37.644416886718645,
            40.644416886718645,
            43.644416886718645,
            42.644416886718645,
            39.644416886718645,
            42.644416886718645,
            43.644416886718645,
            42.644416886718645,
            39.644416886718645,
            36.644416886718645,
            33.644416886718645,
            32.644416886718645,
            35.644416886718645,
            32.644416886718645
        ]
    }
}