{
    "episode": 1142,
    "seed": 1142,
    "metrics": {
        "sinr_ue1": [
            28.33647666150432,
            22.964681433640195,
            3.5827250407631883,
            17.47587978044072,
            5.5139303182367065,
            5.454596955021945,
            1.5130479071111025,
            -2.431732892995065,
            1.5032515983070927,
            -2.4978167560193567,
            18.97120796130846,
            11.166222804779355,
            -1.1678109558007803,
            3.48898117305509,
            1.5177899862769455,
            5.444317243980402,
            24.789171462913913,
            9.304940946432326,
            24.28885198213875,
            30.83651966419174
        ],
        "sinr_ue2": [
            14.379869780918387,
            9.462484219127912,
            32.58290270251253,
            20.496030360143564,
            20.180301412593256,
            34.94903187763906,
            38.303561460475144,
            48.69194386559485,
            42.47816348329366,
            43.93682081602692,
            27.86953152148864,
            46.15364178270691,
            30.69728447938917,
            41.28833457349685,
            36.209762735440165,
            38.955188032568486,
            14.050426552077596,
            32.817472390174345,
            18.55509721959432,
            14.022506474196444
        ],
        "power_bs1": [
            31.82314660768067,
            30.823146607680666,
            27.82314660768067,
            24.823146607680666,
            27.82314660768067,
            26.82314660768067,
            25.823146607680666,
            22.82314660768067,
            23.82314660768067,
            22.82314660768067,
            19.823146607680666,
            20.823146607680666,
            23.82314660768067,
            22.82314660768067,
            19.823146607680666,
            20.823146607680666,
            23.82314660768067,
            22.82314660768067,
            21.82314660768067,
            20.823146607680666
        ],
        "power_bs2": [
            36.71065198270985,
            37.71065198270985,
            40.71065198270985,
            39.71065198270985,
            38.71065198270985,
            37.71065198270985,
            40.71065198270985,
            41.71065198270985,
            38.71065198270985,
            41.71065198270984,
            38.71065198270984,
            39.71065198270984,
            38.71065198270984,
            35.71065198270985,
            34.71065198270984,
            31.710651982709845,
            28.71065198270984,
            29.710651982709845,
            26.710651982709845,
            25.710651982709845
        ]
    }
}