{
    "episode": 2450,
    "seed": 2450,
    "metrics": {
        "sinr_ue1": [
            25.570857643988596,
            13.930918869669227,
            13.88045833814733,
            7.848844371758145,
            9.792366447860134,
            9.241665663071322,
            7.779574054128718,
            28.49561589294213,
            20.93112592486793,
            7.763144908422779,
            24.491350969093414,
            19.335542804592507,
            5.617439213105099,
            3.5239333833541915,
            3.4132032440894013,
            19.683007025971314,
            7.4310989836865105,
            20.416467637876877,
            22.32108232265133,
            7.414167393266338
        ],
        "sinr_ue2": [
            21.450267487266103,
            20.36116065026387,
            5.320706330790497,
            22.26121123059931,
            29.497475524020416,
            32.17452215281626,
            27.50868783368485,
            11.398297912828605,
            15.365422632864036,
            30.105883972065076,
            25.839833241187527,
            13.285506108642334,
            27.85112622701259,
            34.01392232550572,
            32.46857322109459,
            26.210914732767243,
            30.24565835368535,
            14.853180566694315,
            11.068750683674175,
            23.205316831358775
        ],
        "power_bs1": [
            28.220974079246073,
            29.220974079246073,
            32.22097407924607,
            29.220974079246073,
            30.220974079246076,
            27.220974079246073,
            28.220974079246073,
            27.220974079246073,
            26.22097407924607,
            27.220974079246073,
            24.220974079246073,
            21.22097407924607,
            18.220974079246073,
            15.220974079246073,
            12.220974079246073,
            15.220974079246073,
            18.220974079246073,
            15.220974079246073,
            18.220974079246073,
            21.22097407924607
        ],
        "power_bs2": [
            39.56965784835703,
            36.56965784835703,
            39.56965784835703,
            42.56965784835703,
            41.56965784835704,
            44.56965784835703,
            41.56965784835704,
            40.56965784835703,
            43.569657848357025,
            40.56965784835703,
            39.56965784835703,
            36.56965784835703,
            33.569657848357025,
            32.569657848357025,
            29.56965784835703,
            28.56965784835703,
            31.569657848357025,
            32.569657848357025,
            31.569657848357025,
            34.56965784835703
        ]
    }
}