{
    "episode": 2761,
    "seed": 2761,
    "metrics": {
        "sinr_ue1": [
            28.92319804228629,
            35.52757365097149,
            15.808315305902434,
            9.873597745189832,
            19.36716012687339,
            17.95401913912533,
            22.793707702656313,
            3.8093426356284295,
            3.7390869956492345,
            22.76481028659373,
            9.662604781609145,
            26.242304932408025,
            9.613522463238851,
            28.756118162641812,
            7.689825670282511,
            3.758729482391439,
            17.683830996757635,
            -0.28788054669652485,
            1.6576983263066651,
            19.798138205979953
        ],
        "sinr_ue2": [
            44.50746023254219,
            47.078123008800645,
            47.59889983725246,
            73.53534803566933,
            55.83240231878126,
            61.53249331100187,
            77.6124830491331,
            69.29515030222329,
            73.126521807312,
            60.53255144916147,
            68.54131862081314,
            55.080240827535164,
            69.13333354286695,
            55.67557679869832,
            71.5087868859442,
            71.470293427398,
            77.39457416395838,
            81.46393524591382,
            77.02529182491148,
            62.935397512909795
        ],
        "power_bs1": [
            35.8638008319207,
            34.8638008319207,
            37.8638008319207,
            34.8638008319207,
            31.8638008319207,
            28.8638008319207,
            29.863800831920702,
            26.8638008319207,
            23.8638008319207,
            22.8638008319207,
            25.8638008319207,
            24.8638008319207,
            23.8638008319207,
            26.8638008319207,
            23.8638008319207,
            20.8638008319207,
            17.8638008319207,
            14.863800831920697,
            13.863800831920699,
            14.863800831920697
        ],
        "power_bs2": [
            35.65042432730296,
            36.650424327302964,
            39.65042432730296,
            42.650424327302964,
            41.65042432730296,
            44.650424327302964,
            43.65042432730296,
            40.65042432730296,
            37.650424327302964,
            36.650424327302964,
            33.65042432730296,
            32.650424327302964,
            31.65042432730296,
            34.65042432730296,
            33.65042432730296,
            34.65042432730296,
            33.65042432730296,
            32.65042432730296,
            29.65042432730296,
            32.65042432730296
        ]
    }
}