{
    "episode": 1426,
    "seed": 1426,
    "metrics": {
        "sinr_ue1": [
            42.48589955918841,
            28.951121064682745,
            30.906282827004237,
            31.782117148566677,
            49.76034257353069,
            26.85017094555908,
            36.67281870112516,
            40.42341042081866,
            38.387324926156204,
            36.321641433908354,
            22.46586485688646,
            24.408228735572564,
            41.98843241317705,
            24.568055770389506,
            32.43109075360972,
            26.461036521436725,
            43.91687142362588,
            30.163237699191633,
            47.78614791743223,
            34.061972913439384
        ],
        "sinr_ue2": [
            13.545520827326198,
            30.172423615863543,
            26.887582041989315,
            13.570518441315503,
            13.581569380401358,
            13.646954781174944,
            31.860050401832424,
            17.665184496220153,
            17.67999021284106,
            13.652442055109649,
            32.07106264893218,
            36.31368845844968,
            32.60027595055473,
            25.463385047728366,
            27.34506306097106,
            25.67319437044119,
            9.561359295858397,
            27.817171639428217,
            5.5269857006369865,
            5.556901086110992
        ],
        "power_bs1": [
            40.20650592561818,
            41.206505925618174,
            42.20650592561818,
            39.206505925618174,
            36.206505925618174,
            39.206505925618174,
            36.206505925618174,
            37.20650592561818,
            36.206505925618174,
            37.20650592561818,
            36.206505925618174,
            35.206505925618174,
            32.206505925618174,
            31.206505925618178,
            34.206505925618174,
            37.206505925618174,
            38.206505925618174,
            39.206505925618174,
            42.206505925618174,
            45.206505925618174
        ],
        "power_bs2": [
            39.93913660652126,
            38.93913660652126,
            37.93913660652126,
            38.93913660652126,
            35.93913660652126,
            38.93913660652126,
            37.93913660652126,
            40.93913660652126,
            39.93913660652126,
            36.93913660652126,
            39.93913660652126,
            36.93913660652126,
            33.93913660652126,
            32.93913660652126,
            35.93913660652126,
            36.93913660652126,
            33.93913660652126,
            34.93913660652125,
            33.93913660652126,
            36.93913660652126
        ]
    }
}