{
    "episode": 1219,
    "seed": 1219,
    "metrics": {
        "sinr_ue1": [
            20.95308432419519,
            38.96187815304402,
            36.2733625886364,
            20.78769409012636,
            22.780419264631,
            38.13052731901922,
            45.820534594757696,
            24.730015857083593,
            46.85121952298738,
            28.666816745732973,
            32.601499811025725,
            39.74486278004312,
            47.54771768868494,
            28.67221043398036,
            26.67403506127535,
            42.73203425681609,
            26.675402684911656,
            45.65894874792134,
            30.476162803322854,
            44.51171542824905
        ],
        "sinr_ue2": [
            31.79873950451529,
            11.587267274735293,
            12.152140140492236,
            28.977981091117858,
            25.91867404865741,
            8.144982811560027,
            4.149430043909199,
            15.299612347654675,
            2.183196511393109,
            19.36679395338497,
            13.943769624570528,
            13.444582822738141,
            2.19380238675973,
            16.61997808210061,
            4.173363946822087,
            2.135856515624633,
            20.494233713902105,
            6.042692266501023,
            11.848188532409655,
            5.303434163301097
        ],
        "power_bs1": [
            41.80659372761454,
            40.80659372761453,
            41.80659372761454,
            42.80659372761454,
            41.80659372761454,
            40.80659372761453,
            43.80659372761454,
            40.80659372761453,
            41.80659372761454,
            42.80659372761454,
            43.80659372761454,
            40.80659372761453,
            41.80659372761454,
            42.80659372761454,
            43.80659372761454,
            42.80659372761454,
            39.80659372761454,
            38.80659372761454,
            41.80659372761454,
            40.80659372761453
        ],
        "power_bs2": [
            39.442871552967254,
            36.442871552967254,
            39.442871552967254,
            38.442871552967254,
            35.442871552967254,
            34.442871552967254,
            33.442871552967254,
            32.442871552967254,
            29.442871552967254,
            30.442871552967254,
            27.44287155296725,
            26.44287155296725,
            29.442871552967254,
            30.442871552967254,
            33.442871552967254,
            30.442871552967254,
            29.442871552967254,
            30.442871552967254,
            27.44287155296725,
            30.442871552967254
        ]
    }
}