{
    "episode": 3360,
    "seed": 3360,
    "metrics": {
        "sinr_ue1": [
            2.9635932610616806,
            19.312828777249255,
            4.897423517651751,
            6.861529044777406,
            20.103718290347746,
            2.7879196508943616,
            25.1948386847168,
            22.638882940017126,
            29.43033053841591,
            1.418837509514141,
            12.880271102955525,
            24.987740070395382,
            28.26142837524835,
            10.957215072398967,
            19.16336794964359,
            5.072946716972905,
            16.750910176188135,
            11.035277069719546,
            29.282229777736582,
            17.00909974705858
        ],
        "sinr_ue2": [
            42.975809803537814,
            23.547124955668338,
            23.617188279129394,
            40.87264391889314,
            25.561735570156074,
            42.67883387132628,
            37.70657514239702,
            19.61865003334851,
            15.646925233880298,
            27.94219742684774,
            35.05453135452917,
            39.985272106703555,
            17.338162370584644,
            17.380792525088673,
            32.712317712966836,
            43.428489943901724,
            21.463701239591654,
            29.79405531596631,
            29.399049704140307,
            22.48509568128799
        ],
        "power_bs1": [
            33.50834584788509,
            32.50834584788509,
            35.508345847885096,
            34.50834584788509,
            33.50834584788509,
            30.508345847885092,
            31.50834584788509,
            32.50834584788509,
            33.50834584788509,
            32.50834584788509,
            31.50834584788509,
            30.508345847885092,
            29.508345847885092,
            32.50834584788509,
            29.508345847885092,
            30.508345847885092,
            33.50834584788509,
            36.50834584788509,
            39.50834584788509,
            40.508345847885096
        ],
        "power_bs2": [
            41.138445710299166,
            38.138445710299166,
            41.138445710299166,
            38.138445710299166,
            41.138445710299166,
            38.138445710299166,
            35.138445710299166,
            34.138445710299166,
            31.138445710299166,
            30.138445710299166,
            29.138445710299163,
            32.138445710299166,
            29.138445710299163,
            32.13844571029916,
            35.138445710299166,
            36.138445710299166,
            37.138445710299166,
            36.138445710299166,
            35.138445710299166,
            34.138445710299166
        ]
    }
}