{
    "episode": 57,
    "seed": 57,
    "metrics": {
        "sinr_ue1": [
            13.465925247544687,
            10.368226378940408,
            29.212590485561304,
            27.692520205968524,
            12.204207415658226,
            8.195526657446594,
            12.159567416406086,
            10.220545627577486,
            12.282222727819638,
            8.288131352061011,
            21.03717008613838,
            25.048440736513555,
            19.06706472235882,
            2.305727361273004,
            7.222243304454867,
            17.494445839995993,
            2.30019606583074,
            2.287764879574508,
            0.3001154924003562,
            16.46791310837598
        ],
        "sinr_ue2": [
            12.768477724789104,
            22.73644327731364,
            8.836948232728004,
            8.79223870016274,
            28.11535150630756,
            25.475996527005158,
            28.15505648158618,
            13.926231847775082,
            29.26937010971168,
            23.979331332048357,
            12.684393058773502,
            16.626646936113282,
            27.49413026575595,
            32.00267904979797,
            36.379237752588274,
            20.3358633471978,
            33.914256295086446,
            21.617289569672987,
            37.646257060192355,
            26.623457285852112
        ],
        "power_bs1": [
            43.588285138909086,
            42.588285138909086,
            41.588285138909086,
            38.588285138909086,
            35.588285138909086,
            32.588285138909086,
            35.588285138909086,
            34.588285138909086,
            37.588285138909086,
            36.588285138909086,
            33.588285138909086,
            32.588285138909086,
            29.588285138909086,
            28.588285138909086,
            25.588285138909082,
            26.588285138909082,
            25.588285138909082,
            22.588285138909082,
            19.588285138909082,
            20.588285138909082
        ],
        "power_bs2": [
            44.770276935613886,
            41.770276935613886,
            38.770276935613886,
            35.770276935613886,
            32.77027693561388,
            33.770276935613886,
            32.77027693561388,
            33.770276935613886,
            34.770276935613886,
            37.770276935613886,
            34.770276935613886,
            37.77027693561388,
            36.770276935613886,
            35.770276935613886,
            34.770276935613886,
            35.770276935613886,
            32.77027693561388,
            29.770276935613886,
            28.770276935613882,
            27.770276935613882
        ]
    }
}