{
    "episode": 4819,
    "seed": 4819,
    "metrics": {
        "sinr_ue1": [
            24.222550851738347,
            3.376521855088641,
            5.348161530577226,
            14.433352852922086,
            24.139558604679884,
            16.66096099535305,
            19.187682959774172,
            7.232474295338292,
            9.310010360407219,
            9.303635656153862,
            9.363525834858574,
            24.55304870642502,
            23.339280467047775,
            22.584308534938092,
            14.254636613360539,
            5.373008819759791,
            5.270895895425813,
            5.371248987294381,
            5.320889245087543,
            15.96046638699379
        ],
        "sinr_ue2": [
            3.0919513804676995,
            24.091888444551635,
            2.942211900321447,
            9.046113420362849,
            3.072224620086133,
            6.9799729910818895,
            7.084222786162026,
            13.634576734565915,
            14.343838706715683,
            14.263637321603957,
            16.014977383199373,
            10.293794575917154,
            -1.9266110727577224,
            -1.3519213325193147,
            11.933493974318374,
            2.7067159261302294,
            21.77749485265506,
            18.63449209204425,
            2.4410815685342717,
            4.3568967730787955
        ],
        "power_bs1": [
            37.90781371867098,
            36.90781371867098,
            39.90781371867098,
            36.90781371867098,
            39.90781371867098,
            38.90781371867098,
            41.90781371867097,
            44.90781371867097,
            43.90781371867098,
            40.90781371867098,
            39.90781371867098,
            40.90781371867098,
            37.90781371867097,
            40.90781371867098,
            37.90781371867097,
            34.90781371867097,
            31.907813718670972,
            34.90781371867097,
            37.90781371867097,
            34.90781371867097
        ],
        "power_bs2": [
            34.408764618572356,
            35.408764618572356,
            36.408764618572356,
            39.408764618572356,
            36.40876461857235,
            39.408764618572356,
            42.40876461857235,
            39.408764618572356,
            36.40876461857235,
            33.40876461857235,
            32.40876461857235,
            33.40876461857235,
            32.40876461857235,
            33.40876461857235,
            34.40876461857235,
            31.408764618572352,
            28.40876461857235,
            31.408764618572352,
            34.40876461857235,
            33.40876461857235
        ]
    }
}