{
    "episode": 35,
    "seed": 35,
    "metrics": {
        "sinr_ue1": [
            25.680445640960464,
            9.650568831197415,
            12.643084554486965,
            5.676753144396787,
            19.42962245376481,
            9.698815344449446,
            20.610537170209522,
            20.96803242442102,
            34.19818700628915,
            38.0279348509277,
            36.66741224786052,
            32.01208879444971,
            19.504676725954436,
            34.61432879027224,
            7.757916070478226,
            32.992946538458085,
            27.325797292850726,
            28.912247094020167,
            29.09468330716633,
            32.97271313655231
        ],
        "sinr_ue2": [
            18.628960935779354,
            35.008707777236204,
            37.2489378951592,
            39.59460660906792,
            20.574379942754568,
            35.38729686190324,
            22.624778678152836,
            18.64054999369975,
            14.670003136152715,
            10.721555314603876,
            30.198276165127325,
            12.714040026386154,
            16.024838422338973,
            2.7009566715317694,
            26.479071584255188,
            4.642614826462198,
            12.47582942973824,
            0.4930116330962676,
            18.674673442151377,
            5.0786460544663825
        ],
        "power_bs1": [
            38.57388663357987,
            39.57388663357987,
            36.57388663357986,
            35.57388663357986,
            34.57388663357987,
            35.57388663357986,
            34.57388663357987,
            37.57388663357987,
            38.57388663357987,
            41.57388663357986,
            38.57388663357987,
            35.57388663357986,
            36.57388663357986,
            39.57388663357987,
            36.57388663357986,
            39.57388663357986,
            42.57388663357986,
            41.57388663357986,
            42.57388663357986,
            45.57388663357986
        ],
        "power_bs2": [
            42.220719714297424,
            43.22071971429743,
            44.22071971429743,
            43.22071971429743,
            40.220719714297424,
            39.22071971429743,
            42.220719714297424,
            41.22071971429743,
            38.220719714297424,
            37.220719714297424,
            36.220719714297424,
            33.220719714297424,
            30.220719714297427,
            27.220719714297424,
            30.220719714297427,
            29.220719714297427,
            28.220719714297427,
            25.220719714297424,
            26.220719714297424,
            25.220719714297424
        ]
    }
}