{
    "episode": 668,
    "seed": 668,
    "metrics": {
        "sinr_ue1": [
            29.46621694189824,
            33.72971853891681,
            34.43937136487524,
            13.051691598625492,
            25.112356204575057,
            7.0720590931364,
            23.0036816661283,
            23.06803711284288,
            31.488047666180428,
            14.934951766899385,
            23.132321311329026,
            12.894415840899754,
            12.953430957722649,
            27.868541064648532,
            9.836533148828684,
            8.958416568166053,
            10.872314779847102,
            8.882339423856727,
            15.147084528784307,
            10.910574404281842
        ],
        "sinr_ue2": [
            17.355735131590613,
            19.457178562138715,
            25.070558436392396,
            40.046024563022804,
            23.393982275155132,
            41.54836900670034,
            25.43099880646467,
            23.505921011587652,
            23.406243970534632,
            33.148535752311034,
            19.41849448743629,
            31.8018848292261,
            21.422074426645445,
            21.534021140457128,
            40.366764555486434,
            44.70648436415557,
            41.9883311141885,
            40.10033152403177,
            23.459719005594593,
            40.968188001347954
        ],
        "power_bs1": [
            40.92875421566085,
            41.92875421566085,
            40.92875421566085,
            37.92875421566085,
            34.92875421566085,
            33.92875421566085,
            32.92875421566085,
            33.92875421566085,
            34.92875421566085,
            37.92875421566085,
            36.92875421566085,
            33.92875421566085,
            36.92875421566085,
            37.92875421566085,
            34.92875421566085,
            33.92875421566085,
            32.92875421566085,
            31.928754215660852,
            30.928754215660852,
            31.928754215660856
        ],
        "power_bs2": [
            36.15335239161673,
            39.15335239161672,
            36.15335239161672,
            37.15335239161672,
            36.15335239161672,
            39.15335239161672,
            36.15335239161672,
            35.15335239161672,
            36.15335239161672,
            35.15335239161672,
            34.15335239161672,
            33.15335239161672,
            36.15335239161672,
            37.15335239161672,
            36.15335239161672,
            37.15335239161672,
            34.15335239161672,
            35.15335239161672,
            32.15335239161672,
            33.15335239161672
        ]
    }
}