{
    "episode": 1514,
    "seed": 1514,
    "metrics": {
        "sinr_ue1": [
            17.353007011516357,
            33.70900668703998,
            40.31478889225284,
            30.758105049677972,
            32.526655220887534,
            36.03888341784526,
            15.661298031322076,
            10.154336172414284,
            28.964191352617433,
            13.563701357849167,
            15.572550970538275,
            33.36870778658421,
            21.327494686977783,
            43.4575823658342,
            37.78071673234651,
            42.2130965601843,
            39.62538450509005,
            27.111266766977195,
            27.02908526271896,
            27.17499935164249
        ],
        "sinr_ue2": [
            27.16792680693155,
            8.983554388033486,
            7.119348748914578,
            6.988697943113305,
            10.934907231026138,
            9.064883532571798,
            29.34868742562692,
            35.185142397327,
            13.03204633019639,
            30.60632074026806,
            29.076156988749368,
            15.659113137029767,
            26.96951319219441,
            2.959269009972567,
            2.8841871840610005,
            9.628107864589614,
            1.0005457410452625,
            18.285196624593787,
            1.231797897814976,
            3.4765387053772323
        ],
        "power_bs1": [
            39.782093822937206,
            42.782093822937206,
            41.7820938229372,
            40.782093822937206,
            39.782093822937206,
            40.782093822937206,
            37.7820938229372,
            36.7820938229372,
            35.782093822937206,
            34.782093822937206,
            37.7820938229372,
            40.782093822937206,
            41.7820938229372,
            44.7820938229372,
            45.782093822937206,
            42.782093822937206,
            41.7820938229372,
            42.782093822937206,
            45.782093822937206,
            42.7820938229372
        ],
        "power_bs2": [
            42.844959988864915,
            43.844959988864915,
            40.844959988864915,
            39.844959988864915,
            42.844959988864915,
            41.84495998886491,
            42.844959988864915,
            41.84495998886491,
            40.844959988864915,
            41.84495998886491,
            42.844959988864915,
            41.84495998886491,
            40.844959988864915,
            39.844959988864915,
            40.844959988864915,
            37.84495998886491,
            34.844959988864915,
            35.844959988864915,
            38.844959988864915,
            35.84495998886491
        ]
    }
}