{
    "episode": 3332,
    "seed": 3332,
    "metrics": {
        "sinr_ue1": [
            40.174102481472204,
            24.77200141207817,
            28.725313628645104,
            50.63072188275204,
            28.533200107138885,
            41.86103293603055,
            30.63054182502281,
            46.30832464726292,
            26.69719216286609,
            46.772398061049955,
            26.522366477933794,
            28.399836426282977,
            43.9631112582175,
            31.74188888764181,
            41.60221035036877,
            20.33330971208366,
            26.23237288352456,
            33.96197497235192,
            42.069749457273204,
            45.60196998408354
        ],
        "sinr_ue2": [
            17.108170889850598,
            28.940351900698413,
            30.14224296558403,
            11.151260882653249,
            34.87288189160302,
            11.111032788908988,
            32.50303844396428,
            11.063833659495774,
            33.76669911108685,
            11.133811681936447,
            34.643510642445726,
            26.6766304636737,
            15.156384432290782,
            15.182447916971608,
            15.07664796560906,
            31.632851658869807,
            31.30037263843797,
            17.20761324956219,
            28.736065123765506,
            13.198870145166117
        ],
        "power_bs1": [
            39.175419607639064,
            36.175419607639064,
            39.175419607639064,
            40.175419607639064,
            37.175419607639064,
            36.175419607639064,
            35.175419607639064,
            34.175419607639064,
            33.175419607639064,
            36.175419607639064,
            33.175419607639064,
            36.175419607639064,
            35.175419607639064,
            34.175419607639064,
            31.175419607639064,
            28.17541960763906,
            31.175419607639064,
            32.175419607639064,
            33.175419607639064,
            32.175419607639064
        ],
        "power_bs2": [
            40.61060408675122,
            37.61060408675122,
            36.61060408675122,
            35.61060408675122,
            34.61060408675122,
            31.610604086751227,
            30.610604086751223,
            29.610604086751223,
            32.61060408675122,
            31.610604086751223,
            32.61060408675122,
            33.61060408675122,
            34.61060408675122,
            33.61060408675122,
            30.61060408675122,
            33.61060408675122,
            30.61060408675122,
            33.61060408675122,
            32.61060408675122,
            29.61060408675122
        ]
    }
}