{
    "episode": 2612,
    "seed": 2612,
    "metrics": {
        "sinr_ue1": [
            12.019369991377005,
            35.82176710706668,
            14.342682936657624,
            10.233113946294225,
            10.392224361726292,
            12.529098319243639,
            25.196451460613968,
            6.797266747610664,
            17.665710968206998,
            28.878994692053574,
            20.59736242137611,
            5.9907499208107815,
            5.864086352677733,
            4.027174368702408,
            6.081461164102948,
            20.122597697631264,
            6.023141364709384,
            3.90031849828055,
            25.803092284991767,
            5.895047494172032
        ],
        "sinr_ue2": [
            15.572570678351063,
            3.6960544457167392,
            26.557698007236464,
            24.8712013236104,
            28.94465300815128,
            12.904482955075343,
            16.77827661178351,
            30.18686584237875,
            10.949034698045654,
            11.009042084980422,
            16.979857176395207,
            24.46792031651752,
            30.808036840220847,
            39.55185529983606,
            27.2468483707258,
            19.04841696629196,
            33.343325971083146,
            33.621489962197224,
            17.113219013117906,
            34.24995015854582
        ],
        "power_bs1": [
            39.58162400963706,
            40.58162400963706,
            39.58162400963706,
            36.58162400963706,
            35.58162400963706,
            36.58162400963706,
            37.58162400963706,
            36.58162400963706,
            35.58162400963706,
            36.58162400963706,
            33.58162400963706,
            34.58162400963706,
            33.58162400963706,
            34.58162400963706,
            37.58162400963706,
            36.58162400963706,
            37.58162400963706,
            38.58162400963706,
            35.58162400963706,
            34.58162400963706
        ],
        "power_bs2": [
            34.02791138350512,
            31.02791138350512,
            32.02791138350512,
            33.02791138350513,
            32.02791138350512,
            35.02791138350512,
            34.02791138350512,
            35.02791138350512,
            32.02791138350512,
            33.02791138350513,
            36.02791138350512,
            35.02791138350512,
            34.02791138350512,
            37.02791138350512,
            38.02791138350513,
            41.02791138350512,
            38.02791138350513,
            41.02791138350512,
            38.02791138350512,
            35.02791138350512
        ]
    }
}