{
    "episode": 275,
    "seed": 275,
    "metrics": {
        "sinr_ue1": [
            6.898341138929868,
            24.61376302093204,
            6.8005913293396905,
            8.824086206266934,
            10.796030418098685,
            4.7756886519876485,
            10.776787018491161,
            34.97838150264242,
            24.862431176049196,
            16.640728362881283,
            12.729748067858589,
            26.549548343788057,
            26.82231793071079,
            14.897872454808727,
            34.64020328052526,
            31.714176517089854,
            28.854639218769634,
            16.84619875972178,
            30.218714870959744,
            31.21788824884231
        ],
        "sinr_ue2": [
            39.0156363493626,
            21.166853277934496,
            40.2235324268855,
            34.80746078761344,
            39.139114799098984,
            40.16927789147871,
            36.34688960595183,
            30.221083618740252,
            26.483812103641018,
            35.4942558207576,
            21.54157004590372,
            19.189952727233162,
            17.28429021865645,
            22.333536567784556,
            13.367733004908589,
            28.210731560831633,
            13.415547279605795,
            33.76038926932339,
            28.905574126176074,
            11.42487031354719
        ],
        "power_bs1": [
            37.05703518834269,
            36.05703518834269,
            33.057035188342695,
            34.05703518834269,
            33.057035188342695,
            30.057035188342688,
            33.057035188342695,
            36.05703518834269,
            33.057035188342695,
            34.05703518834269,
            33.057035188342695,
            32.05703518834269,
            35.05703518834269,
            38.057035188342695,
            37.05703518834269,
            40.057035188342695,
            43.057035188342695,
            42.05703518834269,
            41.05703518834269,
            44.05703518834269
        ],
        "power_bs2": [
            45.175346965723584,
            42.175346965723584,
            41.17534696572359,
            40.175346965723584,
            37.175346965723584,
            40.175346965723584,
            37.175346965723584,
            34.175346965723584,
            35.175346965723584,
            32.175346965723584,
            35.175346965723584,
            36.175346965723584,
            37.175346965723584,
            38.175346965723584,
            35.175346965723584,
            38.175346965723584,
            41.17534696572358,
            40.175346965723584,
            37.175346965723584,
            40.175346965723584
        ]
    }
}