{
    "episode": 2620,
    "seed": 2620,
    "metrics": {
        "sinr_ue1": [
            36.62739591755606,
            15.052520910486471,
            17.090280522631254,
            12.444000817395633,
            23.05026729133573,
            29.057193450076095,
            29.080253091300538,
            37.19573726138166,
            41.72682645846044,
            46.81991324901527,
            41.336532872481314,
            40.72064521700347,
            34.97581440202972,
            38.726839566065394,
            19.850991320076698,
            41.308936741163926,
            33.72507191035067,
            38.57749790397913,
            33.39008077088211,
            13.073821678113799
        ],
        "sinr_ue2": [
            15.65480780403952,
            34.86840490078938,
            30.611404328801935,
            23.936491253269295,
            21.5508448431442,
            18.746370135860257,
            0.5426049478223253,
            4.494874872011112,
            4.484577514938395,
            0.5048685339932937,
            2.4501035887330995,
            2.4055987650424946,
            23.7133421151507,
            8.487160669849406,
            12.4219077680167,
            8.473347226528942,
            8.52271279067326,
            14.546455542595124,
            14.582393553807245,
            32.82819254425165
        ],
        "power_bs1": [
            36.777236453490985,
            33.777236453490985,
            36.777236453490985,
            37.777236453490985,
            38.777236453490985,
            41.777236453490985,
            44.777236453490985,
            43.777236453490985,
            40.777236453490985,
            41.777236453490985,
            38.777236453490985,
            39.777236453490985,
            36.777236453490985,
            37.777236453490985,
            34.777236453490985,
            35.777236453490985,
            36.777236453490985,
            33.777236453490985,
            36.777236453490985,
            33.777236453490985
        ],
        "power_bs2": [
            34.516489769889944,
            37.516489769889944,
            38.516489769889944,
            37.516489769889944,
            34.516489769889944,
            31.516489769889944,
            34.516489769889944,
            37.516489769889944,
            34.516489769889944,
            31.516489769889944,
            30.516489769889944,
            31.516489769889944,
            34.516489769889944,
            35.516489769889944,
            36.516489769889944,
            33.516489769889944,
            34.516489769889944,
            37.516489769889944,
            40.516489769889944,
            39.516489769889944
        ]
    }
}