{
    "episode": 2251,
    "seed": 2251,
    "metrics": {
        "sinr_ue1": [
            6.018114949104447,
            26.22972921070332,
            26.76619965821349,
            12.12912470005115,
            32.642674051354206,
            12.21175990858691,
            27.181722314277508,
            29.271523091932373,
            20.315085192017417,
            8.162437955171503,
            29.795048229075448,
            27.30557638127516,
            22.014925384178106,
            25.413619940567855,
            10.82647985384499,
            16.202170738217905,
            14.163694342304291,
            31.240573626279126,
            26.238686789802784,
            10.169514113639789
        ],
        "sinr_ue2": [
            21.996445627023377,
            11.341727921525385,
            13.375121800412732,
            21.115821824113716,
            9.40890155522763,
            31.557791937379243,
            9.42833505196085,
            11.399028377190978,
            11.44757757503864,
            19.25171492026677,
            11.452002694027756,
            11.485289009858018,
            11.515493331655334,
            26.56192740723742,
            26.03884607703097,
            22.30968781261103,
            14.409434928130459,
            7.477271686964382,
            13.407666582097422,
            29.707068919405106
        ],
        "power_bs1": [
            39.24888196121289,
            40.24888196121289,
            39.24888196121289,
            40.24888196121289,
            37.24888196121289,
            38.24888196121289,
            39.24888196121289,
            40.24888196121289,
            43.24888196121289,
            44.24888196121289,
            45.24888196121289,
            42.24888196121289,
            41.24888196121289,
            42.24888196121289,
            43.24888196121289,
            40.24888196121289,
            39.24888196121289,
            38.24888196121289,
            35.24888196121289,
            38.24888196121289
        ],
        "power_bs2": [
            41.33314875044208,
            38.33314875044208,
            39.33314875044208,
            36.33314875044208,
            33.33314875044208,
            34.33314875044208,
            35.33314875044208,
            38.33314875044208,
            41.33314875044208,
            44.33314875044208,
            43.333148750442085,
            40.33314875044208,
            39.33314875044208,
            38.33314875044208,
            35.33314875044208,
            32.33314875044208,
            33.33314875044208,
            32.33314875044208,
            35.33314875044208,
            36.33314875044208
        ]
    }
}