{
    "episode": 1111,
    "seed": 1111,
    "metrics": {
        "sinr_ue1": [
            39.472083362840834,
            19.620326615222393,
            19.620198187132697,
            17.628860559008068,
            9.764464036720883,
            22.02585576119793,
            17.757826180276282,
            31.585860495756446,
            9.911517492311985,
            27.246541485211246,
            32.423595261397956,
            14.01265240718881,
            22.950988574856495,
            21.83646461652736,
            26.138722676174687,
            25.347895468494638,
            16.676987159300843,
            2.064749503178717,
            4.131912320820033,
            15.603821339745402
        ],
        "sinr_ue2": [
            28.269831632248568,
            25.262500211813315,
            22.331722690951818,
            32.891683667830435,
            33.323120285053896,
            19.353685424724823,
            36.9870947595585,
            19.370985262358744,
            35.47257074966067,
            19.43050594042585,
            31.455935549507352,
            30.29082220678133,
            41.44848239939929,
            33.27186693423292,
            23.52129007689227,
            23.58611088619936,
            21.052687619115822,
            42.7980497954567,
            27.39347953914505,
            29.431290239083182
        ],
        "power_bs1": [
            37.389628988050305,
            38.389628988050305,
            35.389628988050305,
            32.389628988050305,
            29.3896289880503,
            28.389628988050298,
            31.3896289880503,
            28.389628988050298,
            27.389628988050305,
            30.3896289880503,
            33.3896289880503,
            30.3896289880503,
            27.389628988050298,
            28.389628988050298,
            29.3896289880503,
            30.3896289880503,
            27.389628988050298,
            24.3896289880503,
            27.389628988050298,
            28.389628988050298
        ],
        "power_bs2": [
            38.13375497078381,
            37.13375497078381,
            34.13375497078381,
            37.13375497078381,
            38.13375497078381,
            35.13375497078381,
            32.13375497078381,
            35.13375497078381,
            36.13375497078381,
            37.13375497078381,
            34.13375497078381,
            35.13375497078381,
            38.13375497078381,
            39.13375497078381,
            40.13375497078381,
            41.13375497078381,
            44.13375497078381,
            41.13375497078381,
            42.13375497078381,
            45.13375497078381
        ]
    }
}