{
    "episode": 3152,
    "seed": 3152,
    "metrics": {
        "sinr_ue1": [
            3.541548614471388,
            1.4014035823743267,
            12.279953701289736,
            13.770670823109965,
            26.008012599017754,
            5.353973370365526,
            23.208554508638557,
            1.6303788958454322,
            1.5086059020469336,
            3.5308248644961457,
            22.25016761101516,
            9.5480162540561,
            9.39099153331323,
            9.288093989652863,
            3.343269790648806,
            -0.5414065060972932,
            -0.704231135745651,
            3.198465978379676,
            14.610300677557317,
            3.1761046439153273
        ],
        "sinr_ue2": [
            31.251326534094442,
            35.89068378904506,
            21.405254031409847,
            17.292308975562186,
            13.34987766084426,
            30.555261381166968,
            15.583458099045018,
            35.370496892631266,
            38.74234357778751,
            33.979940335027486,
            13.460950859338219,
            27.62255871744305,
            28.246414282940073,
            30.985764762683623,
            33.97566868181272,
            34.55128773918321,
            21.488904767779577,
            35.998317369580036,
            19.236150786658044,
            36.89196143886875
        ],
        "power_bs1": [
            38.59576284247045,
            35.59576284247045,
            36.59576284247045,
            37.59576284247045,
            40.59576284247045,
            37.59576284247045,
            36.59576284247045,
            33.59576284247045,
            30.59576284247045,
            33.59576284247045,
            34.59576284247045,
            33.59576284247045,
            30.59576284247045,
            29.59576284247045,
            26.59576284247045,
            25.59576284247045,
            28.59576284247045,
            29.59576284247045,
            30.59576284247045,
            31.59576284247045
        ],
        "power_bs2": [
            43.961506218214666,
            42.961506218214666,
            45.961506218214666,
            42.961506218214666,
            41.961506218214666,
            40.96150621821466,
            39.961506218214666,
            40.96150621821466,
            37.961506218214666,
            38.961506218214666,
            35.961506218214666,
            32.961506218214666,
            29.961506218214666,
            28.961506218214662,
            31.961506218214662,
            34.961506218214666,
            37.961506218214666,
            34.961506218214666,
            37.961506218214666,
            36.96150621821466
        ]
    }
}