{
    "episode": 777,
    "seed": 777,
    "metrics": {
        "sinr_ue1": [
            20.014147322668954,
            27.224067907668697,
            12.054190889830032,
            26.717476355218423,
            11.95275245164153,
            11.917852385219485,
            12.017726727373347,
            12.04131259906158,
            26.152587254676778,
            10.063321394130229,
            16.0533900280529,
            12.09635312104561,
            13.458388020170371,
            8.0406396695615,
            10.041515007521877,
            29.094579715443846,
            16.578572710554713,
            21.975173181906314,
            28.39507462779587,
            10.077629243083344
        ],
        "sinr_ue2": [
            18.59472538768003,
            18.55005188440529,
            27.95590623313398,
            16.441110886212943,
            33.40604212258188,
            28.69632559324906,
            35.14832395416172,
            16.47299551404046,
            16.48663756172314,
            28.06156184418224,
            29.451043317514323,
            31.01362402149992,
            18.42915548927933,
            28.903287449731067,
            39.15849464845639,
            30.559324686249486,
            22.01922135703142,
            24.18990768679947,
            20.264659240806115,
            31.34921200931479
        ],
        "power_bs1": [
            39.32586360207069,
            36.32586360207069,
            37.32586360207069,
            34.32586360207069,
            31.32586360207069,
            30.32586360207069,
            33.32586360207069,
            36.32586360207069,
            35.32586360207069,
            34.32586360207069,
            37.32586360207069,
            34.32586360207069,
            31.32586360207069,
            28.325863602070687,
            29.325863602070687,
            26.32586360207069,
            25.32586360207069,
            26.32586360207069,
            27.32586360207069,
            30.32586360207069
        ],
        "power_bs2": [
            42.806309454939594,
            39.806309454939594,
            38.806309454939594,
            35.806309454939594,
            32.806309454939594,
            31.806309454939594,
            34.806309454939594,
            37.806309454939594,
            36.806309454939594,
            37.806309454939594,
            34.806309454939594,
            35.806309454939594,
            34.806309454939594,
            33.806309454939594,
            32.806309454939594,
            29.806309454939594,
            32.806309454939594,
            35.80630945493959,
            32.806309454939594,
            33.806309454939594
        ]
    }
}