{
    "episode": 1020,
    "seed": 1020,
    "metrics": {
        "sinr_ue1": [
            18.040403734501517,
            26.15878936606388,
            11.461458490529711,
            11.538718130800408,
            15.420323594716905,
            17.430867557957413,
            32.88753188376945,
            35.622145898679804,
            32.18999661448473,
            34.708290756316046,
            35.55015319851392,
            11.685684542745303,
            9.619656678510292,
            9.740982948466003,
            5.854217856673113,
            7.931129121981292,
            10.053792800523496,
            14.179718344038072,
            25.576714971042968,
            21.48851698497978
        ],
        "sinr_ue2": [
            23.820876852417992,
            13.351641997862897,
            28.471298445705564,
            32.85218192298948,
            29.206585846614395,
            23.72159707026114,
            9.423032536945295,
            7.432932317056384,
            19.909139175016385,
            5.375628368629439,
            7.223727328806003,
            23.658496930374803,
            32.09294702275813,
            25.75763181141598,
            39.871953393278325,
            33.525852942295266,
            32.23931754956002,
            25.810632407585388,
            13.401073367658618,
            17.416040410340187
        ],
        "power_bs1": [
            32.597988883934164,
            35.59798888393417,
            34.597988883934164,
            33.597988883934164,
            34.597988883934164,
            37.597988883934164,
            36.597988883934164,
            37.597988883934164,
            34.597988883934164,
            33.597988883934164,
            30.597988883934164,
            27.597988883934164,
            28.597988883934168,
            31.597988883934164,
            30.597988883934164,
            33.597988883934164,
            36.597988883934164,
            39.597988883934164,
            38.597988883934164,
            37.597988883934164
        ],
        "power_bs2": [
            38.83480302467195,
            37.83480302467195,
            36.83480302467195,
            35.83480302467195,
            32.83480302467195,
            33.83480302467195,
            34.83480302467195,
            33.83480302467195,
            30.83480302467195,
            27.83480302467195,
            26.83480302467195,
            29.83480302467195,
            32.83480302467195,
            35.83480302467195,
            38.83480302467195,
            39.83480302467195,
            40.83480302467195,
            39.83480302467195,
            40.83480302467195,
            43.83480302467195
        ]
    }
}