{
    "episode": 4497,
    "seed": 4497,
    "metrics": {
        "sinr_ue1": [
            7.245037295607991,
            17.45951773884889,
            11.236281380307123,
            9.29891325223387,
            28.94504059456849,
            13.355248444277809,
            16.278317980019537,
            13.248592803680907,
            18.5424898972688,
            19.30376876850979,
            36.890096399665666,
            36.994143977745935,
            37.952900972877686,
            28.766999924598466,
            15.600142902188816,
            13.541788422262723,
            32.2686663677404,
            17.43341401388571,
            24.296164244129095,
            25.29370157265056
        ],
        "sinr_ue2": [
            96.55120145913938,
            87.43616682798938,
            87.70777594718679,
            87.87263707850644,
            80.1668098473796,
            90.54747069199009,
            78.04728568459348,
            87.27133218502485,
            96.16744333039377,
            90.11483397734233,
            68.72006541218522,
            65.24464712339976,
            68.43629367594116,
            75.48821229798735,
            92.17566672048841,
            96.0889688633698,
            75.35636539974826,
            78.06220807714527,
            69.28169196880046,
            77.8788882394202
        ],
        "power_bs1": [
            33.39050924982197,
            34.39050924982197,
            33.39050924982197,
            32.39050924982197,
            31.390509249821967,
            30.390509249821967,
            33.39050924982197,
            32.39050924982197,
            33.39050924982197,
            36.39050924982197,
            39.39050924982197,
            38.39050924982197,
            37.39050924982197,
            36.39050924982197,
            35.39050924982197,
            32.39050924982197,
            33.39050924982197,
            34.39050924982197,
            33.39050924982197,
            36.39050924982197
        ],
        "power_bs2": [
            44.72786602577418,
            41.72786602577418,
            40.72786602577419,
            41.72786602577418,
            38.72786602577419,
            35.72786602577418,
            38.72786602577419,
            37.72786602577418,
            38.72786602577419,
            35.72786602577418,
            34.72786602577418,
            33.72786602577418,
            36.72786602577418,
            39.72786602577418,
            38.72786602577418,
            37.72786602577418,
            38.72786602577418,
            35.72786602577418,
            32.72786602577418,
            29.727866025774183
        ]
    }
}