{
    "episode": 652,
    "seed": 652,
    "metrics": {
        "sinr_ue1": [
            14.642086186936151,
            1.8627510834610586,
            23.043793076569457,
            20.365235490667793,
            7.601120915979037,
            20.336391349280024,
            19.533799584618336,
            9.553532910321099,
            7.486836557139425,
            15.677329338403288,
            1.5328782064117839,
            12.41456848767,
            3.456190254948952,
            16.674667748646584,
            17.912472996470008,
            17.4829334588548,
            7.695216599309301,
            22.146041508118614,
            17.890235472796086,
            15.427121284492138
        ],
        "sinr_ue2": [
            24.066229291288188,
            40.18275752888343,
            24.135009967531758,
            22.062193331395417,
            34.398956545466646,
            23.959679096094465,
            21.989725463553008,
            32.347517180059505,
            34.962127047658015,
            25.932776190749415,
            46.83399080876559,
            30.06892378742952,
            41.75475232998524,
            25.973001652482772,
            27.87867352799232,
            25.789491170233198,
            33.403601157879336,
            25.71841549326718,
            27.722801995243223,
            31.586146115405324
        ],
        "power_bs1": [
            37.87939944997122,
            36.87939944997122,
            39.87939944997122,
            40.87939944997122,
            41.879399449971224,
            40.87939944997122,
            41.879399449971224,
            44.879399449971224,
            41.87939944997122,
            38.87939944997122,
            35.87939944997122,
            34.87939944997122,
            37.87939944997122,
            38.87939944997122,
            35.87939944997122,
            34.87939944997122,
            37.87939944997122,
            34.87939944997122,
            31.879399449971217,
            28.879399449971217
        ],
        "power_bs2": [
            40.49196564473699,
            41.491965644736986,
            42.491965644736986,
            41.491965644736986,
            40.49196564473699,
            43.49196564473699,
            42.491965644736986,
            41.491965644736986,
            40.49196564473699,
            43.49196564473699,
            40.49196564473699,
            43.49196564473699,
            40.49196564473699,
            43.49196564473699,
            42.491965644736986,
            39.491965644736986,
            36.491965644736986,
            39.491965644736986,
            38.491965644736986,
            39.491965644736986
        ]
    }
}