{
    "episode": 4941,
    "seed": 4941,
    "metrics": {
        "sinr_ue1": [
            8.156917105167318,
            18.66311172557484,
            22.512362430546602,
            8.04511976059914,
            4.1010115339792295,
            7.941404296994349,
            21.737544329737453,
            15.138613210227964,
            4.074687197599692,
            0.15941547582142235,
            11.828784353265663,
            22.21145937395307,
            22.859599439305555,
            24.045784237702303,
            3.6285281143189834,
            5.707720652355457,
            3.8914771187990023,
            3.82921825723957,
            1.866683342526443,
            18.936547239130842
        ],
        "sinr_ue2": [
            24.861119701839055,
            17.686276187749943,
            27.859283013827056,
            30.753428447460536,
            33.35862416782737,
            32.23493605298156,
            13.859996295801107,
            15.839378284206465,
            37.178187076286655,
            24.228329856353838,
            19.733066625070695,
            28.63285686282101,
            13.698490661824113,
            15.56358788957816,
            35.41801917641643,
            34.12628288070833,
            23.856948125759196,
            36.880309370464076,
            38.30814454857189,
            15.516168488345443
        ],
        "power_bs1": [
            33.42120776573375,
            30.42120776573375,
            31.421207765733747,
            30.42120776573375,
            27.421207765733747,
            28.421207765733747,
            27.421207765733747,
            28.421207765733747,
            27.421207765733747,
            26.421207765733747,
            25.421207765733747,
            28.421207765733747,
            27.421207765733747,
            24.42120776573375,
            21.421207765733747,
            24.421207765733747,
            25.421207765733747,
            24.421207765733747,
            23.421207765733744,
            24.421207765733747
        ],
        "power_bs2": [
            35.729686299351634,
            36.729686299351634,
            33.72968629935164,
            32.729686299351634,
            33.72968629935164,
            30.729686299351634,
            29.729686299351634,
            32.729686299351634,
            33.72968629935164,
            36.729686299351634,
            33.729686299351634,
            30.729686299351634,
            29.729686299351634,
            28.729686299351634,
            27.729686299351638,
            28.729686299351634,
            31.729686299351634,
            30.729686299351634,
            31.729686299351634,
            28.729686299351634
        ]
    }
}