{
    "episode": 2784,
    "seed": 2784,
    "metrics": {
        "sinr_ue1": [
            34.27440773681177,
            27.708215701064884,
            9.828066581715436,
            17.494853732592333,
            5.637834475935197,
            -0.45279729081593223,
            -0.4886564325304754,
            5.593441558213106,
            24.903186109006896,
            33.46804869881807,
            25.260102371839256,
            7.438673046215997,
            5.489159859502864,
            22.18303676513116,
            1.671699209934841,
            25.020083429693734,
            3.5866589335494763,
            7.563550616921812,
            5.670530850702526,
            23.492579385979553
        ],
        "sinr_ue2": [
            20.979919105933448,
            20.927366058066085,
            38.32757951263649,
            25.054073621686356,
            42.0823909943844,
            50.629095139709776,
            50.90116557523986,
            41.93089707539734,
            26.758364422578257,
            22.817302148724515,
            20.944949427043824,
            47.587812287409065,
            40.709535365661516,
            30.752827772326732,
            47.28242192053791,
            30.733802997467386,
            47.15340407629075,
            42.5761975171133,
            36.02386253290055,
            26.819673500655238
        ],
        "power_bs1": [
            32.701744695196005,
            29.701744695196005,
            28.701744695196005,
            27.701744695196005,
            26.701744695196005,
            23.701744695196005,
            20.701744695196002,
            23.701744695196005,
            22.701744695196005,
            23.701744695196005,
            26.701744695196005,
            23.701744695196005,
            24.701744695196002,
            23.701744695196005,
            24.701744695196002,
            23.701744695196005,
            20.701744695196002,
            23.701744695196005,
            24.701744695196002,
            23.701744695196005
        ],
        "power_bs2": [
            39.37839696547278,
            36.37839696547278,
            39.37839696547278,
            38.37839696547278,
            41.37839696547278,
            44.37839696547278,
            41.37839696547278,
            38.37839696547278,
            35.37839696547278,
            32.378396965472774,
            33.37839696547278,
            36.37839696547278,
            39.37839696547278,
            40.378396965472774,
            43.37839696547278,
            40.378396965472774,
            37.378396965472774,
            36.378396965472774,
            39.37839696547278,
            36.378396965472774
        ]
    }
}