{
    "episode": 891,
    "seed": 891,
    "metrics": {
        "sinr_ue1": [
            36.26280237792559,
            36.46697980760821,
            38.75724622089478,
            32.08031788230479,
            34.09367079363843,
            51.80580917845386,
            39.775650145497366,
            53.714439231718046,
            56.56429549346637,
            44.76126953645101,
            50.269992623033076,
            38.28232830063585,
            53.94473001553666,
            42.63638815713203,
            57.319356622279784,
            40.85733615904904,
            38.735630906394086,
            55.243112886715906,
            32.35350969723511,
            35.13356978276811
        ],
        "sinr_ue2": [
            25.603803006610892,
            25.493803277523742,
            28.808242959021516,
            29.490961411935036,
            27.93553365267315,
            7.697808546058694,
            16.720213831332238,
            17.909130290938776,
            3.7206365712681833,
            -0.24490335260528234,
            14.23116686269635,
            24.206678134321162,
            3.818054057359128,
            20.49736240453521,
            5.912601016854985,
            14.01076102483593,
            21.010627172301067,
            5.752384731078546,
            30.623215207360296,
            20.18801509436829
        ],
        "power_bs1": [
            43.63881774667364,
            40.638817746673645,
            39.638817746673645,
            38.638817746673645,
            41.63881774667365,
            40.638817746673645,
            41.63881774667365,
            44.638817746673645,
            41.63881774667365,
            44.638817746673645,
            41.63881774667364,
            42.638817746673645,
            45.638817746673645,
            44.638817746673645,
            43.63881774667364,
            40.638817746673645,
            41.63881774667364,
            38.63881774667364,
            35.638817746673645,
            34.638817746673645
        ],
        "power_bs2": [
            37.17017150836221,
            34.170171508362216,
            37.17017150836221,
            36.17017150836221,
            37.17017150836221,
            34.170171508362216,
            31.17017150836221,
            34.17017150836221,
            31.17017150836221,
            30.17017150836221,
            33.17017150836221,
            34.17017150836221,
            35.17017150836221,
            32.17017150836221,
            29.17017150836221,
            30.17017150836221,
            33.17017150836221,
            30.17017150836221,
            33.17017150836221,
            34.17017150836221
        ]
    }
}