{
    "episode": 1209,
    "seed": 1209,
    "metrics": {
        "sinr_ue1": [
            15.880851504643763,
            31.23780546005279,
            21.859148386181623,
            21.863484108840318,
            39.48338860226511,
            15.86787405119837,
            24.241280307721176,
            17.757314800560305,
            19.678324335636162,
            36.33102649098062,
            30.909033492599903,
            21.53692641491325,
            41.206595969724745,
            27.630082449998813,
            29.651449116025894,
            27.58020811460268,
            43.96824672031159,
            40.3155053755371,
            30.863929679846184,
            35.07770784630492
        ],
        "sinr_ue2": [
            20.577583161581604,
            16.687653400908662,
            35.62842884966517,
            34.066450952491365,
            16.73087007244938,
            38.56444650990595,
            18.79365378692512,
            36.260527608325624,
            34.122497837191716,
            36.69237439432831,
            34.84873299000575,
            24.33576741558463,
            12.562786426814688,
            26.67946393417569,
            17.171086092742513,
            26.36981892556344,
            22.94783278518141,
            12.580701411378946,
            14.682728233461383,
            18.56674545940329
        ],
        "power_bs1": [
            43.98018785556584,
            44.98018785556583,
            45.98018785556583,
            42.98018785556583,
            43.98018785556584,
            40.98018785556583,
            41.98018785556584,
            40.98018785556583,
            39.98018785556583,
            36.98018785556584,
            33.98018785556583,
            36.98018785556583,
            37.98018785556583,
            40.98018785556583,
            43.98018785556584,
            40.98018785556583,
            39.98018785556583,
            38.98018785556583,
            37.98018785556583,
            36.98018785556583
        ],
        "power_bs2": [
            45.92751539779534,
            42.92751539779533,
            41.92751539779533,
            38.92751539779533,
            41.92751539779533,
            42.92751539779533,
            41.92751539779533,
            40.92751539779534,
            37.92751539779533,
            38.92751539779533,
            35.92751539779533,
            32.92751539779533,
            31.927515397795332,
            30.927515397795332,
            31.927515397795332,
            30.927515397795332,
            33.92751539779533,
            32.92751539779533,
            33.92751539779533,
            36.92751539779533
        ]
    }
}