{
    "episode": 3034,
    "seed": 3034,
    "metrics": {
        "sinr_ue1": [
            9.374300466945334,
            33.27860170003702,
            19.32318496249717,
            41.17970129555456,
            31.321239958023405,
            34.69388767458743,
            28.223505278930464,
            28.0167998714588,
            36.165930080666264,
            33.64052450077206,
            19.339105234290795,
            17.36241601998353,
            26.448481621614444,
            23.234621115519154,
            25.00306263343045,
            34.76764405620622,
            23.224921871634038,
            21.15095012944305,
            23.36097425953401,
            24.535481086554412
        ],
        "sinr_ue2": [
            25.624769614242346,
            7.48809489798648,
            19.17703624873095,
            -0.4972612576000108,
            8.649796682012285,
            17.03146988880541,
            3.5216047317733814,
            5.518015941913852,
            3.5291966463385114,
            4.234618494608435,
            14.401881876022058,
            10.17280439831757,
            3.5707599325306907,
            12.84706079346023,
            14.10336614459518,
            -0.4099424292529968,
            -0.3760980831750894,
            20.967932823955078,
            7.543245179940509,
            19.529089989758724
        ],
        "power_bs1": [
            39.64794069681834,
            42.64794069681834,
            43.64794069681834,
            44.64794069681833,
            45.64794069681834,
            42.64794069681834,
            41.64794069681833,
            38.64794069681834,
            41.64794069681833,
            44.64794069681833,
            41.64794069681833,
            38.64794069681834,
            37.64794069681833,
            40.64794069681834,
            39.64794069681833,
            38.64794069681834,
            41.64794069681833,
            38.64794069681834,
            35.64794069681833,
            36.64794069681833
        ],
        "power_bs2": [
            41.591655113865436,
            38.591655113865436,
            35.59165511386544,
            32.591655113865436,
            35.59165511386544,
            32.591655113865436,
            33.591655113865436,
            32.591655113865436,
            33.591655113865436,
            32.591655113865436,
            33.591655113865436,
            32.591655113865436,
            29.59165511386544,
            28.591655113865436,
            25.591655113865436,
            26.591655113865436,
            29.59165511386544,
            28.591655113865436,
            31.591655113865436,
            28.591655113865436
        ]
    }
}