{
    "episode": 4054,
    "seed": 4054,
    "metrics": {
        "sinr_ue1": [
            29.529315349227403,
            9.437991807335063,
            9.599915218152274,
            13.567640080107314,
            11.715042125714765,
            5.871408439217616,
            17.1459533619514,
            22.301181059956615,
            3.798062688650064,
            9.691808023972865,
            5.791277336625072,
            8.44330039188941,
            5.887577782288533,
            23.04568400357139,
            27.25865921365577,
            21.882876003306624,
            11.896278116995331,
            7.737002007639795,
            9.694136784145712,
            26.41084254722204
        ],
        "sinr_ue2": [
            30.01272642056129,
            50.41717598136639,
            51.32315356385323,
            44.781547521912124,
            49.046846361678966,
            50.70539964603809,
            31.9283027552351,
            35.90136765225547,
            55.03263750797903,
            38.041974331361665,
            58.195356433198064,
            34.05474890683619,
            56.58231994011728,
            35.82001565807019,
            31.942962820316126,
            31.788685144062274,
            49.37877307804185,
            49.35731760103472,
            31.845937763692994,
            33.832336342661534
        ],
        "power_bs1": [
            34.63840377949904,
            35.63840377949904,
            32.63840377949904,
            33.63840377949904,
            32.63840377949904,
            29.638403779499043,
            30.638403779499047,
            27.638403779499043,
            28.638403779499043,
            29.638403779499043,
            32.63840377949904,
            31.638403779499043,
            28.638403779499043,
            29.638403779499043,
            30.638403779499043,
            27.638403779499043,
            26.638403779499043,
            25.638403779499043,
            28.63840377949904,
            27.638403779499043
        ],
        "power_bs2": [
            41.8273220680517,
            44.82732206805171,
            41.8273220680517,
            38.8273220680517,
            39.8273220680517,
            42.82732206805171,
            39.8273220680517,
            40.8273220680517,
            43.8273220680517,
            44.82732206805171,
            45.8273220680517,
            42.82732206805171,
            41.8273220680517,
            42.82732206805171,
            39.8273220680517,
            36.82732206805171,
            33.8273220680517,
            36.82732206805171,
            37.82732206805171,
            38.8273220680517
        ]
    }
}