{
    "episode": 2842,
    "seed": 2842,
    "metrics": {
        "sinr_ue1": [
            10.419554437973318,
            24.003073776582127,
            8.480279340312357,
            6.502744102604949,
            17.877299246480025,
            6.586139772928226,
            8.572714433748704,
            33.6226228491458,
            27.124822804831407,
            24.775237758467917,
            22.218633234392765,
            14.603344153122489,
            16.55556503913533,
            14.666002293983425,
            10.62910647955528,
            22.35155148309265,
            0.6518790942115311,
            16.543790313523893,
            21.30225329518992,
            4.753576206797582
        ],
        "sinr_ue2": [
            35.049743775382765,
            15.46882677460433,
            38.69658367275599,
            29.823052293086185,
            30.538952841613266,
            39.01947326073996,
            37.985779634611085,
            13.61903661741847,
            11.74477619262837,
            13.775500202972871,
            15.774708914329164,
            27.48254189796938,
            23.276364442540924,
            15.313395977306625,
            31.411058125552085,
            19.583897613253818,
            43.05271006955753,
            46.51686048894377,
            21.695836952324797,
            36.98607372699679
        ],
        "power_bs1": [
            31.93999732478641,
            32.93999732478641,
            29.93999732478641,
            30.93999732478641,
            29.93999732478641,
            30.93999732478641,
            29.93999732478641,
            30.93999732478641,
            33.93999732478641,
            34.93999732478641,
            33.93999732478641,
            34.93999732478641,
            33.93999732478641,
            34.93999732478641,
            31.93999732478641,
            30.93999732478641,
            27.93999732478641,
            28.93999732478641,
            31.93999732478641,
            34.93999732478641
        ],
        "power_bs2": [
            32.48491205751912,
            33.48491205751912,
            32.48491205751912,
            35.48491205751912,
            32.48491205751912,
            35.48491205751912,
            32.48491205751912,
            29.484912057519118,
            30.484912057519118,
            33.48491205751912,
            34.48491205751912,
            31.484912057519118,
            28.484912057519118,
            31.484912057519118,
            32.48491205751912,
            35.48491205751912,
            38.48491205751912,
            41.48491205751911,
            38.48491205751912,
            41.48491205751911
        ]
    }
}