{
    "episode": 1129,
    "seed": 1129,
    "metrics": {
        "sinr_ue1": [
            10.41029717620416,
            0.0409853656127888,
            0.08966481237762841,
            0.06899613375320637,
            16.14488185190471,
            1.839709391103025,
            19.01448536157185,
            1.6776050541449208,
            20.436468217676623,
            17.43747342109406,
            -2.3628281455459685,
            11.289144619764727,
            -0.5345911085175993,
            7.096006345989878,
            12.66171188429691,
            7.8126328004392125,
            23.02520501662555,
            4.969642503559187,
            3.0944123112572375,
            14.005701227796571
        ],
        "sinr_ue2": [
            21.006641200468643,
            39.17767520481899,
            36.49438528090212,
            36.20642389319086,
            17.07253476922483,
            32.740338835228336,
            30.092576393476328,
            34.64152517765835,
            13.034652410712116,
            19.161835745537964,
            37.25527655804783,
            21.298933441773592,
            37.681362490010656,
            25.262822286606692,
            19.115291497870437,
            26.851921273040773,
            15.323765444942826,
            28.033827542615374,
            30.84819515855528,
            26.74708338524113
        ],
        "power_bs1": [
            37.43840660870048,
            40.438406608700475,
            41.43840660870048,
            40.438406608700475,
            41.43840660870048,
            38.43840660870048,
            37.43840660870048,
            34.43840660870048,
            37.43840660870048,
            34.43840660870048,
            33.43840660870048,
            34.43840660870048,
            35.43840660870048,
            32.43840660870048,
            35.43840660870048,
            36.43840660870048,
            39.43840660870048,
            40.438406608700475,
            39.43840660870048,
            36.43840660870048
        ],
        "power_bs2": [
            38.771583833314125,
            39.771583833314125,
            40.771583833314125,
            39.771583833314125,
            38.771583833314125,
            35.771583833314125,
            34.771583833314125,
            31.771583833314125,
            30.77158383331412,
            33.771583833314125,
            34.771583833314125,
            35.771583833314125,
            34.771583833314125,
            37.771583833314125,
            34.771583833314125,
            33.771583833314125,
            34.771583833314125,
            33.771583833314125,
            34.771583833314125,
            31.771583833314125
        ]
    }
}