{
    "episode": 2481,
    "seed": 2481,
    "metrics": {
        "sinr_ue1": [
            6.320565157987468,
            5.235668152161015,
            14.546794772138792,
            17.041007955339584,
            -2.72702746060291,
            3.095403181688688,
            -0.7413201290724751,
            5.961896382958769,
            1.376395550819006,
            17.79315758844566,
            -0.6991615082674135,
            3.3279393373750352,
            7.259173913196698,
            5.320465897710475,
            3.2847258343536945,
            17.81806536830767,
            20.379895648547823,
            5.239005832913289,
            20.57177873177153,
            5.136548828177646
        ],
        "sinr_ue2": [
            23.04794376115053,
            21.092854288324073,
            27.08111152869927,
            13.101983817779416,
            25.340375856796378,
            19.00224207996306,
            35.376888217507165,
            26.41166063631079,
            13.075688904022766,
            15.06587840129625,
            30.71727567610399,
            27.792040658219406,
            26.677412215791808,
            29.792470065541366,
            28.582619482395955,
            11.06526311785942,
            9.061161578668266,
            26.74899295736769,
            9.019854042853604,
            11.27508968577452
        ],
        "power_bs1": [
            34.20548316700093,
            35.20548316700093,
            36.20548316700092,
            39.20548316700093,
            36.20548316700092,
            33.20548316700092,
            34.20548316700093,
            33.20548316700092,
            36.20548316700092,
            37.20548316700092,
            38.20548316700092,
            41.20548316700092,
            42.20548316700093,
            39.20548316700093,
            38.20548316700092,
            39.20548316700093,
            40.20548316700093,
            39.20548316700093,
            40.20548316700093,
            43.20548316700092
        ],
        "power_bs2": [
            45.96916618214287,
            44.969166182142864,
            41.96916618214287,
            40.96916618214287,
            41.96916618214287,
            40.96916618214287,
            37.96916618214287,
            36.96916618214287,
            37.96916618214287,
            40.96916618214287,
            41.96916618214287,
            40.96916618214287,
            37.96916618214287,
            36.96916618214287,
            37.96916618214287,
            38.96916618214287,
            37.96916618214287,
            36.96916618214287,
            37.96916618214287,
            40.96916618214287
        ]
    }
}