{
    "episode": 2624,
    "seed": 2624,
    "metrics": {
        "sinr_ue1": [
            49.0774358874493,
            27.654592704615183,
            47.240700457927815,
            54.83699580527962,
            50.17718365438444,
            47.9486649944154,
            39.59473931298327,
            22.879863925478368,
            26.378125795019486,
            48.006416044677984,
            28.36713063283113,
            53.772069500649906,
            32.69088395777713,
            51.31790264072567,
            44.279830962700395,
            32.551988944047764,
            34.15383397127031,
            34.405791400083686,
            36.83507203612551,
            36.67884262558866
        ],
        "sinr_ue2": [
            9.939444854552764,
            25.27643809299558,
            7.761224103404196,
            3.626726899259248,
            9.726436090903022,
            13.8368811945545,
            17.890183732706756,
            38.59283115519379,
            32.233273062849435,
            11.909088004430352,
            35.81572886844984,
            9.836730668235754,
            26.875619051947382,
            7.7092326714588975,
            25.01132633060068,
            28.690998340701693,
            25.571350838743555,
            7.562575683486507,
            16.321270314913022,
            27.46436585668625
        ],
        "power_bs1": [
            29.294575580510276,
            26.29457558051028,
            29.294575580510276,
            30.29457558051028,
            27.29457558051028,
            24.294575580510276,
            21.29457558051028,
            18.294575580510276,
            19.294575580510276,
            20.29457558051028,
            19.294575580510276,
            20.29457558051028,
            17.29457558051028,
            18.294575580510276,
            15.294575580510276,
            18.294575580510276,
            17.294575580510276,
            20.294575580510276,
            21.294575580510276,
            24.294575580510276
        ],
        "power_bs2": [
            39.10713682616371,
            40.10713682616371,
            37.10713682616371,
            34.10713682616371,
            37.10713682616371,
            38.10713682616371,
            39.10713682616371,
            38.10713682616371,
            35.10713682616371,
            32.10713682616371,
            33.10713682616371,
            30.10713682616371,
            27.10713682616371,
            26.10713682616371,
            27.10713682616371,
            28.107136826163707,
            25.10713682616371,
            28.107136826163707,
            27.107136826163707,
            30.10713682616371
        ]
    }
}