{
    "episode": 4407,
    "seed": 4407,
    "metrics": {
        "sinr_ue1": [
            35.56909926601279,
            30.297746435735313,
            28.881269406876534,
            27.118607535262633,
            23.346920730130254,
            6.078896012817376,
            23.178726976506866,
            2.1208701109653716,
            24.62336518046108,
            23.754080792325286,
            25.224376704944987,
            8.176741527393197,
            12.212583581071055,
            27.68880297820911,
            20.172575663587043,
            24.138965889773086,
            18.172576462991184,
            28.726072800639773,
            20.231692039369285,
            18.21917270089459
        ],
        "sinr_ue2": [
            6.162396238678237,
            8.112201625224971,
            23.6465452036142,
            14.116527122599553,
            18.062213156429912,
            32.49921228373111,
            25.207711605935256,
            41.44713192646131,
            20.01379780480873,
            20.045811033329343,
            18.020002587025708,
            30.35812603887864,
            33.04374432526582,
            11.999074050990457,
            20.073704314381263,
            16.69553466648358,
            23.316609341373727,
            6.063832055505229,
            18.908414446489676,
            18.327938204006557
        ],
        "power_bs1": [
            41.26440803182178,
            38.26440803182178,
            35.26440803182178,
            38.26440803182178,
            35.26440803182178,
            34.26440803182178,
            33.26440803182178,
            30.26440803182178,
            33.26440803182178,
            34.26440803182178,
            35.26440803182178,
            36.26440803182178,
            37.26440803182178,
            36.26440803182178,
            39.26440803182178,
            40.26440803182179,
            37.26440803182178,
            38.26440803182178,
            39.26440803182178,
            38.26440803182179
        ],
        "power_bs2": [
            33.87934249612462,
            32.87934249612462,
            35.87934249612462,
            38.87934249612462,
            39.87934249612462,
            40.87934249612462,
            41.87934249612462,
            40.87934249612462,
            39.87934249612462,
            40.87934249612462,
            39.87934249612462,
            40.87934249612462,
            37.87934249612462,
            34.87934249612462,
            31.87934249612462,
            28.879342496124618,
            31.87934249612462,
            30.87934249612462,
            31.87934249612462,
            32.87934249612462
        ]
    }
}