{
    "episode": 2850,
    "seed": 2850,
    "metrics": {
        "sinr_ue1": [
            27.52890017598026,
            23.43448253555408,
            47.11195578341919,
            35.42989330485012,
            42.89890947333487,
            31.33519859070408,
            37.17360759939974,
            43.62461828327323,
            21.532462674383392,
            19.506507354966487,
            15.554924153071001,
            13.672549382270953,
            17.732728273543007,
            23.840570828645614,
            25.86983373177074,
            27.80989608854032,
            46.713075972567644,
            44.40844407454361,
            35.944887567383354,
            21.79468240844487
        ],
        "sinr_ue2": [
            17.600729116505985,
            26.923771991079512,
            24.726363828652666,
            22.66270702554166,
            23.035859426627376,
            5.611752487745423,
            28.43846061400611,
            9.543268804037252,
            34.73643861158272,
            33.98530314635928,
            28.08326078958764,
            40.49945361098025,
            36.70976295668621,
            26.161522362560092,
            11.57547811052349,
            29.307575929344193,
            11.670975956218726,
            11.599119303982068,
            17.540276978775978,
            27.178695361288156
        ],
        "power_bs1": [
            35.51905898694817,
            38.51905898694817,
            41.51905898694817,
            44.51905898694817,
            43.51905898694817,
            44.51905898694817,
            41.51905898694817,
            38.51905898694816,
            35.51905898694817,
            34.51905898694817,
            33.51905898694816,
            30.519058986948163,
            33.51905898694816,
            36.51905898694817,
            39.51905898694817,
            38.51905898694816,
            37.51905898694816,
            34.51905898694817,
            31.51905898694816,
            34.51905898694817
        ],
        "power_bs2": [
            38.67439648621493,
            37.67439648621493,
            34.67439648621493,
            31.67439648621493,
            32.67439648621493,
            35.67439648621493,
            36.67439648621493,
            33.67439648621493,
            36.67439648621493,
            37.67439648621493,
            40.67439648621493,
            39.67439648621493,
            38.67439648621493,
            35.67439648621493,
            36.67439648621493,
            33.67439648621493,
            34.67439648621493,
            31.67439648621493,
            34.67439648621493,
            35.67439648621493
        ]
    }
}