{
    "episode": 787,
    "seed": 787,
    "metrics": {
        "sinr_ue1": [
            4.712436425490562,
            10.556123107797129,
            24.89050263187485,
            12.364275036479501,
            16.3018663224214,
            35.6175655548375,
            10.1603880831329,
            16.33704793911337,
            6.232825812348697,
            6.107734904220454,
            22.768291182045168,
            23.89056572946422,
            8.055836937129516,
            21.29519548616731,
            3.9677683333839795,
            24.088039198458166,
            19.92157417384884,
            26.327953823029166,
            2.3128292127406502,
            3.3809638360805305
        ],
        "sinr_ue2": [
            46.32515087684798,
            43.40922766257339,
            26.78384837458524,
            35.8521245514042,
            38.882166033500944,
            20.737814573780838,
            43.820328464419745,
            45.120478262904975,
            28.664364673257246,
            38.72012923812246,
            24.80297604344015,
            26.664940895436274,
            26.599804057240707,
            32.66335475028492,
            30.792249736526216,
            30.657353564967703,
            30.58039580677642,
            28.476542937659097,
            41.60091435702949,
            50.008636258871206
        ],
        "power_bs1": [
            35.42627897339681,
            38.42627897339681,
            35.42627897339681,
            36.42627897339681,
            37.42627897339681,
            38.42627897339681,
            35.42627897339681,
            34.42627897339682,
            37.42627897339681,
            34.42627897339681,
            35.42627897339681,
            32.42627897339681,
            35.42627897339681,
            32.42627897339681,
            35.42627897339681,
            32.42627897339681,
            29.426278973396812,
            28.426278973396812,
            25.426278973396812,
            26.426278973396812
        ],
        "power_bs2": [
            43.32051694226983,
            40.320516942269826,
            39.32051694226983,
            36.320516942269826,
            33.320516942269826,
            36.320516942269826,
            37.320516942269826,
            40.320516942269826,
            43.320516942269826,
            40.320516942269826,
            37.320516942269826,
            36.320516942269826,
            39.320516942269826,
            42.320516942269826,
            43.320516942269826,
            40.320516942269826,
            37.320516942269826,
            34.320516942269826,
            35.320516942269826,
            34.320516942269826
        ]
    }
}