{
    "episode": 4190,
    "seed": 4190,
    "metrics": {
        "sinr_ue1": [
            23.294866775499933,
            43.06137392631748,
            49.66342817731511,
            45.66740737229593,
            26.992766383974658,
            37.79384399530948,
            26.692060981466625,
            24.988716934458267,
            37.418520584151395,
            20.958551586800716,
            31.23968499015463,
            20.95456950763672,
            24.287914971076052,
            44.7449030628949,
            44.162160362202144,
            31.362717519446576,
            44.79612137760284,
            23.97288133281519,
            20.50027258286192,
            32.116323083456464
        ],
        "sinr_ue2": [
            28.374067163614527,
            8.473833238735333,
            4.5262010703529505,
            6.4586967921175145,
            20.11301715440719,
            6.45572530740392,
            18.911835899689894,
            21.74181270712275,
            6.473093127333673,
            28.67892913972357,
            10.299800483165242,
            26.749662268608468,
            28.17295732964585,
            4.366436100002889,
            4.145402926030562,
            11.77686547545655,
            0.14760750912222145,
            25.685409923951134,
            30.77304508153757,
            8.793350298208038
        ],
        "power_bs1": [
            38.18730954454627,
            35.18730954454627,
            38.18730954454627,
            35.18730954454627,
            36.187309544546274,
            33.18730954454627,
            32.18730954454627,
            33.18730954454627,
            34.18730954454627,
            31.187309544546267,
            30.18730954454627,
            29.18730954454627,
            28.187309544546267,
            31.187309544546267,
            28.187309544546267,
            31.187309544546267,
            28.187309544546267,
            25.187309544546267,
            24.187309544546267,
            21.187309544546267
        ],
        "power_bs2": [
            34.651575979410055,
            31.651575979410048,
            30.651575979410048,
            29.65157597941005,
            28.65157597941005,
            27.65157597941005,
            24.65157597941005,
            27.65157597941005,
            28.65157597941005,
            29.65157597941005,
            28.65157597941005,
            27.65157597941005,
            26.651575979410048,
            23.65157597941005,
            20.651575979410048,
            17.651575979410048,
            16.651575979410048,
            19.65157597941005,
            22.651575979410048,
            19.651575979410048
        ]
    }
}