{
    "episode": 2616,
    "seed": 2616,
    "metrics": {
        "sinr_ue1": [
            29.12318699779759,
            19.458047896402142,
            15.481596256135193,
            33.08084549416108,
            21.49767829508441,
            4.511734130490371,
            15.735311555221397,
            29.752467916118498,
            24.377048686324173,
            9.701856910930308,
            28.70587601813486,
            11.6804170564984,
            27.55503643958499,
            28.667492239932958,
            25.77381356578592,
            9.692025789769472,
            9.749877316951688,
            9.868484744837097,
            25.40511871665455,
            11.888818423292765
        ],
        "sinr_ue2": [
            33.54501851860337,
            45.276465592511,
            51.88861834224734,
            31.54383373892025,
            32.84796814183665,
            44.34697340566845,
            49.06386172296483,
            35.768393253886465,
            35.80452233946366,
            54.387021288822204,
            50.35488337815765,
            55.06032982795438,
            37.40906019746645,
            37.36154346742312,
            29.26107935387741,
            48.74192078246443,
            53.05604708680193,
            52.0671449077516,
            33.38546250726474,
            50.24582341050008
        ],
        "power_bs1": [
            30.13865599854249,
            33.13865599854249,
            32.13865599854249,
            33.13865599854249,
            36.13865599854249,
            35.13865599854249,
            34.13865599854249,
            33.13865599854249,
            30.13865599854249,
            27.13865599854249,
            30.13865599854249,
            27.13865599854249,
            26.13865599854249,
            27.13865599854249,
            30.13865599854249,
            27.138655998542486,
            24.13865599854249,
            27.138655998542486,
            30.138655998542486,
            31.138655998542486
        ],
        "power_bs2": [
            38.791618108439174,
            35.791618108439174,
            38.791618108439174,
            39.79161810843918,
            36.791618108439174,
            37.791618108439174,
            40.791618108439174,
            43.791618108439174,
            40.791618108439174,
            39.791618108439174,
            38.791618108439174,
            37.791618108439174,
            38.791618108439174,
            39.791618108439174,
            38.791618108439174,
            39.791618108439174,
            36.791618108439174,
            39.791618108439174,
            38.791618108439174,
            41.79161810843917
        ]
    }
}