{
    "episode": 1062,
    "seed": 1062,
    "metrics": {
        "sinr_ue1": [
            34.16033590274732,
            53.97218551691573,
            28.321003899409703,
            28.204701470204352,
            51.721380172762025,
            46.90941216794427,
            50.67694629561917,
            49.61409325849067,
            35.04457967883619,
            29.136036391749272,
            45.166908545705,
            37.40817430591092,
            37.876386202600855,
            27.38926396658044,
            35.33345850081438,
            25.201261241601934,
            45.13442639333343,
            46.47486534115341,
            27.583142703210058,
            46.569212799613396
        ],
        "sinr_ue2": [
            25.37264804820331,
            12.464529919745752,
            33.5747410145693,
            32.130088065161324,
            12.929086872696134,
            23.7451910413467,
            23.75732239109176,
            12.98396910220637,
            12.817452118669532,
            25.109498262726557,
            20.915177414693254,
            26.84376336622524,
            21.042320847257407,
            20.98131347493424,
            18.794254944192556,
            37.853599169978075,
            24.85902954010088,
            20.97728326854337,
            20.799449951610715,
            18.82641408210604
        ],
        "power_bs1": [
            38.35214067083282,
            37.352140670832824,
            34.35214067083282,
            31.35214067083282,
            34.35214067083282,
            31.35214067083282,
            32.352140670832824,
            31.35214067083282,
            34.35214067083282,
            31.35214067083282,
            30.352140670832817,
            27.352140670832817,
            30.352140670832817,
            33.35214067083282,
            34.35214067083282,
            33.35214067083282,
            36.35214067083282,
            35.35214067083282,
            38.35214067083282,
            37.35214067083282
        ],
        "power_bs2": [
            36.61481319607453,
            35.61481319607453,
            38.61481319607453,
            35.61481319607453,
            32.61481319607453,
            29.61481319607453,
            30.61481319607453,
            29.61481319607453,
            32.61481319607453,
            35.61481319607453,
            36.61481319607453,
            39.61481319607453,
            36.61481319607453,
            39.61481319607453,
            38.61481319607453,
            41.61481319607453,
            42.614813196074536,
            41.61481319607453,
            44.61481319607452,
            41.61481319607453
        ]
    }
}