{
    "episode": 3553,
    "seed": 3553,
    "metrics": {
        "sinr_ue1": [
            27.714280529324576,
            13.721881961245195,
            15.670136123164236,
            9.677131736912365,
            7.636998342620132,
            20.66526664348904,
            22.346950284292028,
            1.6281302458565556,
            26.084089101905462,
            27.941645411503757,
            15.561989025199711,
            28.5082826398179,
            26.845390596401458,
            11.564731224658475,
            13.554784511255944,
            13.560235957951207,
            16.448724993926934,
            32.14018298810483,
            9.624942087119413,
            9.60271794908428
        ],
        "sinr_ue2": [
            37.234314160332026,
            36.812031066368654,
            53.61173770819504,
            60.20962009109847,
            59.88897048750546,
            44.3532012690075,
            48.65842067377916,
            70.51266251213656,
            46.00233948019646,
            58.04282615539064,
            52.75092641849884,
            40.2823282449248,
            40.33908549063674,
            44.32817685214127,
            53.1204518578889,
            50.389725201835425,
            51.61320337218016,
            48.7945075274972,
            52.36101138465459,
            39.543046179296525
        ],
        "power_bs1": [
            39.11271161417182,
            42.112711614171815,
            41.11271161417182,
            38.11271161417182,
            35.11271161417182,
            34.11271161417182,
            33.11271161417182,
            32.112711614171815,
            33.11271161417182,
            36.112711614171815,
            39.11271161417182,
            36.112711614171815,
            35.112711614171815,
            36.112711614171815,
            39.112711614171815,
            36.112711614171815,
            35.112711614171815,
            38.112711614171815,
            35.112711614171815,
            38.112711614171815
        ],
        "power_bs2": [
            38.80001944862498,
            41.80001944862497,
            38.80001944862498,
            41.80001944862497,
            40.80001944862498,
            41.80001944862497,
            44.80001944862497,
            43.80001944862498,
            42.80001944862498,
            39.80001944862498,
            36.80001944862497,
            39.80001944862498,
            38.80001944862498,
            37.80001944862497,
            38.80001944862498,
            35.80001944862498,
            38.80001944862498,
            35.80001944862497,
            38.80001944862498,
            41.80001944862497
        ]
    }
}