{
    "episode": 3732,
    "seed": 3732,
    "metrics": {
        "sinr_ue1": [
            30.13683699112579,
            13.33006776856578,
            25.37905635347463,
            27.064747879412934,
            26.328246049956917,
            3.380307553544874,
            19.064684063377612,
            -0.5774223658455111,
            22.694676837663263,
            26.470984429312256,
            9.360670370481095,
            7.307614424847387,
            17.432401713163422,
            19.636695281583705,
            5.2370101301654115,
            5.19736774554441,
            11.243270246199726,
            25.68825204718593,
            20.839890949008463,
            3.2133746338451337
        ],
        "sinr_ue2": [
            16.084161177576085,
            32.445832373422746,
            29.803853741812148,
            29.704953486629382,
            19.992849386132917,
            43.59324540472633,
            23.93781859695876,
            44.127279224973115,
            24.284771808982363,
            23.813813995807482,
            18.60627066039502,
            32.41602148975013,
            22.62607302099648,
            24.64778715227593,
            43.01737171695662,
            22.693199156651715,
            29.903078012092287,
            18.771271872631697,
            42.14344019242632,
            39.88260241702179
        ],
        "power_bs1": [
            35.15738562076406,
            38.15738562076406,
            35.15738562076406,
            34.15738562076405,
            31.157385620764057,
            28.157385620764053,
            29.157385620764057,
            26.157385620764053,
            29.157385620764057,
            32.15738562076405,
            35.15738562076406,
            34.15738562076405,
            31.157385620764053,
            32.15738562076405,
            31.157385620764053,
            34.15738562076405,
            37.15738562076405,
            34.15738562076405,
            31.157385620764053,
            32.15738562076405
        ],
        "power_bs2": [
            39.90722744172778,
            40.907227441727784,
            39.90722744172778,
            38.90722744172778,
            39.90722744172778,
            40.907227441727784,
            41.90722744172778,
            42.907227441727784,
            41.90722744172778,
            38.90722744172778,
            41.90722744172778,
            42.907227441727784,
            41.90722744172778,
            44.907227441727784,
            41.90722744172778,
            44.90722744172778,
            41.90722744172778,
            40.907227441727784,
            41.90722744172778,
            44.90722744172778
        ]
    }
}