{
    "episode": 3950,
    "seed": 3950,
    "metrics": {
        "sinr_ue1": [
            21.228246826743717,
            27.38245031930226,
            14.692135194062093,
            16.645838457869345,
            18.56348293492708,
            36.1493348811702,
            28.650246867977312,
            18.490865100796107,
            24.363369472582328,
            24.109248792658793,
            42.26066961818192,
            49.53093647317236,
            27.805280978765133,
            43.18168647982756,
            44.13512291006914,
            22.136469668422723,
            24.21401860191038,
            40.219588338021566,
            24.345863377805014,
            22.42667242314385
        ],
        "sinr_ue2": [
            32.08990416434789,
            17.13753114573118,
            32.22682671509532,
            26.851754684141127,
            31.930228072132802,
            9.317285845542154,
            9.39326442384555,
            23.079456138333107,
            20.662440892836024,
            19.79235100495368,
            19.624772033970434,
            -0.618995586655387,
            14.418520100590593,
            6.02147831697693,
            1.3200599969725102,
            22.917704909466046,
            26.14325958355272,
            3.329051872261229,
            24.145204818842455,
            22.465786325743853
        ],
        "power_bs1": [
            40.61750467737055,
            41.61750467737055,
            40.61750467737055,
            39.61750467737055,
            38.61750467737055,
            39.61750467737055,
            36.61750467737055,
            37.61750467737055,
            40.61750467737055,
            37.61750467737055,
            38.61750467737055,
            41.61750467737055,
            38.61750467737055,
            39.61750467737055,
            38.61750467737055,
            35.61750467737055,
            38.61750467737055,
            39.61750467737055,
            40.61750467737055,
            41.61750467737055
        ],
        "power_bs2": [
            44.70055087825715,
            43.70055087825715,
            40.70055087825715,
            37.70055087825715,
            34.70055087825715,
            33.70055087825715,
            30.700550878257147,
            33.70055087825715,
            30.700550878257143,
            27.700550878257143,
            24.700550878257147,
            25.700550878257143,
            24.700550878257147,
            21.700550878257143,
            24.70055087825714,
            27.700550878257143,
            28.700550878257147,
            27.700550878257143,
            30.700550878257143,
            33.70055087825715
        ]
    }
}