{
    "episode": 1095,
    "seed": 1095,
    "metrics": {
        "sinr_ue1": [
            55.29030888710156,
            39.276975624823784,
            35.29510704110605,
            51.4931693061163,
            56.751032748362256,
            43.67091044459813,
            48.9088502346472,
            39.220257900527635,
            35.15094461836217,
            35.48843176528247,
            39.530504878496934,
            37.72308835618389,
            51.42972243458839,
            53.61243714963544,
            56.86137558025264,
            51.16439286419781,
            48.70982614199005,
            38.73709077186499,
            56.05180294035382,
            39.88548396365943
        ],
        "sinr_ue2": [
            14.349780649965654,
            28.895046523923277,
            35.23580256531255,
            18.016266044025603,
            12.041833541115361,
            26.094671907523054,
            15.992490095963587,
            30.21427073899683,
            35.97374694458238,
            26.228435704491986,
            27.362782884740547,
            32.157877722535254,
            18.048899872024066,
            22.06993024889456,
            18.066942533949625,
            18.07410514558297,
            16.05092577297314,
            31.300610029047036,
            16.005259612175312,
            31.47846592093019
        ],
        "power_bs1": [
            40.02446262934335,
            37.02446262934335,
            36.02446262934335,
            35.02446262934335,
            38.02446262934335,
            37.02446262934335,
            34.02446262934335,
            35.02446262934335,
            34.02446262934335,
            37.02446262934335,
            38.02446262934335,
            35.02446262934335,
            36.02446262934335,
            35.02446262934335,
            38.02446262934335,
            39.02446262934335,
            40.02446262934335,
            41.02446262934335,
            40.02446262934335,
            39.02446262934335
        ],
        "power_bs2": [
            40.10715890276863,
            37.10715890276863,
            40.10715890276863,
            39.10715890276863,
            36.10715890276863,
            33.10715890276863,
            36.10715890276863,
            35.10715890276863,
            38.10715890276863,
            41.10715890276863,
            38.10715890276863,
            37.10715890276863,
            40.10715890276863,
            43.10715890276863,
            42.107158902768624,
            43.10715890276863,
            42.107158902768624,
            43.10715890276863,
            42.107158902768624,
            39.107158902768624
        ]
    }
}