{
    "episode": 2281,
    "seed": 2281,
    "metrics": {
        "sinr_ue1": [
            9.321548461324573,
            24.343668462282764,
            21.585005761119685,
            5.184955553446448,
            5.142618991709968,
            11.197368238741278,
            9.183353064576016,
            5.132552536072275,
            18.13733217409374,
            9.165394688923884,
            17.315598251827108,
            28.814547011392243,
            9.133799266533254,
            21.92958656400195,
            7.100330942793818,
            22.98218455854815,
            23.4378522281094,
            31.80990627986896,
            11.13599093169837,
            5.114247134092653
        ],
        "sinr_ue2": [
            31.249212373227458,
            21.93429974789592,
            21.82030523637128,
            37.08531019131931,
            35.131806853332456,
            35.48453192609464,
            31.967329447553965,
            39.9489035275963,
            21.788436610769566,
            36.36625875548877,
            36.25702258821032,
            17.93696553846971,
            17.932424731538866,
            23.910904147651717,
            23.27680628661779,
            18.004124433951844,
            18.016845467819365,
            13.976320817782742,
            32.8376372710112,
            29.68997798951825
        ],
        "power_bs1": [
            35.40334075324725,
            32.40334075324724,
            29.403340753247246,
            32.40334075324724,
            31.403340753247242,
            34.40334075324724,
            31.403340753247242,
            28.403340753247246,
            25.403340753247242,
            28.403340753247242,
            27.403340753247246,
            28.403340753247242,
            31.403340753247242,
            28.403340753247242,
            29.403340753247242,
            32.40334075324724,
            29.403340753247242,
            30.403340753247242,
            27.403340753247242,
            24.403340753247242
        ],
        "power_bs2": [
            39.18778152008772,
            40.18778152008772,
            37.18778152008772,
            40.18778152008772,
            39.18778152008772,
            36.18778152008772,
            35.18778152008772,
            36.18778152008772,
            33.18778152008772,
            32.18778152008772,
            35.18778152008772,
            32.18778152008772,
            35.18778152008772,
            38.18778152008772,
            35.18778152008772,
            36.18778152008772,
            33.18778152008772,
            30.187781520087714,
            29.187781520087714,
            32.18778152008772
        ]
    }
}