{
    "episode": 872,
    "seed": 872,
    "metrics": {
        "sinr_ue1": [
            36.87884497633761,
            41.86437772812586,
            24.947974520678784,
            24.938982576670675,
            42.49479188873758,
            38.66587464500201,
            35.82784580816636,
            22.913762937456987,
            26.779239410659947,
            43.88958953296289,
            20.93723841116286,
            39.129897922095374,
            41.311153650578916,
            32.72465355928099,
            16.99501609912661,
            15.056027116487552,
            15.018097821012882,
            34.63789833258564,
            18.871113480117994,
            14.981141524061524
        ],
        "sinr_ue2": [
            11.430903044431432,
            7.4443086320234055,
            7.556988980434269,
            22.493559863247732,
            7.739865122025713,
            9.810943522776324,
            11.76164216177259,
            24.166504639604565,
            10.033807373662,
            25.583918709178857,
            26.919712923126976,
            11.91762507190328,
            11.860662305562666,
            15.92000948265519,
            32.3730117559809,
            18.008716401781058,
            36.92442615241896,
            14.217286224131778,
            34.796205658957845,
            34.45505453923674
        ],
        "power_bs1": [
            40.16134790668521,
            41.16134790668521,
            44.16134790668521,
            45.16134790668521,
            42.16134790668521,
            43.16134790668521,
            42.16134790668521,
            43.16134790668521,
            44.16134790668521,
            43.16134790668521,
            42.16134790668521,
            43.16134790668521,
            40.16134790668521,
            39.16134790668521,
            36.16134790668521,
            37.16134790668521,
            36.16134790668521,
            37.16134790668521,
            36.16134790668521,
            35.16134790668521
        ],
        "power_bs2": [
            31.20518280006854,
            28.205182800068535,
            31.20518280006854,
            32.20518280006854,
            29.205182800068535,
            32.20518280006854,
            33.205182800068535,
            32.20518280006854,
            29.205182800068535,
            30.20518280006854,
            33.205182800068535,
            34.205182800068535,
            31.20518280006854,
            34.205182800068535,
            31.20518280006854,
            34.205182800068535,
            33.205182800068535,
            30.20518280006854,
            29.205182800068535,
            32.205182800068535
        ]
    }
}