{
    "episode": 4793,
    "seed": 4793,
    "metrics": {
        "sinr_ue1": [
            54.75696035100349,
            35.85608111966862,
            58.62268745972722,
            49.10625129558576,
            30.337797575412864,
            28.075558116982428,
            29.86090911842572,
            45.74682301374143,
            46.06095120455013,
            28.452562973832865,
            41.920015947918515,
            47.84808023582309,
            28.936830118826194,
            46.728119489443486,
            28.655872305456978,
            31.099457972212456,
            33.8988846657826,
            43.17539408671052,
            24.506673698990117,
            37.090431370953326
        ],
        "sinr_ue2": [
            27.690476657431788,
            38.964130742410234,
            23.691279146976164,
            29.705932145864104,
            52.87562507546002,
            52.63307391338442,
            53.485144808266526,
            32.089630135477506,
            34.08096419547152,
            51.6547872856244,
            39.930792132137086,
            53.88120158196937,
            53.433918208153045,
            35.97374876102938,
            53.29865118897827,
            35.88749678544169,
            50.79757289354102,
            37.92333174461132,
            55.94689698346821,
            58.2818129650077
        ],
        "power_bs1": [
            41.02513976474584,
            40.025139764745845,
            43.025139764745845,
            40.025139764745845,
            37.02513976474584,
            38.025139764745845,
            37.02513976474584,
            40.02513976474583,
            37.02513976474584,
            34.02513976474584,
            33.02513976474584,
            36.02513976474584,
            35.02513976474584,
            32.02513976474584,
            29.025139764745838,
            32.02513976474584,
            33.02513976474584,
            32.02513976474584,
            33.02513976474584,
            32.02513976474584
        ],
        "power_bs2": [
            40.20119035041532,
            39.20119035041532,
            38.20119035041532,
            41.201190350415324,
            42.20119035041532,
            45.20119035041532,
            42.20119035041532,
            43.20119035041532,
            42.20119035041532,
            41.201190350415324,
            44.20119035041532,
            43.20119035041532,
            42.20119035041532,
            39.20119035041532,
            36.20119035041532,
            39.20119035041532,
            40.20119035041532,
            41.201190350415324,
            44.20119035041532,
            45.20119035041532
        ]
    }
}