{
    "episode": 3916,
    "seed": 3916,
    "metrics": {
        "sinr_ue1": [
            33.81858142938163,
            10.835026725657661,
            8.845864550315273,
            24.567442152703034,
            8.776998764774138,
            27.009064572464574,
            23.848958302802377,
            32.53689874273273,
            28.01170012122715,
            12.737427541957016,
            10.693436934556818,
            8.692005289200274,
            22.979499054944533,
            6.750733736497876,
            28.553166679017327,
            30.153683963907408,
            26.025245076350036,
            12.751236803308288,
            31.08508441364386,
            8.664335073788877
        ],
        "sinr_ue2": [
            11.822619839314621,
            36.09745662579621,
            33.659393553304525,
            17.80675095969542,
            35.89297307211779,
            15.743926015493182,
            15.809724665364875,
            13.793307739369551,
            11.752761214501653,
            17.29521502365848,
            31.685392169393314,
            30.632763726311886,
            19.495613805826476,
            19.58763869277717,
            13.604191253897142,
            9.66832657602678,
            11.626799922661428,
            25.502120173175324,
            15.541656476254404,
            39.3298762965576
        ],
        "power_bs1": [
            35.487567903729826,
            32.487567903729826,
            33.487567903729826,
            34.48756790372982,
            31.487567903729822,
            34.48756790372982,
            37.487567903729826,
            36.487567903729826,
            35.487567903729826,
            36.487567903729826,
            33.48756790372982,
            30.487567903729822,
            29.487567903729822,
            32.487567903729826,
            35.487567903729826,
            38.48756790372982,
            35.487567903729826,
            34.48756790372982,
            31.487567903729822,
            28.48756790372982
        ],
        "power_bs2": [
            33.90816656018761,
            34.90816656018761,
            37.90816656018762,
            38.90816656018761,
            35.90816656018761,
            36.90816656018762,
            39.90816656018761,
            36.90816656018762,
            33.90816656018761,
            36.90816656018762,
            35.90816656018761,
            34.90816656018761,
            35.90816656018761,
            38.90816656018761,
            35.90816656018761,
            34.90816656018761,
            33.90816656018761,
            34.90816656018761,
            33.90816656018761,
            32.90816656018762
        ]
    }
}