{
    "episode": 2244,
    "seed": 2244,
    "metrics": {
        "sinr_ue1": [
            9.670943584714685,
            27.70499954343918,
            25.764971835761642,
            5.716493805689814,
            3.6768628347962196,
            14.848441694054342,
            15.397562166620906,
            36.85330954181258,
            37.29289525518307,
            33.39979780802779,
            43.466419283371486,
            39.34202321909091,
            41.207175650136406,
            35.78515411555826,
            34.234022433802515,
            41.03561436039975,
            17.2604428122033,
            30.81879840111684,
            25.539744087743404,
            37.09073227998882
        ],
        "sinr_ue2": [
            37.18739140893647,
            26.1426683852607,
            27.976785683048718,
            28.150789160101585,
            36.39645572774135,
            42.16646208001621,
            37.5133840077013,
            14.45008621843651,
            14.44103068278702,
            16.352550439694642,
            12.395960310547698,
            14.473054171435402,
            10.39254074585567,
            10.385684465241011,
            12.392682688425104,
            12.456003459642002,
            31.159265560382664,
            20.55198128486779,
            30.844968653612803,
            16.56300830465087
        ],
        "power_bs1": [
            31.029770044829927,
            28.02977004482993,
            25.029770044829927,
            28.029770044829924,
            25.029770044829927,
            28.029770044829924,
            31.029770044829927,
            32.02977004482993,
            35.029770044829924,
            34.029770044829924,
            37.029770044829924,
            36.02977004482993,
            37.029770044829924,
            40.029770044829924,
            37.029770044829924,
            34.029770044829924,
            33.029770044829924,
            32.029770044829924,
            31.029770044829924,
            32.029770044829924
        ],
        "power_bs2": [
            33.82424326502635,
            32.82424326502635,
            31.824243265026347,
            34.82424326502635,
            33.82424326502635,
            30.824243265026343,
            27.824243265026347,
            24.824243265026343,
            27.824243265026347,
            28.824243265026347,
            27.824243265026347,
            28.824243265026347,
            25.824243265026343,
            28.824243265026347,
            27.824243265026347,
            24.824243265026343,
            27.824243265026347,
            30.824243265026343,
            27.82424326502634,
            26.824243265026343
        ]
    }
}