{
    "episode": 4480,
    "seed": 4480,
    "metrics": {
        "sinr_ue1": [
            33.57701105963245,
            15.036378120507454,
            29.378556391553197,
            30.665294377956332,
            15.000335982331148,
            26.873015141196234,
            13.05144789431803,
            37.37675381948295,
            13.023840915793127,
            33.093888630253886,
            29.35132237217134,
            36.72595017279126,
            45.63119410406695,
            20.89973527138437,
            18.902605189203296,
            34.29617769300613,
            33.20145899778264,
            32.82970517904657,
            35.356851609197555,
            14.818379136738066
        ],
        "sinr_ue2": [
            13.585219619746995,
            13.63390110262448,
            24.873418751777848,
            17.68728464957245,
            26.483677583679604,
            31.128533363149806,
            35.7429256783488,
            13.67078097970704,
            31.124704898567543,
            22.441755787068583,
            12.556169340848912,
            3.7470423146809964,
            3.6873308788838273,
            28.102230820402916,
            27.083823789813334,
            9.499068103052291,
            11.850379729928912,
            7.586059138779879,
            11.513697165272408,
            32.96182764447229
        ],
        "power_bs1": [
            37.35032682630982,
            40.350326826309825,
            37.35032682630982,
            34.35032682630982,
            35.35032682630982,
            34.35032682630982,
            35.35032682630982,
            34.35032682630982,
            35.35032682630982,
            36.35032682630982,
            39.35032682630982,
            40.350326826309825,
            39.35032682630982,
            38.35032682630982,
            37.35032682630982,
            34.35032682630982,
            37.35032682630981,
            34.35032682630982,
            33.35032682630982,
            32.35032682630981
        ],
        "power_bs2": [
            35.13202609667358,
            38.13202609667358,
            37.13202609667358,
            36.13202609667358,
            33.13202609667358,
            36.13202609667358,
            35.13202609667358,
            32.13202609667357,
            35.13202609667358,
            32.13202609667357,
            31.132026096673574,
            28.132026096673574,
            27.132026096673574,
            30.13202609667357,
            31.132026096673574,
            28.132026096673574,
            25.13202609667357,
            26.132026096673574,
            29.132026096673577,
            30.13202609667357
        ]
    }
}