{
    "episode": 608,
    "seed": 608,
    "metrics": {
        "sinr_ue1": [
            27.47725240781016,
            22.589023923361978,
            13.578185229526836,
            5.591268225570776,
            28.613793330300275,
            7.56929429664127,
            13.529319429249986,
            12.786884975042781,
            17.05313551571267,
            22.976456849668303,
            13.458821940991122,
            35.047661238718845,
            39.02291141422063,
            36.26934485982629,
            29.520828857355994,
            18.90423366130555,
            24.174280973902317,
            20.55309987495034,
            28.668458546277012,
            19.06743440667355
        ],
        "sinr_ue2": [
            14.277994413527361,
            16.222025063274792,
            29.994509593020826,
            30.81036148133279,
            16.226166908700414,
            31.930565495265096,
            25.977880592460014,
            28.023728997894516,
            31.634358694897564,
            13.91569094812226,
            25.43010893455702,
            4.433898226436614,
            0.5091279075129346,
            21.661853394080858,
            0.5185782646676925,
            11.995161837125266,
            2.3983430736038356,
            18.792305036324766,
            2.296107444649002,
            2.347385771618848
        ],
        "power_bs1": [
            36.3198085040625,
            35.3198085040625,
            32.3198085040625,
            33.3198085040625,
            30.319808504062497,
            33.3198085040625,
            36.3198085040625,
            33.3198085040625,
            30.319808504062497,
            33.31980850406249,
            34.31980850406249,
            35.3198085040625,
            36.3198085040625,
            33.31980850406249,
            36.3198085040625,
            33.31980850406249,
            34.31980850406249,
            33.31980850406249,
            32.3198085040625,
            35.3198085040625
        ],
        "power_bs2": [
            39.89087750324076,
            40.89087750324076,
            41.890877503240766,
            38.89087750324076,
            35.89087750324076,
            36.89087750324076,
            33.89087750324076,
            36.89087750324076,
            35.89087750324076,
            34.89087750324076,
            31.89087750324076,
            28.89087750324076,
            25.89087750324076,
            24.89087750324076,
            25.89087750324076,
            24.89087750324076,
            25.89087750324076,
            22.890877503240755,
            23.89087750324076,
            26.89087750324076
        ]
    }
}