{
    "episode": 4795,
    "seed": 4795,
    "metrics": {
        "sinr_ue1": [
            20.887916247742716,
            16.680389521189593,
            16.32804000296092,
            19.793079338250053,
            29.65867304516518,
            12.70764190371935,
            33.02817284392786,
            12.715946163462169,
            29.645658027039033,
            8.784638022867359,
            30.530422231290938,
            8.79151802934693,
            14.794895390291444,
            37.875295195727674,
            31.840190567725237,
            12.868608128385297,
            10.891642909946487,
            10.864770120256262,
            2.7243008050143667,
            10.83390820038238
        ],
        "sinr_ue2": [
            6.36070103270999,
            13.362299515864303,
            35.64803922718261,
            11.377033246018328,
            7.542100355551884,
            7.380681174380229,
            5.535113312741267,
            22.561124437056105,
            9.470305224460613,
            30.330443564991047,
            11.793006550515969,
            11.809675482423108,
            21.222927759695654,
            3.8853903760361908,
            21.159516391223306,
            26.914273408410715,
            23.266368264168527,
            26.406436568732296,
            24.647915045165668,
            28.16326347153162
        ],
        "power_bs1": [
            36.615704250519656,
            33.615704250519656,
            32.615704250519656,
            35.615704250519656,
            36.615704250519656,
            39.615704250519656,
            40.615704250519656,
            37.615704250519656,
            36.615704250519656,
            37.615704250519656,
            36.615704250519656,
            39.615704250519656,
            42.61570425051965,
            43.615704250519656,
            42.61570425051965,
            43.615704250519656,
            44.615704250519656,
            43.615704250519656,
            44.615704250519656,
            43.615704250519656
        ],
        "power_bs2": [
            38.716034126798256,
            37.716034126798256,
            40.71603412679826,
            37.716034126798256,
            34.716034126798256,
            37.716034126798256,
            36.716034126798256,
            35.716034126798256,
            36.716034126798256,
            39.716034126798256,
            38.716034126798256,
            41.716034126798256,
            38.716034126798256,
            37.71603412679825,
            38.716034126798256,
            41.716034126798256,
            44.716034126798256,
            43.716034126798256,
            40.71603412679825,
            43.71603412679825
        ]
    }
}