{
    "episode": 2222,
    "seed": 2222,
    "metrics": {
        "sinr_ue1": [
            52.430817525734234,
            36.43671151828454,
            48.877770069879894,
            50.556511504598745,
            48.416486805041586,
            48.33275545335602,
            32.102365643266765,
            32.09846223707728,
            37.887486209566646,
            51.908601639551094,
            54.03941416009133,
            42.048431926252626,
            61.67330763246457,
            51.981981232360816,
            53.645464839397654,
            45.044203518632166,
            54.72918097034331,
            43.05639467752515,
            55.08397074666418,
            49.20128829069452
        ],
        "sinr_ue2": [
            12.563986956408497,
            33.41287842188965,
            23.0077742407552,
            19.039943113720152,
            21.098337698363224,
            41.975117513457164,
            43.17883722172049,
            45.33089689963863,
            29.467739914713647,
            24.63734739263851,
            34.08434495672576,
            30.818504770784855,
            12.998720945813591,
            19.079525318688077,
            24.682076043821446,
            21.203656098669924,
            17.25649410074039,
            25.352290222814986,
            9.261555112572061,
            21.173922761191232
        ],
        "power_bs1": [
            41.68041208070683,
            44.68041208070684,
            43.68041208070683,
            44.68041208070684,
            43.68041208070683,
            40.68041208070683,
            39.68041208070683,
            38.68041208070683,
            41.68041208070683,
            42.68041208070684,
            39.68041208070683,
            42.68041208070684,
            39.68041208070683,
            36.68041208070683,
            37.68041208070683,
            38.68041208070683,
            41.68041208070683,
            44.68041208070683,
            43.68041208070683,
            44.68041208070683
        ],
        "power_bs2": [
            40.78263877106592,
            41.78263877106591,
            44.78263877106592,
            41.78263877106591,
            42.78263877106592,
            39.78263877106591,
            40.78263877106592,
            39.78263877106591,
            36.78263877106592,
            39.78263877106591,
            36.78263877106592,
            33.78263877106591,
            30.782638771065916,
            33.78263877106591,
            34.78263877106591,
            37.78263877106592,
            36.78263877106592,
            33.78263877106591,
            30.782638771065916,
            27.782638771065912
        ]
    }
}