{
    "episode": 1424,
    "seed": 1424,
    "metrics": {
        "sinr_ue1": [
            28.23178834882087,
            14.678027526606412,
            14.793247886772614,
            14.897891830382552,
            16.98875613319982,
            35.626853476041674,
            20.994657624078158,
            33.42964430513041,
            24.96476496043384,
            31.5001170120666,
            43.65149711887981,
            34.21112614619727,
            38.23181844086237,
            28.779206348016274,
            39.81342795140873,
            28.888970721929148,
            46.922552846382324,
            26.845802665995745,
            29.058128662292006,
            36.51137365579247
        ],
        "sinr_ue2": [
            39.06195322098523,
            38.94643926519634,
            46.839528143897915,
            48.76906576752093,
            43.27556272714024,
            23.470851218330182,
            28.722512145819717,
            35.14123185872598,
            38.81419811133931,
            19.357575600929614,
            19.380116341166772,
            30.547121058199167,
            13.240460698974733,
            32.09942918897162,
            31.585318856903548,
            15.326523770966855,
            15.285187988838963,
            19.390453117557854,
            25.22249944921655,
            25.30041761818206
        ],
        "power_bs1": [
            31.715222434435773,
            34.71522243443577,
            37.71522243443577,
            34.71522243443577,
            33.71522243443577,
            34.71522243443577,
            35.71522243443577,
            38.71522243443577,
            37.71522243443577,
            38.71522243443577,
            35.71522243443577,
            36.71522243443577,
            39.71522243443577,
            40.71522243443577,
            37.71522243443577,
            40.71522243443577,
            39.71522243443577,
            38.71522243443577,
            35.71522243443577,
            34.71522243443577
        ],
        "power_bs2": [
            38.9521033564648,
            35.9521033564648,
            38.9521033564648,
            35.9521033564648,
            32.9521033564648,
            29.952103356464796,
            30.952103356464796,
            29.952103356464796,
            28.952103356464796,
            29.952103356464796,
            26.952103356464796,
            25.952103356464796,
            24.952103356464796,
            27.952103356464796,
            24.952103356464796,
            27.952103356464796,
            26.952103356464793,
            29.952103356464796,
            32.9521033564648,
            31.952103356464793
        ]
    }
}