{
    "episode": 144,
    "seed": 144,
    "metrics": {
        "sinr_ue1": [
            16.975263458193112,
            5.159772313080785,
            26.362337749481803,
            21.931983044846604,
            3.2649470902121496,
            21.238401998877915,
            3.4052432916113453,
            14.967660968593384,
            -0.7923807112154352,
            9.49067215223694,
            5.233435539882487,
            25.911561588582526,
            15.173516308839794,
            13.292851351281554,
            13.389095479170921,
            9.2720019631532,
            13.260378097086708,
            7.219336494444012,
            17.455684986152935,
            12.01914291871975
        ],
        "sinr_ue2": [
            21.71226311334308,
            22.683901802769096,
            3.104902152636117,
            9.182183374346895,
            23.60886713987517,
            -0.3934146700317602,
            6.975715478333203,
            6.8621597803628855,
            24.14300894945598,
            11.005607635225305,
            21.048808988145637,
            -1.2018016614646234,
            3.930546665149936,
            14.14209483586344,
            16.490220792254608,
            17.141247242843637,
            13.80212721420717,
            17.13330910270529,
            6.649881072826068,
            6.779085073317884
        ],
        "power_bs1": [
            33.40447912337711,
            30.404479123377108,
            33.40447912337711,
            30.404479123377108,
            29.404479123377104,
            32.40447912337711,
            35.40447912337711,
            34.40447912337711,
            31.4044791233771,
            32.4044791233771,
            35.40447912337711,
            38.4044791233771,
            41.4044791233771,
            38.4044791233771,
            37.4044791233771,
            36.4044791233771,
            39.40447912337711,
            36.4044791233771,
            35.4044791233771,
            36.4044791233771
        ],
        "power_bs2": [
            36.10099006980414,
            33.10099006980414,
            34.10099006980414,
            37.10099006980414,
            34.10099006980414,
            37.10099006980413,
            40.10099006980414,
            39.10099006980414,
            40.10099006980414,
            41.10099006980413,
            38.10099006980414,
            35.10099006980414,
            34.10099006980414,
            33.10099006980414,
            32.10099006980413,
            35.10099006980414,
            34.10099006980414,
            37.10099006980413,
            40.10099006980414,
            41.10099006980413
        ]
    }
}