{
    "episode": 1964,
    "seed": 1964,
    "metrics": {
        "sinr_ue1": [
            18.84572275113138,
            31.072440010599152,
            6.731409711801643,
            27.726440726833516,
            12.590181708574836,
            10.660918537766776,
            26.314259852448263,
            27.287312188615786,
            29.537350881862665,
            35.595295126996064,
            34.414569128200256,
            32.67829796482496,
            24.64982246242814,
            30.4572324171407,
            16.45292168036772,
            16.38599926145921,
            25.55932141345663,
            10.269376782662418,
            10.249605361150344,
            12.312555275184959
        ],
        "sinr_ue2": [
            13.631862835341753,
            10.352583223611997,
            32.32798071748608,
            8.35866573403121,
            26.402724448688563,
            25.606428524647782,
            10.38735857064621,
            6.325851506013038,
            12.371368172513966,
            8.325629493976658,
            4.259108085739939,
            4.322685352475329,
            8.261336001776389,
            6.252183899555134,
            20.24897214471335,
            13.093612148795016,
            8.346870905447165,
            10.300775538061458,
            25.68983216415216,
            16.12868137553951
        ],
        "power_bs1": [
            36.290061133357725,
            37.290061133357725,
            34.290061133357725,
            37.29006113335772,
            36.290061133357725,
            35.290061133357725,
            36.290061133357725,
            39.290061133357725,
            36.29006113335772,
            39.290061133357725,
            42.29006113335772,
            41.290061133357725,
            38.29006113335772,
            37.29006113335772,
            40.29006113335772,
            41.29006113335771,
            40.29006113335772,
            41.29006113335771,
            42.29006113335772,
            41.29006113335771
        ],
        "power_bs2": [
            36.717851666372525,
            35.717851666372525,
            36.717851666372525,
            33.717851666372525,
            32.717851666372525,
            33.717851666372525,
            34.717851666372525,
            33.717851666372525,
            36.717851666372525,
            35.717851666372525,
            34.717851666372525,
            33.717851666372525,
            34.717851666372525,
            31.717851666372525,
            32.717851666372525,
            33.717851666372525,
            36.717851666372525,
            39.717851666372525,
            40.717851666372525,
            37.717851666372525
        ]
    }
}