{
    "episode": 2102,
    "seed": 2102,
    "metrics": {
        "sinr_ue1": [
            18.16838590426382,
            18.09818110748926,
            18.166155833536376,
            22.092410110262794,
            39.0223592830437,
            39.24438973491298,
            40.74826058790249,
            22.196213625895567,
            18.255967290734148,
            30.820702615611545,
            34.31967789100267,
            38.49656841633808,
            35.32576204878943,
            25.993891904545883,
            48.70705626251319,
            26.12055773513159,
            22.189404414989657,
            41.85646021695307,
            33.938321930138315,
            31.782346233665066
        ],
        "sinr_ue2": [
            26.81292255529765,
            29.00185054099638,
            27.836061955606265,
            29.474610482452302,
            12.828203809936486,
            12.790886422697994,
            8.864696442419916,
            21.95871584113707,
            29.393804636272325,
            2.8346738573147894,
            8.820586124217675,
            6.88344906943713,
            6.814879661634214,
            17.205999623581715,
            2.8597697638920176,
            26.17449227141067,
            24.483627998940356,
            16.605120644989665,
            18.47306254676612,
            16.15842841844631
        ],
        "power_bs1": [
            37.319074058919284,
            34.319074058919284,
            35.319074058919284,
            36.319074058919284,
            35.31907405891929,
            38.319074058919284,
            41.31907405891929,
            38.319074058919284,
            35.319074058919284,
            38.319074058919284,
            39.319074058919284,
            40.319074058919284,
            39.319074058919284,
            38.319074058919284,
            41.319074058919284,
            40.319074058919284,
            39.319074058919284,
            42.319074058919284,
            45.319074058919284,
            42.319074058919284
        ],
        "power_bs2": [
            34.0461973993237,
            31.046197399323702,
            32.0461973993237,
            29.046197399323702,
            32.0461973993237,
            35.0461973993237,
            34.0461973993237,
            31.046197399323702,
            32.0461973993237,
            31.046197399323702,
            32.0461973993237,
            31.046197399323702,
            30.0461973993237,
            27.046197399323702,
            28.046197399323702,
            29.0461973993237,
            32.0461973993237,
            29.0461973993237,
            26.046197399323702,
            25.0461973993237
        ]
    }
}