{
    "episode": 2625,
    "seed": 2625,
    "metrics": {
        "sinr_ue1": [
            0.653061676708898,
            21.683767602998433,
            24.106125612646885,
            19.420209529134517,
            8.631808633037208,
            25.018591769330072,
            6.54800051148829,
            22.491867813437942,
            2.547641723650176,
            4.581886035719995,
            8.528549517833685,
            10.490720465659834,
            23.208130057061464,
            20.071899605635966,
            6.556697980596619,
            17.580606863186517,
            15.673451877159742,
            23.090280197392193,
            12.022650898065187,
            24.7837410837932
        ],
        "sinr_ue2": [
            33.59229904578733,
            13.544893684525189,
            7.601140776345502,
            22.223819502260103,
            7.6519626842115995,
            11.64148584087135,
            30.214550013827143,
            11.676206105816254,
            28.91650680328901,
            25.171490241019782,
            23.11755000605868,
            25.355544799700223,
            9.587857394439409,
            13.602415895862109,
            28.072940930643988,
            13.616220864899729,
            36.19761920425715,
            11.526310768144224,
            13.577707356756953,
            11.64433500928495
        ],
        "power_bs1": [
            35.06750649809797,
            34.06750649809797,
            37.06750649809797,
            40.06750649809796,
            43.06750649809797,
            42.06750649809797,
            45.06750649809796,
            42.06750649809797,
            39.06750649809797,
            40.06750649809796,
            43.06750649809797,
            42.06750649809797,
            39.06750649809797,
            38.06750649809797,
            39.06750649809797,
            38.06750649809797,
            35.06750649809797,
            34.06750649809797,
            35.06750649809797,
            38.06750649809797
        ],
        "power_bs2": [
            39.94629191509151,
            36.94629191509151,
            33.94629191509151,
            36.94629191509151,
            39.94629191509151,
            42.94629191509151,
            43.94629191509151,
            42.94629191509151,
            41.94629191509151,
            40.94629191509151,
            39.94629191509151,
            36.94629191509151,
            37.94629191509151,
            40.94629191509151,
            37.94629191509151,
            40.94629191509151,
            37.94629191509151,
            34.94629191509151,
            37.94629191509151,
            38.94629191509151
        ]
    }
}