{
    "episode": 457,
    "seed": 457,
    "metrics": {
        "sinr_ue1": [
            17.798511682357283,
            38.377247478220994,
            40.52524483280489,
            19.895404230822386,
            19.79182977400688,
            34.18270814095641,
            21.814923058914758,
            41.02665906597701,
            21.64678501092444,
            28.196906358759556,
            11.61919789372626,
            17.539958256235426,
            40.2099554064738,
            39.658716852521295,
            40.39795961058399,
            30.475409029566972,
            36.89336012639126,
            27.4986864618529,
            19.363290487891913,
            41.31530150631659
        ],
        "sinr_ue2": [
            32.32585039511085,
            30.815911786494205,
            15.996924067583043,
            37.309922607791066,
            35.21813324219561,
            15.888027591527967,
            28.51325692883477,
            11.851445856602417,
            35.70853146130033,
            40.91456729497097,
            40.38387964058144,
            31.931101733676606,
            17.72245667667039,
            17.77631106489748,
            17.749953131906512,
            28.521543451412782,
            19.791666970799877,
            19.80941563856025,
            37.71847762978188,
            17.825679609375428
        ],
        "power_bs1": [
            33.80480275399915,
            36.80480275399915,
            35.80480275399915,
            34.80480275399914,
            35.80480275399915,
            36.80480275399915,
            39.80480275399914,
            42.80480275399914,
            41.80480275399915,
            38.80480275399915,
            35.80480275399915,
            38.80480275399914,
            39.80480275399914,
            40.80480275399915,
            39.80480275399914,
            36.80480275399915,
            37.80480275399915,
            40.80480275399914,
            39.80480275399914,
            40.80480275399915
        ],
        "power_bs2": [
            37.52253119788583,
            36.52253119788583,
            35.522531197885826,
            36.52253119788583,
            37.52253119788583,
            36.52253119788583,
            39.52253119788583,
            38.52253119788583,
            41.52253119788583,
            44.52253119788583,
            45.522531197885826,
            42.52253119788583,
            41.522531197885826,
            42.52253119788583,
            41.522531197885826,
            38.522531197885826,
            41.522531197885826,
            44.52253119788583,
            41.522531197885826,
            42.52253119788583
        ]
    }
}