{
    "episode": 45,
    "seed": 45,
    "metrics": {
        "sinr_ue1": [
            8.150911594655646,
            20.976452576894985,
            31.8242523556933,
            23.00611522750762,
            22.553569019973697,
            9.933778528870699,
            30.48286833286795,
            34.35145396300227,
            11.799668604631732,
            13.64688551533041,
            11.489297057133793,
            11.48788244693262,
            28.53623317542338,
            11.413989500379412,
            22.950112158505156,
            11.184972637668904,
            11.31380983384642,
            11.372982927360395,
            5.364423719812949,
            20.85154811486317
        ],
        "sinr_ue2": [
            29.977407851104623,
            14.19138742049562,
            10.245411352875832,
            23.875782514493288,
            12.326474497921495,
            29.440923152508113,
            8.348863003059414,
            6.307373357321692,
            26.20256773503689,
            26.09646357116977,
            28.13668988293806,
            18.85530179023211,
            29.471192459547083,
            26.687799839029864,
            13.9388724295056,
            28.973291566688594,
            12.460475900278546,
            10.21875554903649,
            19.474290248395448,
            16.072791296109955
        ],
        "power_bs1": [
            39.82161947885226,
            36.82161947885226,
            37.82161947885226,
            36.82161947885226,
            33.82161947885226,
            30.82161947885226,
            31.821619478852263,
            32.82161947885226,
            29.82161947885226,
            30.82161947885226,
            31.821619478852263,
            28.821619478852263,
            25.82161947885226,
            24.82161947885226,
            23.821619478852263,
            24.82161947885226,
            25.82161947885226,
            28.821619478852263,
            25.82161947885226,
            24.82161947885226
        ],
        "power_bs2": [
            44.26193602859782,
            41.26193602859782,
            38.26193602859782,
            37.26193602859782,
            36.26193602859782,
            33.26193602859782,
            30.261936028597823,
            29.261936028597823,
            30.261936028597823,
            29.261936028597823,
            32.26193602859782,
            29.261936028597823,
            26.261936028597823,
            25.261936028597823,
            28.26193602859782,
            25.261936028597823,
            26.261936028597823,
            29.261936028597823,
            32.261936028597816,
            31.261936028597823
        ]
    }
}