{
    "episode": 2583,
    "seed": 2583,
    "metrics": {
        "sinr_ue1": [
            20.742208893633656,
            20.791847507036657,
            38.345816959029435,
            34.02414670303135,
            14.739156495627235,
            6.099407292667195,
            24.081970156187307,
            14.598881815054355,
            14.595402346556558,
            31.177454749265028,
            26.03504431227281,
            26.04661984469617,
            14.09119183884225,
            35.870854719822084,
            12.533279474546903,
            30.66428098492615,
            32.01268845254789,
            37.9875507092278,
            36.7357692324103,
            32.0893772702805
        ],
        "sinr_ue2": [
            13.815114665648927,
            13.215912011379514,
            0.6083318990058723,
            2.566977176227045,
            19.606872281246584,
            23.264843457868814,
            12.109882735327052,
            17.684400258517528,
            17.561810520949457,
            24.526566733623657,
            27.122713220544803,
            21.73063551432081,
            25.782491296192134,
            4.542873269916921,
            6.628621482346054,
            4.5698002802243485,
            2.6391013422254654,
            0.7038576557291966,
            2.7854347108100654,
            13.38343815287196
        ],
        "power_bs1": [
            43.58125591198623,
            42.58125591198623,
            39.581255911986226,
            40.58125591198623,
            37.58125591198623,
            40.58125591198623,
            39.581255911986226,
            36.58125591198623,
            37.58125591198623,
            40.58125591198623,
            37.58125591198623,
            34.581255911986226,
            31.58125591198623,
            34.581255911986226,
            35.58125591198623,
            34.581255911986226,
            37.58125591198623,
            36.58125591198623,
            35.58125591198623,
            36.58125591198623
        ],
        "power_bs2": [
            29.190891922187223,
            28.190891922187223,
            27.19089192218722,
            30.190891922187223,
            29.190891922187223,
            30.190891922187223,
            29.190891922187223,
            28.190891922187223,
            29.190891922187223,
            32.19089192218722,
            31.19089192218722,
            28.190891922187223,
            25.19089192218722,
            26.19089192218722,
            29.190891922187223,
            26.19089192218722,
            27.19089192218722,
            24.190891922187223,
            25.19089192218722,
            22.19089192218722
        ]
    }
}