{
    "episode": 4442,
    "seed": 4442,
    "metrics": {
        "sinr_ue1": [
            5.3823117344202895,
            21.230706422023005,
            1.24175976507503,
            20.729588537814507,
            16.8637529714244,
            15.654380476043562,
            23.28287343107818,
            22.759408723614314,
            9.027504626707207,
            25.38547173930433,
            13.005577339282343,
            28.613810454633843,
            19.146241401888542,
            9.024380597199507,
            3.0701362919684176,
            10.693788479795291,
            19.129943336276472,
            17.74625453478533,
            15.900797076357161,
            20.057249612385917
        ],
        "sinr_ue2": [
            64.01338856888816,
            46.835346780519906,
            65.46242801606243,
            46.57646082378552,
            52.86254278076886,
            48.53216624429681,
            44.19400416424685,
            43.95919845125657,
            56.554750174745074,
            41.23913856885964,
            53.19448101560439,
            48.74089453467157,
            61.140232632383004,
            61.49148398028848,
            62.012554899434846,
            46.78021203601185,
            45.10515430747639,
            47.31283049865561,
            51.37808656481119,
            49.03098637069151
        ],
        "power_bs1": [
            36.4719397104622,
            35.4719397104622,
            32.4719397104622,
            35.4719397104622,
            32.4719397104622,
            35.4719397104622,
            36.4719397104622,
            37.4719397104622,
            38.4719397104622,
            37.4719397104622,
            38.4719397104622,
            35.4719397104622,
            32.4719397104622,
            31.471939710462202,
            28.471939710462202,
            31.471939710462202,
            32.4719397104622,
            31.471939710462202,
            30.4719397104622,
            33.4719397104622
        ],
        "power_bs2": [
            43.77736929589151,
            42.7773692958915,
            43.77736929589151,
            42.7773692958915,
            45.77736929589151,
            44.7773692958915,
            41.77736929589151,
            42.7773692958915,
            41.77736929589151,
            40.77736929589151,
            37.77736929589151,
            34.7773692958915,
            37.77736929589151,
            34.7773692958915,
            37.77736929589151,
            40.7773692958915,
            39.7773692958915,
            40.77736929589151,
            43.77736929589151,
            44.7773692958915
        ]
    }
}