{
    "episode": 3836,
    "seed": 3836,
    "metrics": {
        "sinr_ue1": [
            31.915327529666335,
            26.494413179848667,
            34.5518738889339,
            15.902756817314291,
            15.894049365402395,
            26.616960588988032,
            30.3248485857618,
            13.935726468533787,
            15.170237190785885,
            23.605857200750407,
            26.944492460466144,
            13.836817738054892,
            26.688692054654865,
            11.835830030142313,
            23.369639898245943,
            21.75172813299152,
            31.182511125090745,
            11.780040613071861,
            7.8534855222362125,
            7.87956932499079
        ],
        "sinr_ue2": [
            25.115297570401957,
            41.35486598233519,
            23.28014203511923,
            23.31165903943209,
            42.457797120002176,
            27.19289107212576,
            29.094926009152147,
            43.682211326536724,
            47.349383861803425,
            31.37453427166659,
            29.27913080134489,
            38.69091111362427,
            34.46979812520964,
            43.929388788077766,
            31.197931103444454,
            29.372722062605362,
            25.303372310581853,
            46.001304361049044,
            50.97773060337072,
            31.43707200441254
        ],
        "power_bs1": [
            33.3863494611872,
            36.3863494611872,
            35.3863494611872,
            38.3863494611872,
            35.3863494611872,
            34.386349461187194,
            35.3863494611872,
            38.3863494611872,
            35.3863494611872,
            32.386349461187194,
            31.3863494611872,
            34.386349461187194,
            35.3863494611872,
            32.386349461187194,
            29.386349461187198,
            32.386349461187194,
            33.386349461187194,
            32.386349461187194,
            31.386349461187194,
            34.386349461187194
        ],
        "power_bs2": [
            34.165639743605084,
            35.165639743605084,
            34.165639743605084,
            37.165639743605084,
            34.165639743605084,
            37.165639743605084,
            40.165639743605084,
            39.165639743605084,
            42.16563974360508,
            39.16563974360508,
            36.165639743605084,
            35.16563974360508,
            36.165639743605084,
            35.16563974360508,
            36.165639743605084,
            37.165639743605084,
            34.16563974360508,
            35.16563974360508,
            38.165639743605084,
            41.165639743605084
        ]
    }
}