{
    "episode": 1287,
    "seed": 1287,
    "metrics": {
        "sinr_ue1": [
            25.677911015630336,
            11.906209797038137,
            9.902105818762701,
            25.993792649324522,
            13.857837314310666,
            29.656632123199948,
            14.244320777487047,
            36.348212865098056,
            15.677442658326349,
            9.74018339126675,
            23.15680493834519,
            11.552029326181547,
            24.499403157155992,
            13.436782874102718,
            17.320012151576655,
            20.281901768378255,
            21.33711676933676,
            30.15641870078396,
            13.677187053109561,
            33.90260435370486
        ],
        "sinr_ue2": [
            17.546929166348242,
            25.94454762250745,
            30.929271734547683,
            38.807270668923024,
            31.77917018289554,
            33.247161999145504,
            24.171313615646206,
            7.668566892222813,
            25.065557987480812,
            33.189263310577985,
            19.61128173980181,
            31.09231876433599,
            37.13212613866475,
            30.842241999200134,
            23.156140659465695,
            30.302256315823275,
            23.006521609174474,
            9.622926150165497,
            32.78318899843412,
            9.554807842555482
        ],
        "power_bs1": [
            35.94341745263266,
            36.94341745263266,
            33.94341745263266,
            34.94341745263266,
            35.94341745263266,
            32.94341745263266,
            29.94341745263266,
            32.94341745263266,
            31.94341745263266,
            28.943417452632655,
            25.94341745263266,
            26.94341745263266,
            23.943417452632655,
            26.94341745263266,
            29.94341745263266,
            30.94341745263266,
            33.94341745263266,
            32.94341745263266,
            29.94341745263266,
            30.94341745263266
        ],
        "power_bs2": [
            40.77491287775868,
            39.77491287775868,
            38.77491287775868,
            39.77491287775868,
            36.77491287775868,
            33.77491287775868,
            30.774912877758677,
            27.774912877758673,
            30.774912877758677,
            33.77491287775867,
            32.77491287775867,
            29.774912877758677,
            30.774912877758677,
            27.774912877758673,
            26.77491287775868,
            27.774912877758673,
            26.77491287775868,
            29.774912877758677,
            30.774912877758677,
            27.774912877758673
        ]
    }
}