{
    "episode": 3683,
    "seed": 3683,
    "metrics": {
        "sinr_ue1": [
            16.390147144296936,
            29.52902699958297,
            20.388133276023183,
            22.38360817064415,
            24.47073394594268,
            20.56026007201458,
            37.015491627234155,
            29.58007814257844,
            28.781112296555946,
            20.84809178162112,
            14.520242007036138,
            27.41185784613262,
            12.468393532790135,
            32.238071515385954,
            36.42508257047859,
            18.46548090216623,
            32.13549246030888,
            33.93084535645932,
            18.78239339762421,
            18.773132617054987
        ],
        "sinr_ue2": [
            20.9702217303987,
            -2.9675451760058884,
            13.953396955801804,
            16.249277026546437,
            12.52092446997625,
            5.797504245980183,
            -1.2117167132468907,
            2.7004111491622727,
            6.626410910544633,
            6.644121874812367,
            15.898456476508468,
            4.714790356647345,
            17.931885860496028,
            0.789750433189784,
            0.690692185308625,
            16.704561987053626,
            -1.2963201280599606,
            2.773066336084524,
            13.990150951689944,
            25.579090256793805
        ],
        "power_bs1": [
            40.90768420299768,
            41.90768420299768,
            38.90768420299768,
            41.90768420299768,
            42.907684202997686,
            39.90768420299768,
            38.90768420299768,
            37.90768420299768,
            34.90768420299768,
            33.90768420299768,
            34.90768420299768,
            31.90768420299768,
            28.90768420299768,
            29.90768420299768,
            26.90768420299768,
            27.90768420299768,
            30.907684202997675,
            27.90768420299768,
            24.907684202997675,
            21.90768420299768
        ],
        "power_bs2": [
            41.693940283979735,
            38.69394028397973,
            35.693940283979735,
            36.693940283979735,
            35.693940283979735,
            36.693940283979735,
            37.69394028397973,
            40.69394028397973,
            41.693940283979735,
            40.69394028397973,
            37.69394028397973,
            36.693940283979735,
            33.69394028397973,
            30.69394028397973,
            27.693940283979728,
            26.693940283979728,
            29.69394028397973,
            30.693940283979728,
            33.69394028397973,
            32.69394028397973
        ]
    }
}