{
    "episode": 3394,
    "seed": 3394,
    "metrics": {
        "sinr_ue1": [
            15.266649323507245,
            34.31999013770182,
            19.099617409485127,
            17.047533883638174,
            13.210595209464346,
            34.94560040732833,
            24.09578089734132,
            13.026867191039695,
            13.221783922812214,
            11.304078279293378,
            26.163850275872477,
            9.367141221031154,
            22.681072580047108,
            19.676921992981423,
            7.404029514897045,
            5.37910029844915,
            3.3477829746258014,
            3.3066214794124438,
            14.044628877769789,
            10.484494210910619
        ],
        "sinr_ue2": [
            25.762244756961486,
            29.801949256418876,
            25.615861522712056,
            12.675412897356413,
            27.07884004090548,
            10.381230930764202,
            14.237935967251216,
            26.81882290228024,
            11.9361748370997,
            29.44039996931492,
            33.0669096227956,
            15.540811050767182,
            23.300548685719917,
            19.50540664050026,
            36.193604046971004,
            36.934262225333654,
            43.61493854802937,
            37.531249211025134,
            31.82830436584226,
            27.352428455981176
        ],
        "power_bs1": [
            39.10924568153638,
            36.10924568153638,
            37.10924568153638,
            34.10924568153638,
            33.10924568153637,
            34.10924568153638,
            31.10924568153638,
            30.109245681536375,
            33.10924568153637,
            34.10924568153638,
            33.10924568153637,
            36.10924568153637,
            35.10924568153638,
            34.10924568153638,
            37.10924568153637,
            36.10924568153637,
            33.10924568153637,
            30.109245681536372,
            27.109245681536372,
            24.109245681536375
        ],
        "power_bs2": [
            35.904836339165705,
            32.9048363391657,
            29.9048363391657,
            28.9048363391657,
            31.904836339165698,
            30.904836339165698,
            31.904836339165698,
            28.9048363391657,
            31.904836339165698,
            34.9048363391657,
            35.9048363391657,
            38.9048363391657,
            39.9048363391657,
            40.9048363391657,
            41.904836339165705,
            42.9048363391657,
            41.904836339165705,
            38.9048363391657,
            35.9048363391657,
            38.9048363391657
        ]
    }
}