{
    "episode": 123,
    "seed": 123,
    "metrics": {
        "sinr_ue1": [
            50.792552999847764,
            26.64798495806871,
            30.612057921001565,
            43.0328675840383,
            26.54497598225374,
            26.47055345081156,
            42.666661792174324,
            24.701104924827515,
            18.803948159440907,
            18.754815125579142,
            35.54227532419697,
            25.372215546265586,
            30.753692742055275,
            35.529606157875726,
            35.63996352014951,
            40.24304231254029,
            41.90236652143308,
            49.35019695985852,
            27.086325607202117,
            21.109468510858203
        ],
        "sinr_ue2": [
            3.2461665121835153,
            20.96530705126035,
            28.166205971503473,
            9.258187384808489,
            21.37447966184712,
            21.121124756956057,
            5.303043382436295,
            28.483981110012998,
            35.20363567905076,
            26.54400974923204,
            15.283087529776536,
            24.7085086950256,
            19.134750196461827,
            15.285853334372192,
            19.29385524733465,
            13.361455029782734,
            9.41909314036099,
            7.40444318283841,
            17.674331636326738,
            34.421011880682855
        ],
        "power_bs1": [
            44.00676315914312,
            41.00676315914313,
            38.00676315914313,
            37.00676315914313,
            36.00676315914313,
            35.00676315914313,
            38.00676315914313,
            37.00676315914313,
            34.00676315914313,
            35.00676315914313,
            32.00676315914313,
            29.006763159143127,
            30.006763159143127,
            33.00676315914313,
            32.00676315914313,
            35.00676315914313,
            38.00676315914313,
            41.00676315914313,
            44.00676315914312,
            41.00676315914313
        ],
        "power_bs2": [
            32.82470455104355,
            33.82470455104355,
            32.82470455104355,
            31.82470455104355,
            28.824704551043546,
            27.824704551043553,
            28.824704551043546,
            31.82470455104355,
            34.824704551043546,
            35.82470455104355,
            32.82470455104355,
            33.82470455104355,
            34.824704551043546,
            33.82470455104355,
            36.82470455104355,
            33.82470455104355,
            32.82470455104355,
            33.82470455104355,
            36.82470455104355,
            39.82470455104355
        ]
    }
}