{
    "episode": 3904,
    "seed": 3904,
    "metrics": {
        "sinr_ue1": [
            28.981299900075545,
            17.02899754068398,
            21.043567394387203,
            17.078370421843786,
            13.115879904695298,
            15.086285878411667,
            28.848357230295214,
            19.019840224602074,
            22.96618805027769,
            38.60084638666048,
            43.60562769675347,
            12.755313828617943,
            23.065216671398296,
            33.741165674241124,
            19.109601821038183,
            42.035366648034,
            34.49005894274394,
            17.109178887332884,
            15.09141981397649,
            31.1763630960171
        ],
        "sinr_ue2": [
            29.462421983744843,
            37.79182837567765,
            27.651007546751547,
            38.1938442366779,
            45.90755005066232,
            39.859843843306585,
            18.92514948809048,
            34.85987390651183,
            30.5043924584416,
            14.89488652659541,
            12.87490925448659,
            28.895783445152347,
            24.616615326003814,
            35.48431976934568,
            23.816604214738256,
            12.989234068067878,
            30.882047226898237,
            39.23340904008398,
            40.91239241291747,
            23.037463085560034
        ],
        "power_bs1": [
            38.430793531990204,
            35.430793531990204,
            38.430793531990204,
            37.430793531990204,
            36.430793531990204,
            37.430793531990204,
            38.430793531990204,
            37.430793531990204,
            40.430793531990204,
            39.430793531990204,
            38.430793531990204,
            39.430793531990204,
            42.43079353199021,
            39.430793531990204,
            38.430793531990204,
            41.430793531990204,
            38.430793531990204,
            37.430793531990204,
            36.430793531990204,
            37.430793531990204
        ],
        "power_bs2": [
            37.375999839272346,
            34.375999839272346,
            33.375999839272346,
            36.375999839272346,
            39.375999839272346,
            38.375999839272346,
            35.375999839272346,
            34.375999839272346,
            33.375999839272346,
            32.37599983927234,
            29.375999839272346,
            32.37599983927234,
            35.375999839272346,
            34.375999839272346,
            35.375999839272346,
            32.37599983927234,
            35.37599983927234,
            36.37599983927234,
            37.37599983927234,
            38.375999839272346
        ]
    }
}