{
    "episode": 1451,
    "seed": 1451,
    "metrics": {
        "sinr_ue1": [
            11.034256098802189,
            14.974755066271506,
            32.97721446065814,
            11.031830931862157,
            27.460014308840513,
            12.960467223853323,
            27.992981531810784,
            10.965072540589597,
            6.949337233303106,
            22.49139984182967,
            8.929440812536242,
            27.409320963903546,
            29.641758064449533,
            26.875443670475008,
            8.813242581666163,
            2.8636802591221806,
            33.02146397374508,
            4.782166303904455,
            4.82540935326305,
            6.814374170735888
        ],
        "sinr_ue2": [
            24.24607197775368,
            24.17980081567846,
            14.977511103407224,
            37.77375843858604,
            16.87051780436032,
            28.653545325183998,
            31.093123160161156,
            34.850507740611825,
            30.13341306149772,
            20.714278343695884,
            35.02926276745968,
            16.668543223256258,
            16.665951677397466,
            26.95366461956411,
            34.42740175213871,
            37.48736296381944,
            18.568311921686977,
            33.64969546457007,
            41.505684391337766,
            39.173628273544374
        ],
        "power_bs1": [
            32.27423930711587,
            35.27423930711586,
            36.27423930711587,
            33.27423930711586,
            32.27423930711586,
            35.27423930711586,
            34.27423930711586,
            33.27423930711586,
            32.27423930711586,
            31.274239307115863,
            32.27423930711586,
            31.274239307115863,
            34.27423930711586,
            31.274239307115863,
            28.274239307115863,
            25.274239307115863,
            28.274239307115863,
            25.274239307115863,
            28.274239307115863,
            31.274239307115863
        ],
        "power_bs2": [
            37.43215818865309,
            36.43215818865309,
            39.43215818865309,
            38.43215818865309,
            37.43215818865309,
            38.4321581886531,
            37.43215818865309,
            38.4321581886531,
            41.43215818865309,
            40.4321581886531,
            39.43215818865309,
            36.43215818865309,
            39.43215818865309,
            36.43215818865309,
            35.43215818865309,
            38.43215818865309,
            35.43215818865309,
            36.43215818865309,
            39.43215818865309,
            40.43215818865309
        ]
    }
}