{
    "episode": 2987,
    "seed": 2987,
    "metrics": {
        "sinr_ue1": [
            35.57086230708351,
            19.180974444745512,
            26.15975309604647,
            21.242003078309505,
            27.39437037605913,
            29.529288322576527,
            47.569841041600434,
            45.934246625442015,
            27.429462558267584,
            25.38035509558297,
            23.554559279526877,
            19.67498768524606,
            46.06461709222711,
            19.401527096108815,
            34.50703618261286,
            40.91631631374248,
            29.98525591125037,
            23.334218755799657,
            25.363382435535975,
            23.24372880002037
        ],
        "sinr_ue2": [
            25.083725273963665,
            47.77900788940678,
            36.58085695360433,
            24.92679175611002,
            35.3447226660894,
            29.28759673404677,
            17.10294762141683,
            17.215119918765353,
            37.33733018491365,
            38.18907831662954,
            40.77026672351424,
            46.811159836594534,
            21.423679857865622,
            44.32870448774562,
            25.522585724328778,
            23.547163320708172,
            43.03457420674899,
            23.425118712483922,
            32.30729474952359,
            39.297592629229314
        ],
        "power_bs1": [
            38.64246390925565,
            37.64246390925565,
            36.64246390925565,
            39.64246390925565,
            42.64246390925565,
            43.64246390925565,
            40.64246390925565,
            37.64246390925565,
            34.64246390925565,
            33.64246390925565,
            32.64246390925565,
            31.642463909255657,
            34.64246390925565,
            31.642463909255653,
            30.642463909255653,
            31.642463909255653,
            32.64246390925565,
            35.64246390925565,
            36.64246390925565,
            35.64246390925565
        ],
        "power_bs2": [
            38.72526172069377,
            39.72526172069377,
            36.72526172069377,
            39.72526172069377,
            36.72526172069377,
            35.72526172069377,
            32.72526172069377,
            29.725261720693773,
            28.725261720693776,
            29.725261720693776,
            30.725261720693773,
            33.72526172069377,
            30.725261720693773,
            33.72526172069377,
            30.725261720693773,
            29.725261720693773,
            32.72526172069377,
            33.72526172069377,
            32.72526172069377,
            33.72526172069377
        ]
    }
}