{
    "episode": 2040,
    "seed": 2040,
    "metrics": {
        "sinr_ue1": [
            17.470726936738984,
            0.18273940673854325,
            12.798347149728194,
            4.1308856366456,
            14.907150734022094,
            23.24589161093835,
            23.254783770851432,
            28.507624150630182,
            8.092110951299087,
            25.684759741622962,
            24.474665847956175,
            19.412616355633926,
            25.72783343604304,
            6.125750611478802,
            26.80934759157225,
            19.108466334835516,
            0.2309940727400825,
            4.216612426512677,
            21.45350153699281,
            8.15544138526093
        ],
        "sinr_ue2": [
            18.15792192607214,
            34.8957216129306,
            19.910529935902964,
            33.444532304452736,
            13.911566206169212,
            27.397932582614047,
            12.431195091649414,
            10.36623130748154,
            34.24696876138244,
            14.37236136390576,
            20.293230777513344,
            20.104830865029047,
            16.334618638270225,
            30.86305105376836,
            35.54600708501567,
            20.45284791384337,
            29.18928429631709,
            35.156258599130545,
            19.258943415185175,
            31.598059333890916
        ],
        "power_bs1": [
            28.146502441948243,
            27.146502441948243,
            26.146502441948243,
            25.146502441948243,
            26.146502441948243,
            29.146502441948243,
            32.14650244194824,
            31.146502441948243,
            30.146502441948243,
            31.146502441948243,
            30.146502441948243,
            27.146502441948243,
            30.146502441948243,
            31.14650244194824,
            32.14650244194824,
            33.14650244194824,
            32.14650244194824,
            35.14650244194824,
            38.14650244194824,
            41.14650244194824
        ],
        "power_bs2": [
            34.85751270540748,
            37.85751270540748,
            34.85751270540747,
            31.85751270540748,
            28.85751270540748,
            29.857512705407476,
            32.85751270540747,
            29.857512705407476,
            32.85751270540747,
            33.85751270540747,
            32.85751270540747,
            35.85751270540748,
            34.85751270540747,
            35.85751270540748,
            38.85751270540747,
            41.85751270540748,
            42.85751270540747,
            41.85751270540748,
            44.85751270540747,
            43.85751270540748
        ]
    }
}