{
    "episode": 3943,
    "seed": 3943,
    "metrics": {
        "sinr_ue1": [
            5.602687161210348,
            7.52023049940335,
            16.421413450050487,
            21.09974732344384,
            5.5726955452324525,
            12.719866478858979,
            21.336209030999523,
            1.6150624240287583,
            9.44123895649516,
            5.74104384152627,
            -2.385355961678401,
            7.959406482295148,
            14.674022590519948,
            1.7296078686512586,
            22.72813113800025,
            7.875767531579615,
            20.42417740002058,
            16.001265572647757,
            -0.04692725878663705,
            13.928871828475893
        ],
        "sinr_ue2": [
            17.94526635175395,
            20.69513738231358,
            1.5811323845184235,
            5.636681336671254,
            19.871090900229273,
            19.573823698355326,
            11.432789510087604,
            15.691550971988455,
            7.608315488575073,
            18.325350579193657,
            29.400517696900216,
            13.685923221932942,
            13.751031523578142,
            17.51437173271334,
            3.779373722289581,
            16.861673260658637,
            5.690839147667246,
            16.765397433688086,
            28.71998563486924,
            13.8151368028783
        ],
        "power_bs1": [
            40.53035777612511,
            43.53035777612511,
            42.5303577761251,
            41.5303577761251,
            42.5303577761251,
            41.5303577761251,
            38.5303577761251,
            37.5303577761251,
            40.53035777612511,
            39.5303577761251,
            36.5303577761251,
            35.5303577761251,
            36.5303577761251,
            39.5303577761251,
            40.53035777612511,
            43.53035777612511,
            40.5303577761251,
            37.5303577761251,
            38.5303577761251,
            35.5303577761251
        ],
        "power_bs2": [
            35.44746514145318,
            36.44746514145318,
            35.44746514145318,
            38.44746514145318,
            37.44746514145318,
            36.44746514145318,
            35.44746514145318,
            36.44746514145318,
            39.44746514145318,
            38.44746514145318,
            39.44746514145318,
            40.44746514145317,
            41.44746514145318,
            38.44746514145318,
            35.44746514145318,
            36.44746514145318,
            37.44746514145318,
            38.44746514145318,
            39.44746514145318,
            40.44746514145317
        ]
    }
}