{
    "episode": 2098,
    "seed": 2098,
    "metrics": {
        "sinr_ue1": [
            26.679717600277407,
            18.10702301915133,
            25.631427244491864,
            27.695951329519815,
            32.038709744255264,
            7.806038673294495,
            7.779017358509849,
            29.270284484747844,
            29.596489726235525,
            11.782227956497525,
            30.056233998130782,
            26.956508750926016,
            22.526781650897803,
            30.001600964077582,
            20.422839647224556,
            0.30072379216509976,
            23.20621896156944,
            18.382932179021303,
            26.486994385343344,
            28.082771861572834
        ],
        "sinr_ue2": [
            14.397877599726616,
            22.16248368805189,
            16.347495881481525,
            12.372746500534046,
            12.346292468306245,
            38.38991268864741,
            36.537097821254456,
            14.343849914726787,
            28.258225819030926,
            31.561617387907802,
            12.401018437482536,
            16.407689133484215,
            18.41593657035839,
            16.45491414408446,
            28.80300809010076,
            39.00082602417127,
            38.26090170179478,
            16.53292085190437,
            16.500183610615,
            14.484669904490294
        ],
        "power_bs1": [
            40.195918279551705,
            37.195918279551705,
            36.195918279551705,
            39.195918279551705,
            36.195918279551705,
            33.195918279551705,
            34.195918279551705,
            35.195918279551705,
            38.195918279551705,
            35.195918279551705,
            36.195918279551705,
            35.195918279551705,
            36.195918279551705,
            37.195918279551705,
            36.195918279551705,
            33.195918279551705,
            36.195918279551705,
            37.195918279551705,
            36.195918279551705,
            37.195918279551705
        ],
        "power_bs2": [
            41.86107689051588,
            42.861076890515875,
            39.861076890515875,
            38.861076890515875,
            35.861076890515875,
            38.861076890515875,
            39.861076890515875,
            36.861076890515875,
            37.861076890515875,
            36.861076890515875,
            35.861076890515875,
            38.861076890515875,
            41.86107689051588,
            40.861076890515875,
            39.861076890515875,
            42.861076890515875,
            43.861076890515875,
            40.861076890515875,
            39.861076890515875,
            38.861076890515875
        ]
    }
}