{
    "episode": 2833,
    "seed": 2833,
    "metrics": {
        "sinr_ue1": [
            30.269559764487465,
            25.906889273852215,
            27.80936868025264,
            41.98172437876366,
            35.50696122874383,
            28.05041211454307,
            13.933354094083942,
            11.966252436192484,
            30.564143436355884,
            44.14767719039361,
            21.914742472399006,
            23.922325009150896,
            40.28547702071995,
            21.939232676193733,
            27.625477637625096,
            19.942353742755042,
            15.994092890247876,
            23.99318175874836,
            12.022041467697921,
            32.98477958942095
        ],
        "sinr_ue2": [
            27.125799618201114,
            37.54770823680514,
            36.2976675218366,
            23.060309366631053,
            24.740628368065195,
            39.74998568698891,
            32.11126357210211,
            50.097871975163514,
            32.01473872973585,
            41.39285391951516,
            45.85069119801203,
            38.9200849276085,
            26.48614286920484,
            40.37834808462783,
            30.760737475215226,
            46.595186584578755,
            42.22202965366086,
            33.31874162049849,
            45.45497827505783,
            31.41229713195536
        ],
        "power_bs1": [
            42.80241368262751,
            45.80241368262751,
            44.80241368262752,
            41.8024136826275,
            38.80241368262751,
            35.80241368262751,
            36.80241368262751,
            33.80241368262751,
            34.80241368262751,
            37.80241368262751,
            38.80241368262751,
            41.8024136826275,
            40.80241368262751,
            39.80241368262751,
            36.80241368262751,
            37.80241368262751,
            34.80241368262751,
            35.80241368262751,
            34.80241368262751,
            35.80241368262751
        ],
        "power_bs2": [
            38.46230886940583,
            35.46230886940584,
            32.46230886940584,
            33.46230886940583,
            32.46230886940584,
            35.46230886940584,
            38.46230886940583,
            37.46230886940584,
            36.46230886940584,
            33.46230886940583,
            32.46230886940583,
            33.46230886940583,
            36.46230886940584,
            33.46230886940583,
            36.46230886940584,
            33.46230886940583,
            34.46230886940584,
            37.46230886940584,
            38.46230886940583,
            35.46230886940584
        ]
    }
}