{
    "episode": 2582,
    "seed": 2582,
    "metrics": {
        "sinr_ue1": [
            4.1869408232109535,
            2.995658426179185,
            3.041882548810016,
            17.996814929137606,
            23.16748035513062,
            17.62740498462044,
            7.075601486189774,
            18.851266871193786,
            12.541891864614449,
            14.16071086904314,
            11.46607390365899,
            16.525679009830405,
            -0.7674114336048111,
            9.094973550964124,
            -2.926709658026528,
            11.214597631032486,
            8.139655763885852,
            4.8861686312107,
            2.7847030401955464,
            4.733259006980161
        ],
        "sinr_ue2": [
            33.956428315913136,
            49.22681588366152,
            43.86708423218981,
            34.68897322198489,
            32.379080342991166,
            28.62582723241067,
            43.46501044579728,
            32.547680205217134,
            41.78924862466049,
            44.374939189349476,
            38.9977284327401,
            38.64247614619585,
            49.47532869834922,
            38.40034874980823,
            38.76335231827959,
            45.06520652210594,
            32.967102833718606,
            45.028347081548034,
            48.98320435162094,
            45.75168387643097
        ],
        "power_bs1": [
            40.7603034185219,
            39.7603034185219,
            38.7603034185219,
            39.7603034185219,
            42.7603034185219,
            43.7603034185219,
            40.7603034185219,
            37.7603034185219,
            34.7603034185219,
            33.7603034185219,
            32.7603034185219,
            29.7603034185219,
            30.7603034185219,
            27.760303418521897,
            30.7603034185219,
            29.7603034185219,
            32.7603034185219,
            35.7603034185219,
            32.7603034185219,
            33.7603034185219
        ],
        "power_bs2": [
            39.93773113076024,
            36.93773113076024,
            35.93773113076024,
            38.93773113076024,
            39.93773113076024,
            36.93773113076024,
            33.93773113076024,
            34.93773113076024,
            33.93773113076024,
            36.93773113076024,
            35.93773113076024,
            32.93773113076024,
            31.93773113076024,
            30.93773113076024,
            33.93773113076024,
            30.93773113076024,
            29.93773113076024,
            30.93773113076024,
            29.93773113076024,
            28.93773113076024
        ]
    }
}