{
    "episode": 2634,
    "seed": 2634,
    "metrics": {
        "sinr_ue1": [
            27.243696697733817,
            47.04675999277396,
            42.33572514801278,
            48.295493182497474,
            33.770895441255945,
            27.28571362026727,
            33.63208553212842,
            33.9691255593914,
            33.713369578918105,
            44.5021655600394,
            29.654378070119485,
            29.891782841487636,
            40.16699551649027,
            50.19563734459403,
            43.73549921595901,
            48.97603604366359,
            31.55058334251546,
            45.411531139682715,
            45.36061215656278,
            48.154258626651966
        ],
        "sinr_ue2": [
            46.9378197097552,
            32.20578981463944,
            32.321046294503006,
            43.69962374326764,
            47.72705177917502,
            34.40007944402244,
            45.79932387177692,
            25.892545659575347,
            37.16568805203228,
            31.645798823411635,
            44.83673745644049,
            44.72551063710495,
            45.2226198637549,
            43.0800378396425,
            33.8232131882308,
            29.78904255395319,
            43.39832824195993,
            34.86697824800813,
            48.893174786576914,
            27.813628540069026
        ],
        "power_bs1": [
            37.249663978635475,
            34.249663978635475,
            37.249663978635475,
            40.249663978635475,
            37.249663978635475,
            38.249663978635475,
            41.24966397863547,
            44.24966397863547,
            41.24966397863547,
            38.249663978635475,
            39.249663978635475,
            36.24966397863547,
            37.249663978635475,
            40.249663978635475,
            37.249663978635475,
            38.249663978635475,
            41.24966397863547,
            38.249663978635475,
            37.249663978635475,
            36.24966397863547
        ],
        "power_bs2": [
            42.7749182315995,
            39.7749182315995,
            42.7749182315995,
            41.7749182315995,
            44.77491823159951,
            43.7749182315995,
            40.7749182315995,
            43.7749182315995,
            40.7749182315995,
            43.7749182315995,
            42.7749182315995,
            39.7749182315995,
            42.7749182315995,
            43.7749182315995,
            44.77491823159951,
            41.7749182315995,
            42.7749182315995,
            41.7749182315995,
            40.7749182315995,
            37.7749182315995
        ]
    }
}