{
    "episode": 3376,
    "seed": 3376,
    "metrics": {
        "sinr_ue1": [
            35.447435982349816,
            15.043888832589394,
            31.734373562781695,
            11.136287986435656,
            13.151791717305164,
            9.170474844450569,
            27.305154057198415,
            13.225674581060474,
            21.089255572827152,
            14.728928847364989,
            30.85077773008829,
            26.330481072715493,
            28.650906360833837,
            9.209169111359248,
            18.816511539248033,
            11.186901817018104,
            24.513127685823942,
            29.462323088606087,
            30.652851129957046,
            28.268733425956537
        ],
        "sinr_ue2": [
            6.3842818464185145,
            29.240645987109296,
            14.360674574817518,
            14.416368971116961,
            21.394708542276483,
            30.839304018212538,
            14.360324064267818,
            28.284078087204087,
            10.395145341388517,
            16.343269007562814,
            14.332516710014996,
            14.333439876158298,
            16.286849629972707,
            35.7025468610112,
            18.33145626256503,
            38.69091921642933,
            14.384656419481965,
            12.373345493468214,
            27.218748177816316,
            17.09625666050278
        ],
        "power_bs1": [
            41.22196501199266,
            38.22196501199266,
            37.22196501199265,
            40.22196501199265,
            43.22196501199265,
            40.22196501199265,
            41.22196501199266,
            42.22196501199265,
            41.22196501199266,
            38.22196501199266,
            37.22196501199265,
            36.22196501199265,
            35.22196501199265,
            36.22196501199265,
            35.22196501199265,
            36.22196501199265,
            37.22196501199265,
            40.22196501199265,
            43.22196501199265,
            44.22196501199266
        ],
        "power_bs2": [
            34.360274481416425,
            35.360274481416425,
            38.36027448141642,
            41.360274481416425,
            42.36027448141642,
            43.360274481416425,
            42.36027448141642,
            41.360274481416425,
            38.36027448141642,
            41.360274481416425,
            38.36027448141642,
            37.36027448141642,
            38.36027448141642,
            39.360274481416425,
            40.36027448141642,
            37.36027448141642,
            38.36027448141642,
            39.360274481416425,
            40.36027448141642,
            39.360274481416425
        ]
    }
}