{
    "episode": 2285,
    "seed": 2285,
    "metrics": {
        "sinr_ue1": [
            33.274239320991576,
            32.332080119745214,
            9.459854570215603,
            20.674599679221515,
            20.565472722391178,
            1.3472553701887546,
            22.655351558831033,
            17.816758087380077,
            27.27008995316757,
            24.648952024127993,
            5.061625417659261,
            7.074147813124254,
            9.065736182727518,
            28.88233904697482,
            18.800155913001934,
            39.50665310630931,
            18.892823216453074,
            21.40546777222844,
            41.108993346310086,
            26.75988658846455
        ],
        "sinr_ue2": [
            7.557095332424872,
            13.593689308570966,
            31.399109269374993,
            21.47771989773795,
            23.432864704212392,
            39.12208423562584,
            19.346049731493434,
            19.17423044932888,
            21.759443003413086,
            19.462509976845393,
            37.78725550213916,
            37.491263131002846,
            17.441032256162032,
            13.449037093138124,
            25.80039489991286,
            20.30027430673656,
            7.560989630582969,
            16.711246983063518,
            1.5806954088225944,
            10.358834064504645
        ],
        "power_bs1": [
            34.606696772678845,
            31.606696772678845,
            28.60669677267884,
            25.606696772678845,
            22.60669677267884,
            19.60669677267884,
            22.60669677267884,
            19.60669677267884,
            22.60669677267884,
            21.606696772678838,
            18.60669677267884,
            21.606696772678838,
            24.60669677267884,
            27.60669677267884,
            30.606696772678838,
            31.606696772678838,
            32.60669677267884,
            35.60669677267884,
            38.606696772678845,
            39.606696772678845
        ],
        "power_bs2": [
            31.43298075287521,
            34.43298075287521,
            35.43298075287521,
            36.43298075287521,
            35.43298075287521,
            34.43298075287521,
            31.43298075287521,
            28.432980752875206,
            27.43298075287521,
            30.432980752875206,
            29.432980752875206,
            30.432980752875206,
            31.43298075287521,
            30.432980752875206,
            27.432980752875203,
            26.43298075287521,
            29.432980752875206,
            28.432980752875206,
            29.432980752875206,
            28.432980752875206
        ]
    }
}