{
    "episode": 2679,
    "seed": 2679,
    "metrics": {
        "sinr_ue1": [
            40.605795507522714,
            21.138622421576045,
            23.04401804688213,
            28.997534179563665,
            30.901969063395963,
            32.68263874143464,
            47.89416808444368,
            32.746691397552986,
            34.58559116009496,
            32.82626234755305,
            44.10956322757769,
            40.56232571629019,
            30.212930818813483,
            20.98404653596785,
            21.033943965899127,
            21.142967504751866,
            37.80133533197569,
            25.082930870085313,
            23.145361509698436,
            36.99759362248929
        ],
        "sinr_ue2": [
            23.649979163167828,
            40.78790351205357,
            37.23892737202577,
            32.396276575118094,
            32.66426254214943,
            32.30499326644824,
            13.438366523840186,
            34.10145014375856,
            24.548174059327575,
            11.676661145555114,
            37.12041318033549,
            19.647768812842436,
            23.56344491932002,
            23.50583514617396,
            41.23549182084223,
            23.525161872208162,
            10.836934101245268,
            19.567164227402095,
            36.768815734422674,
            21.667786801826523
        ],
        "power_bs1": [
            33.80803189089252,
            34.80803189089252,
            33.80803189089252,
            36.80803189089253,
            37.80803189089253,
            36.80803189089253,
            33.80803189089252,
            36.80803189089253,
            37.80803189089253,
            38.80803189089252,
            35.80803189089253,
            32.80803189089252,
            31.80803189089253,
            34.80803189089252,
            33.80803189089252,
            36.80803189089252,
            39.80803189089252,
            42.80803189089252,
            43.80803189089253,
            44.80803189089252
        ],
        "power_bs2": [
            35.13159148020897,
            36.13159148020897,
            33.13159148020897,
            30.131591480208968,
            29.131591480208968,
            26.131591480208964,
            25.131591480208968,
            26.131591480208964,
            25.131591480208968,
            28.131591480208968,
            31.131591480208964,
            30.131591480208968,
            33.13159148020897,
            36.13159148020897,
            35.13159148020897,
            38.13159148020897,
            37.13159148020897,
            40.13159148020897,
            43.13159148020897,
            44.13159148020896
        ]
    }
}