{
    "episode": 1501,
    "seed": 1501,
    "metrics": {
        "sinr_ue1": [
            18.321567978333643,
            38.18692554872261,
            22.35124027223305,
            20.316238506860934,
            33.94487923424152,
            18.2920495561798,
            22.207858466897786,
            44.35204570522684,
            45.432319235922456,
            41.20563521499236,
            22.36591006752901,
            20.385671347932288,
            20.431252082320924,
            18.39971561774275,
            16.342713363863737,
            18.648362648587312,
            27.31103851706827,
            28.52293301965304,
            26.651518425596468,
            23.21664064463706
        ],
        "sinr_ue2": [
            31.52423677744652,
            16.25704708886303,
            21.696673924679992,
            28.581754391136073,
            14.216483462011142,
            34.673454373042674,
            33.057615519649694,
            8.176633499835319,
            4.110488382801204,
            10.04188175753801,
            31.134702492767094,
            20.947173616405138,
            30.248109683280326,
            33.4602403319829,
            38.08591000331208,
            23.948054495993148,
            19.9398954294708,
            23.92052433345498,
            23.95570455821151,
            23.901159214863974
        ],
        "power_bs1": [
            42.98037683009993,
            39.98037683009993,
            40.98037683009992,
            37.98037683009993,
            40.98037683009992,
            39.98037683009993,
            40.98037683009992,
            41.98037683009993,
            44.98037683009993,
            41.98037683009993,
            42.98037683009993,
            41.98037683009993,
            40.98037683009992,
            39.98037683009993,
            36.98037683009992,
            33.98037683009993,
            36.98037683009992,
            35.98037683009992,
            38.98037683009993,
            37.98037683009993
        ],
        "power_bs2": [
            39.49792489453279,
            36.49792489453279,
            33.49792489453278,
            32.49792489453278,
            35.49792489453279,
            36.49792489453279,
            33.49792489453278,
            30.497924894532783,
            29.497924894532783,
            32.49792489453278,
            35.49792489453279,
            36.49792489453279,
            35.49792489453279,
            36.49792489453279,
            35.49792489453279,
            38.49792489453278,
            37.49792489453278,
            40.49792489453278,
            43.49792489453279,
            42.49792489453278
        ]
    }
}