{
    "episode": 1685,
    "seed": 1685,
    "metrics": {
        "sinr_ue1": [
            29.049197299070286,
            20.969197157733646,
            37.6739596487501,
            12.287843635465716,
            35.198382422512424,
            14.346617407225047,
            22.78292402179666,
            29.344851672811462,
            16.093403360465874,
            16.250733720405965,
            30.07416503506136,
            31.930703176027862,
            36.89150303981701,
            18.408553784621972,
            33.20573219960466,
            18.2064509853183,
            29.292311516817506,
            14.271147621212304,
            14.44318669756127,
            14.265380382306418
        ],
        "sinr_ue2": [
            14.820747504896197,
            16.836377639481224,
            12.680801464277128,
            34.55470917428527,
            12.83635792286972,
            30.01221726734828,
            16.841226795407525,
            12.797215721228984,
            32.973464622119124,
            19.388915566720257,
            10.931251030134856,
            10.916188055946343,
            11.001770412479555,
            29.277847329951943,
            11.077032910193857,
            30.529470287966053,
            12.910367496850107,
            32.66900193957723,
            15.106632170879799,
            29.707739983530104
        ],
        "power_bs1": [
            32.271191484078756,
            29.271191484078752,
            32.271191484078756,
            31.271191484078752,
            34.27119148407875,
            35.271191484078756,
            32.271191484078756,
            35.271191484078756,
            36.271191484078756,
            33.27119148407875,
            32.271191484078756,
            29.271191484078752,
            30.271191484078752,
            29.271191484078752,
            30.271191484078752,
            33.27119148407875,
            30.271191484078752,
            29.271191484078752,
            32.27119148407875,
            29.271191484078752
        ],
        "power_bs2": [
            42.28974497852953,
            41.28974497852953,
            40.289744978529534,
            43.289744978529534,
            42.28974497852953,
            45.289744978529534,
            44.28974497852953,
            43.289744978529534,
            44.28974497852953,
            41.28974497852953,
            38.289744978529534,
            35.28974497852953,
            36.28974497852953,
            35.28974497852953,
            36.28974497852953,
            39.289744978529534,
            38.289744978529534,
            39.289744978529534,
            42.28974497852953,
            39.289744978529534
        ]
    }
}