{
    "episode": 1942,
    "seed": 1942,
    "metrics": {
        "sinr_ue1": [
            32.392269567595314,
            38.51671838169195,
            15.081123495298375,
            14.995946517615772,
            19.023480308871424,
            26.7466023890874,
            26.789196351666035,
            29.062778095719054,
            33.790460366964666,
            11.103926200909168,
            11.164135813973825,
            7.230457173372794,
            5.148231121858558,
            24.755194228918267,
            5.1196728288968405,
            21.706857312273907,
            4.981839386412959,
            10.99512015767895,
            6.976964639746611,
            7.05608483118167
        ],
        "sinr_ue2": [
            12.458955293670355,
            12.452695092386444,
            29.59811126212481,
            35.716104717615835,
            28.6383674676281,
            14.585184034305076,
            18.539790204553093,
            12.52491443702636,
            14.542230083126203,
            36.20689871065947,
            36.2672035824692,
            41.29977033330185,
            42.19960265520082,
            24.31086118302863,
            40.90048398933607,
            28.539097778203903,
            24.34358455558858,
            34.92451375180118,
            37.02701207159193,
            22.470115400684662
        ],
        "power_bs1": [
            35.250988114583244,
            36.250988114583244,
            37.250988114583244,
            34.250988114583244,
            35.250988114583244,
            34.250988114583244,
            33.250988114583244,
            36.250988114583244,
            33.250988114583244,
            32.250988114583244,
            29.250988114583244,
            26.25098811458324,
            23.250988114583244,
            22.25098811458324,
            25.250988114583244,
            22.25098811458324,
            25.250988114583244,
            28.250988114583244,
            27.25098811458324,
            30.250988114583244
        ],
        "power_bs2": [
            37.29972089454503,
            38.29972089454503,
            41.29972089454503,
            38.29972089454503,
            35.29972089454503,
            38.29972089454503,
            41.29972089454503,
            38.29972089454503,
            37.29972089454503,
            40.29972089454503,
            37.29972089454503,
            38.29972089454503,
            37.29972089454503,
            36.29972089454503,
            39.29972089454503,
            36.29972089454503,
            39.29972089454503,
            36.29972089454503,
            39.29972089454503,
            42.29972089454503
        ]
    }
}