{
    "episode": 2041,
    "seed": 2041,
    "metrics": {
        "sinr_ue1": [
            14.357720938186523,
            22.262922791772798,
            12.356587068413456,
            10.312344599497042,
            2.704261709033266,
            12.344756544776496,
            26.449530321001305,
            23.671794483899298,
            4.243773022277745,
            4.207581321880753,
            25.762053183080962,
            15.016857445974857,
            19.57885711100902,
            6.182988019854535,
            28.402699828292015,
            12.166486436003412,
            27.87815958951618,
            8.119539827735922,
            21.4984781616035,
            13.694049319802193
        ],
        "sinr_ue2": [
            8.918603924811357,
            9.250023561496642,
            21.509223194489305,
            21.082990741473946,
            24.830732365468545,
            19.22108072923369,
            0.7917966388079292,
            6.812370362811144,
            25.793888815060704,
            24.68572848215814,
            8.739855582284715,
            12.793212981780728,
            12.714061406983777,
            27.416870771145124,
            11.709023048782338,
            22.24461948726993,
            0.8138056950227129,
            23.588084157244168,
            6.762427601649334,
            12.819105875431266
        ],
        "power_bs1": [
            40.15309065433406,
            37.15309065433406,
            38.15309065433406,
            35.15309065433406,
            34.15309065433406,
            35.15309065433406,
            34.15309065433406,
            31.153090654334058,
            32.15309065433406,
            29.153090654334054,
            26.153090654334058,
            25.153090654334058,
            26.153090654334058,
            29.153090654334054,
            32.15309065433406,
            31.153090654334058,
            30.153090654334058,
            27.153090654334058,
            24.153090654334054,
            21.15309065433405
        ],
        "power_bs2": [
            42.90640518766885,
            45.90640518766885,
            42.90640518766885,
            41.906405187668845,
            42.90640518766885,
            39.90640518766885,
            38.90640518766885,
            41.906405187668845,
            44.906405187668845,
            41.906405187668845,
            38.906405187668845,
            41.906405187668845,
            42.906405187668845,
            39.906405187668845,
            36.906405187668845,
            35.906405187668845,
            34.906405187668845,
            35.906405187668845,
            34.906405187668845,
            37.906405187668845
        ]
    }
}