{
    "episode": 508,
    "seed": 508,
    "metrics": {
        "sinr_ue1": [
            23.713953758246767,
            42.74882392739981,
            17.535807592075788,
            21.35583925595061,
            19.24434704370411,
            15.202568988267496,
            19.1355589501687,
            16.967661642064982,
            40.18179981861978,
            21.255056176336513,
            30.92618378201277,
            27.251542513353453,
            45.33462375959138,
            36.36670302377145,
            23.277249812426327,
            35.817330525963186,
            14.970476126096921,
            33.310118191429446,
            16.72020501140627,
            18.818873290358567
        ],
        "sinr_ue2": [
            26.644928400839962,
            10.12213174345411,
            25.743849542937674,
            31.041474780230583,
            22.985984950141287,
            20.724648142066396,
            30.601929748232067,
            32.91707690441854,
            18.127289398275252,
            25.808455802634814,
            7.880805140029037,
            22.766221820445416,
            3.991132070319784,
            17.889725770679473,
            7.95492282714026,
            11.884890812086763,
            23.523300351857394,
            15.761146106574566,
            30.62767280109512,
            31.067624495358878
        ],
        "power_bs1": [
            37.89512551620772,
            34.89512551620771,
            33.89512551620772,
            34.89512551620771,
            31.89512551620772,
            30.895125516207717,
            31.89512551620772,
            32.89512551620772,
            31.89512551620772,
            34.89512551620772,
            33.89512551620772,
            36.89512551620772,
            35.89512551620772,
            34.89512551620771,
            37.89512551620772,
            34.89512551620771,
            31.89512551620772,
            30.895125516207717,
            29.895125516207717,
            32.89512551620772
        ],
        "power_bs2": [
            39.99010218210655,
            38.99010218210655,
            41.99010218210654,
            38.99010218210655,
            37.99010218210655,
            40.99010218210655,
            37.99010218210655,
            40.99010218210655,
            39.99010218210654,
            38.99010218210655,
            35.99010218210654,
            34.99010218210654,
            33.99010218210655,
            36.99010218210654,
            39.99010218210654,
            40.99010218210655,
            41.99010218210654,
            40.99010218210655,
            37.99010218210655,
            38.99010218210654
        ]
    }
}