{
    "episode": 4953,
    "seed": 4953,
    "metrics": {
        "sinr_ue1": [
            11.919763993977464,
            29.600650896539854,
            35.974256122196145,
            33.17748018731191,
            37.581721712806264,
            25.003412151106346,
            33.40512951801494,
            19.659036512210662,
            23.648774306845826,
            23.741392890107107,
            34.260651841720254,
            35.656827974802965,
            23.513917770623078,
            37.65452578458928,
            39.70235202361682,
            17.89220173190099,
            23.715884225025516,
            15.950556648659706,
            28.83123862056799,
            18.279342768770086
        ],
        "sinr_ue2": [
            24.17660785162832,
            8.545880770180322,
            8.487729330821951,
            8.465018105387491,
            4.52816905528313,
            17.841171300559115,
            8.50565353387144,
            24.661863779277013,
            20.924277948130914,
            15.62491693536695,
            0.39957265004961556,
            0.3245438355077156,
            18.5579900802512,
            10.465272948469707,
            2.4629273009223915,
            23.330454300695592,
            27.444809373227592,
            25.840893988247498,
            12.566850068167748,
            14.64773749141948
        ],
        "power_bs1": [
            38.900221052307835,
            41.90022105230784,
            38.900221052307835,
            35.900221052307835,
            36.900221052307835,
            35.90022105230784,
            32.900221052307835,
            33.900221052307835,
            36.900221052307835,
            39.90022105230784,
            36.900221052307835,
            37.900221052307835,
            34.90022105230784,
            35.900221052307835,
            38.900221052307835,
            37.900221052307835,
            38.900221052307835,
            35.900221052307835,
            34.90022105230784,
            35.900221052307835
        ],
        "power_bs2": [
            41.25659444238891,
            40.2565944423889,
            37.2565944423889,
            34.2565944423889,
            31.256594442388902,
            30.256594442388902,
            31.256594442388902,
            28.256594442388902,
            27.256594442388902,
            30.256594442388902,
            27.256594442388902,
            28.256594442388906,
            25.256594442388902,
            28.256594442388902,
            31.256594442388902,
            34.2565944423889,
            37.2565944423889,
            34.2565944423889,
            37.2565944423889,
            40.2565944423889
        ]
    }
}