{
    "episode": 2723,
    "seed": 2723,
    "metrics": {
        "sinr_ue1": [
            35.55523266219012,
            21.099564656129985,
            32.55810780847335,
            24.896356675092587,
            19.111296782898485,
            19.15819126940969,
            17.0533146972526,
            37.57559200429993,
            34.7669070419317,
            20.945450440117916,
            32.75020869813428,
            24.761476740616523,
            32.85712548601748,
            24.271043810360148,
            39.73698390408603,
            33.46081484710707,
            24.568928472791356,
            36.86850028946343,
            35.42268774097225,
            44.68341883260212
        ],
        "sinr_ue2": [
            18.719057235291032,
            29.022452793215603,
            17.42044876046435,
            13.461847695117635,
            32.09234810884222,
            31.840849304914954,
            29.883050295961155,
            11.734838750899277,
            11.695059331203762,
            27.996133964379766,
            2.641387566951417,
            22.26191767927858,
            13.784709283593426,
            13.881134039377987,
            9.916563785486257,
            12.031117648117704,
            25.797729878045942,
            8.132727197651409,
            6.014055360364372,
            5.950381134766889
        ],
        "power_bs1": [
            43.47547082939276,
            40.47547082939276,
            37.47547082939276,
            38.47547082939276,
            37.47547082939276,
            34.47547082939276,
            31.475470829392762,
            34.47547082939276,
            37.47547082939276,
            34.47547082939276,
            33.47547082939276,
            34.47547082939276,
            31.475470829392762,
            30.475470829392762,
            31.475470829392762,
            28.47547082939276,
            29.475470829392762,
            30.475470829392762,
            29.475470829392762,
            28.47547082939276
        ],
        "power_bs2": [
            41.91616864624537,
            42.916168646245374,
            45.916168646245374,
            42.916168646245374,
            41.91616864624537,
            38.916168646245374,
            37.916168646245374,
            36.916168646245374,
            39.91616864624538,
            36.916168646245374,
            33.916168646245374,
            32.916168646245374,
            35.916168646245374,
            34.916168646245374,
            31.916168646245374,
            30.916168646245374,
            27.916168646245374,
            28.916168646245374,
            25.916168646245374,
            24.916168646245374
        ]
    }
}