{
    "episode": 4606,
    "seed": 4606,
    "metrics": {
        "sinr_ue1": [
            10.96190176339019,
            21.725994127000313,
            21.12659483200002,
            24.587072377017787,
            6.005800022527275,
            7.949367516102532,
            23.399262928792297,
            7.902594471926956,
            13.707222418821443,
            13.907017829627517,
            24.30263237763141,
            20.030970178457956,
            5.974112218040158,
            21.62253665657692,
            20.246983827877113,
            7.997321569212714,
            8.040725899212443,
            10.096309486864914,
            31.643395455527752,
            12.099763574914327
        ],
        "sinr_ue2": [
            24.510395169093858,
            24.739546112419795,
            28.91414332050506,
            35.984309710514864,
            42.62067220637762,
            43.91591390719964,
            28.645063792817517,
            40.8038668310763,
            24.637953379457258,
            29.834474143888375,
            39.5376248441484,
            29.038513184674237,
            47.50768233178916,
            29.100496867793794,
            25.318438409943905,
            27.117531314051057,
            35.45348940714797,
            38.94896432610527,
            22.955522918959996,
            39.76912271646087
        ],
        "power_bs1": [
            33.24769450651139,
            36.24769450651138,
            35.24769450651138,
            32.24769450651139,
            31.247694506511383,
            34.24769450651138,
            33.24769450651139,
            36.24769450651138,
            37.24769450651139,
            40.24769450651139,
            37.24769450651139,
            36.24769450651138,
            33.24769450651138,
            32.24769450651139,
            35.24769450651138,
            36.24769450651138,
            33.24769450651138,
            36.24769450651138,
            35.24769450651138,
            38.24769450651138
        ],
        "power_bs2": [
            33.27486355546955,
            36.27486355546955,
            39.27486355546955,
            36.27486355546955,
            35.27486355546955,
            36.27486355546955,
            37.27486355546955,
            38.27486355546955,
            37.27486355546955,
            36.27486355546955,
            39.27486355546955,
            40.27486355546955,
            37.27486355546955,
            36.27486355546955,
            35.27486355546955,
            38.27486355546955,
            35.27486355546955,
            36.27486355546955,
            33.27486355546955,
            36.27486355546955
        ]
    }
}