{
    "episode": 203,
    "seed": 203,
    "metrics": {
        "sinr_ue1": [
            8.287672263409783,
            26.786142013849762,
            8.32084355847295,
            14.277823993747507,
            8.296461506298689,
            6.263275093197162,
            24.97817127538829,
            17.988435031311077,
            10.23770028241653,
            33.374925592735906,
            12.237526573936952,
            24.947815001910737,
            10.32299316271132,
            8.31327984766326,
            12.273587099232426,
            12.247705337794542,
            31.555507611397964,
            16.1435592860391,
            14.133457495226075,
            31.83083761387043
        ],
        "sinr_ue2": [
            28.954538296477985,
            18.16120711391285,
            18.220951662313535,
            32.03443044893757,
            28.313781260994247,
            34.98519374380528,
            22.314962261334163,
            18.274597509720685,
            33.613783006022544,
            28.347741350523158,
            24.58130496484781,
            31.01171310038051,
            35.48928443700051,
            24.239262941648676,
            26.878827334273968,
            33.73309146318567,
            14.201608505949201,
            26.97208162566926,
            26.859369323871924,
            10.212011621833954
        ],
        "power_bs1": [
            36.23472580087805,
            37.23472580087805,
            40.23472580087805,
            43.23472580087805,
            40.23472580087805,
            37.23472580087805,
            36.23472580087805,
            37.23472580087805,
            38.23472580087805,
            39.23472580087805,
            40.23472580087805,
            41.23472580087806,
            38.23472580087805,
            37.23472580087805,
            38.23472580087805,
            41.23472580087806,
            38.23472580087805,
            39.23472580087805,
            36.23472580087805,
            39.23472580087805
        ],
        "power_bs2": [
            39.96235908223413,
            40.96235908223414,
            43.96235908223414,
            40.96235908223413,
            43.96235908223414,
            42.96235908223413,
            43.96235908223414,
            40.96235908223413,
            39.96235908223413,
            38.96235908223413,
            39.96235908223413,
            40.96235908223414,
            39.96235908223413,
            40.96235908223414,
            37.96235908223414,
            40.96235908223413,
            37.96235908223414,
            34.96235908223413,
            33.96235908223413,
            34.96235908223413
        ]
    }
}