{
    "episode": 2631,
    "seed": 2631,
    "metrics": {
        "sinr_ue1": [
            18.197807370038575,
            18.146463257305914,
            18.0269499582026,
            22.00050837708412,
            22.940256468265467,
            21.997252934805896,
            23.873645437200533,
            39.995612614119075,
            27.576913140158066,
            23.80353387343184,
            38.95264752976325,
            39.71113072556915,
            21.94058763139563,
            23.966097252852773,
            40.86238413293175,
            15.990382960701927,
            25.656706151073585,
            31.265614617870256,
            19.944719412296593,
            17.914844849079035
        ],
        "sinr_ue2": [
            22.000504584766603,
            24.484425153871978,
            24.88177472260546,
            20.361603451585925,
            5.387317511532656,
            23.031247699077674,
            10.058955118692488,
            -0.6414746801724075,
            15.990643262913633,
            16.97522769930577,
            3.4117233387144856,
            16.522924030792826,
            15.292839201744439,
            18.984116067606116,
            3.4185742687259153,
            25.413801268284896,
            5.416247044456388,
            23.93416384595898,
            20.59718983386082,
            33.97908603230805
        ],
        "power_bs1": [
            40.63367345437399,
            37.63367345437399,
            34.63367345437399,
            37.63367345437399,
            34.63367345437399,
            35.63367345437399,
            36.63367345437399,
            39.63367345437399,
            38.63367345437399,
            37.63367345437399,
            38.63367345437399,
            41.63367345437399,
            42.63367345437399,
            45.63367345437399,
            42.63367345437399,
            39.63367345437399,
            42.63367345437399,
            41.63367345437399,
            42.63367345437399,
            43.63367345437399
        ],
        "power_bs2": [
            34.21368679550529,
            31.213686795505286,
            28.21368679550529,
            27.21368679550529,
            26.213686795505286,
            25.213686795505286,
            24.213686795505286,
            25.213686795505286,
            22.21368679550529,
            25.213686795505286,
            28.213686795505282,
            31.213686795505286,
            32.21368679550529,
            33.21368679550529,
            32.21368679550529,
            35.21368679550528,
            34.21368679550528,
            35.21368679550528,
            34.21368679550528,
            37.21368679550529
        ]
    }
}