{
    "episode": 4638,
    "seed": 4638,
    "metrics": {
        "sinr_ue1": [
            2.1647062750693977,
            20.278526400693355,
            2.12211043473195,
            21.915002153209553,
            17.630245673368226,
            19.31362826376943,
            2.1661069649925713,
            16.6866783049905,
            11.92167809112535,
            0.3320463259918128,
            11.549658618555892,
            0.2123982599952497,
            15.868106092614852,
            23.002698003719686,
            2.1614079450864825,
            0.1622849747155694,
            17.01445158291773,
            -1.83175583961564,
            8.600993008001272,
            15.339044882444917
        ],
        "sinr_ue2": [
            24.057581848028263,
            1.0856818902078436,
            20.67923781488858,
            -0.9974723085471333,
            3.062811541582677,
            3.0432199577819063,
            17.62813931848945,
            3.1304963049456163,
            5.091694485842044,
            26.04040300494969,
            4.948660161102886,
            20.60043297147047,
            0.8686286049395096,
            -1.0872213968910491,
            18.670067348328153,
            13.656716445133592,
            2.7823401712126463,
            24.168545559697762,
            6.806324208208551,
            6.791362636325797
        ],
        "power_bs1": [
            36.529754747226704,
            39.529754747226704,
            38.529754747226704,
            41.529754747226704,
            40.529754747226704,
            43.529754747226704,
            40.529754747226704,
            39.529754747226704,
            40.529754747226704,
            37.529754747226704,
            38.529754747226704,
            35.529754747226704,
            36.529754747226704,
            39.529754747226704,
            38.529754747226704,
            37.529754747226704,
            38.529754747226704,
            37.529754747226704,
            36.529754747226704,
            33.529754747226704
        ],
        "power_bs2": [
            34.19342886904262,
            35.19342886904263,
            36.19342886904263,
            35.19342886904263,
            38.19342886904263,
            41.19342886904263,
            38.19342886904263,
            37.19342886904263,
            40.19342886904263,
            37.19342886904263,
            38.19342886904262,
            35.19342886904263,
            32.19342886904263,
            33.19342886904263,
            36.19342886904263,
            37.19342886904263,
            36.19342886904263,
            39.19342886904262,
            38.19342886904262,
            35.19342886904263
        ]
    }
}