{
    "episode": 383,
    "seed": 383,
    "metrics": {
        "sinr_ue1": [
            18.161827028946497,
            3.646210617035459,
            7.670730685988794,
            30.2310086339427,
            11.697496676424631,
            30.407707942868566,
            13.566490921510557,
            32.221664127157894,
            17.678520336453822,
            11.195740653351187,
            36.94599845854229,
            35.67058616673327,
            29.37549118131691,
            16.475389232244222,
            34.937824041557676,
            15.521353785736165,
            28.15276872074692,
            23.47281927264964,
            26.382642446668182,
            27.538915795275685
        ],
        "sinr_ue2": [
            9.160266438369655,
            27.375341742063206,
            30.337715780627022,
            23.12590164122783,
            20.910662190329855,
            5.396782061060669,
            25.089365661039082,
            5.529562999406159,
            21.911309115256437,
            28.32514007939478,
            1.467979858867858,
            -0.5879572666446247,
            3.3774425173726046,
            18.510866917487284,
            10.890310249966062,
            3.6457642130107457,
            17.478710814099014,
            11.600804865892655,
            9.75233566709487,
            9.632830806932244
        ],
        "power_bs1": [
            30.85503347335421,
            27.85503347335421,
            30.85503347335421,
            31.85503347335421,
            32.85503347335421,
            31.85503347335421,
            30.85503347335421,
            29.85503347335421,
            26.85503347335421,
            23.85503347335421,
            26.85503347335421,
            27.85503347335421,
            26.85503347335421,
            25.85503347335421,
            26.85503347335421,
            25.85503347335421,
            22.85503347335421,
            19.85503347335421,
            22.85503347335421,
            21.85503347335421
        ],
        "power_bs2": [
            34.691077707070114,
            37.69107770707012,
            36.69107770707012,
            33.691077707070114,
            34.691077707070114,
            31.691077707070118,
            30.691077707070118,
            29.691077707070118,
            28.691077707070114,
            25.691077707070118,
            22.691077707070114,
            21.691077707070118,
            24.691077707070118,
            21.691077707070118,
            24.691077707070118,
            23.691077707070114,
            22.691077707070114,
            25.691077707070118,
            26.691077707070118,
            25.691077707070118
        ]
    }
}