{
    "episode": 4242,
    "seed": 4242,
    "metrics": {
        "sinr_ue1": [
            34.40105043135354,
            32.79280568482739,
            16.56140559672085,
            32.36260350072382,
            17.065007189124795,
            24.96788206009496,
            42.95501491931488,
            29.206120831117936,
            43.70294171344349,
            21.41148014083185,
            21.18818972323014,
            15.034649751626791,
            8.868386471307527,
            10.658224471817396,
            6.466730515792763,
            25.507564390447918,
            26.791808088074653,
            12.750249127052285,
            14.701057640267813,
            21.755226428376545
        ],
        "sinr_ue2": [
            14.31507814020491,
            18.265567842373336,
            28.60501188662333,
            18.330292443509443,
            16.34418077723449,
            10.36965593012566,
            6.354787480195632,
            22.714011289989955,
            6.318914348286377,
            26.263288855691474,
            29.645957057079432,
            40.91122787057833,
            44.500990374787904,
            35.5286558866261,
            40.25834438597384,
            22.301620698843546,
            20.34027989572833,
            35.31854385584781,
            35.71671942932098,
            31.98951843704407
        ],
        "power_bs1": [
            39.650626037608404,
            36.650626037608404,
            37.650626037608404,
            36.650626037608404,
            35.650626037608404,
            38.650626037608404,
            41.650626037608404,
            44.650626037608404,
            43.650626037608404,
            40.650626037608404,
            37.650626037608404,
            34.650626037608404,
            31.650626037608404,
            30.6506260376084,
            29.6506260376084,
            32.650626037608404,
            35.650626037608404,
            36.650626037608404,
            35.650626037608404,
            34.650626037608404
        ],
        "power_bs2": [
            41.477181061152784,
            42.477181061152784,
            41.477181061152784,
            42.477181061152784,
            39.47718106115278,
            36.477181061152784,
            35.47718106115278,
            36.477181061152784,
            37.477181061152784,
            40.47718106115278,
            37.477181061152784,
            40.47718106115278,
            43.47718106115278,
            40.47718106115278,
            43.47718106115278,
            42.477181061152784,
            43.47718106115278,
            44.47718106115278,
            41.47718106115278,
            42.477181061152784
        ]
    }
}