{
    "episode": 953,
    "seed": 953,
    "metrics": {
        "sinr_ue1": [
            36.00784703999491,
            32.128112331497675,
            17.065749598033126,
            13.158330960968067,
            15.335143576921045,
            30.266429389505724,
            27.66480341108341,
            26.587726001576854,
            21.80761028015553,
            18.478940001805423,
            21.045878735086553,
            7.089298665785606,
            4.958134088562454,
            6.995174610934221,
            1.0939913574587812,
            25.00077497708744,
            9.344389762605672,
            30.094072581938942,
            25.006694771324955,
            9.263620556500294
        ],
        "sinr_ue2": [
            24.185396396237437,
            13.038795443120863,
            15.167795979326089,
            36.185079563672595,
            25.2942189614104,
            12.694134382804016,
            20.88003765156416,
            24.797361454104188,
            24.950475212988827,
            36.40356629923867,
            26.861665234125883,
            43.09334538972574,
            44.80329944793311,
            27.06328623429036,
            45.755643976562496,
            26.70179635826159,
            41.00747374221516,
            22.917884933712397,
            22.840176388287965,
            36.28803325401842
        ],
        "power_bs1": [
            36.98814919522202,
            35.98814919522202,
            36.98814919522202,
            33.98814919522202,
            32.98814919522202,
            31.98814919522202,
            34.98814919522202,
            31.98814919522202,
            32.98814919522202,
            31.98814919522202,
            28.98814919522202,
            29.98814919522202,
            30.988149195222018,
            29.98814919522202,
            26.98814919522202,
            27.98814919522202,
            28.98814919522202,
            25.988149195222018,
            26.98814919522202,
            25.988149195222018
        ],
        "power_bs2": [
            31.809482122248735,
            34.80948212224874,
            37.80948212224874,
            38.80948212224874,
            35.80948212224874,
            38.80948212224873,
            41.80948212224873,
            42.80948212224874,
            43.80948212224873,
            40.80948212224874,
            41.80948212224873,
            40.80948212224874,
            43.80948212224873,
            40.80948212224874,
            43.80948212224873,
            40.80948212224874,
            37.80948212224873,
            34.80948212224873,
            35.80948212224874,
            34.80948212224873
        ]
    }
}