{
    "episode": 1696,
    "seed": 1696,
    "metrics": {
        "sinr_ue1": [
            19.283930163011142,
            27.91800856043704,
            33.36103640784109,
            15.376538492219877,
            35.8235929015373,
            21.386175809889153,
            19.492058590633416,
            19.38851145035439,
            23.234166954934636,
            26.96696090935913,
            41.641851227198345,
            26.946854683072672,
            21.214675837956428,
            32.33590017611527,
            15.287526145126662,
            17.272784859354182,
            30.221064203616063,
            40.924147552612794,
            23.162732792341888,
            40.18103867827331
        ],
        "sinr_ue2": [
            27.45364520354697,
            15.005176395655662,
            29.198122974181466,
            32.06254646341728,
            31.7218649318009,
            22.18274119214574,
            30.80586100428233,
            20.26134434786448,
            17.566301037958723,
            22.501894933519946,
            5.079050636228054,
            25.182922621063234,
            24.523014861608893,
            13.913734329253858,
            25.290159842583684,
            30.535206067681656,
            18.700309522657342,
            7.038130179945404,
            6.971979139231889,
            6.999275908390306
        ],
        "power_bs1": [
            38.71146509883203,
            35.71146509883202,
            38.71146509883203,
            37.71146509883203,
            38.71146509883203,
            39.71146509883203,
            40.71146509883203,
            37.71146509883203,
            38.71146509883203,
            39.71146509883203,
            36.71146509883202,
            39.71146509883203,
            36.71146509883202,
            33.71146509883203,
            32.71146509883203,
            35.71146509883202,
            38.71146509883203,
            39.71146509883202,
            42.71146509883202,
            43.71146509883203
        ],
        "power_bs2": [
            31.067194895224123,
            32.06719489522413,
            33.06719489522412,
            34.06719489522412,
            31.067194895224123,
            30.067194895224123,
            33.06719489522412,
            30.067194895224123,
            27.067194895224127,
            24.067194895224123,
            23.06719489522412,
            24.067194895224123,
            27.067194895224127,
            28.06719489522412,
            29.067194895224123,
            30.067194895224123,
            27.067194895224127,
            28.067194895224127,
            31.067194895224123,
            32.06719489522413
        ]
    }
}