{
    "episode": 399,
    "seed": 399,
    "metrics": {
        "sinr_ue1": [
            32.706039123448406,
            29.6261330598482,
            32.55693068275713,
            19.154072443054304,
            18.501037494833618,
            36.80969045205159,
            16.623285738866564,
            31.470772116671725,
            18.630965925820945,
            30.60282043320717,
            26.366565364403417,
            43.665947057909335,
            32.80738206622471,
            48.93747207090482,
            45.63470213518109,
            49.63977184909724,
            32.27512209088687,
            30.201588014396847,
            33.60394290548636,
            34.5997564413813
        ],
        "sinr_ue2": [
            16.95245987499944,
            24.238688450333004,
            13.830220138424242,
            13.683380562357822,
            28.48994589392564,
            9.485462657028899,
            34.748249484815204,
            28.06887306875817,
            30.66268918302457,
            15.014906308475561,
            22.587176078095148,
            3.7483113190102344,
            14.812930177764636,
            -0.18028314435577752,
            12.091259006460021,
            -0.11457981077475525,
            10.62144429342342,
            13.184837430136183,
            1.7832830330384635,
            3.8033335391203815
        ],
        "power_bs1": [
            33.71893463166641,
            32.71893463166641,
            31.718934631666404,
            28.718934631666407,
            25.718934631666404,
            26.718934631666404,
            23.718934631666407,
            24.718934631666407,
            27.718934631666407,
            30.718934631666404,
            31.718934631666404,
            32.71893463166641,
            35.7189346316664,
            36.71893463166641,
            39.71893463166641,
            40.7189346316664,
            39.71893463166641,
            38.71893463166641,
            41.7189346316664,
            38.7189346316664
        ],
        "power_bs2": [
            35.11288386911283,
            34.11288386911282,
            31.11288386911282,
            28.112883869112824,
            25.11288386911282,
            22.11288386911282,
            25.11288386911282,
            26.11288386911282,
            27.11288386911282,
            24.11288386911282,
            23.11288386911282,
            22.11288386911282,
            19.11288386911282,
            22.11288386911282,
            23.11288386911282,
            26.11288386911282,
            25.11288386911282,
            26.11288386911282,
            29.11288386911282,
            28.11288386911282
        ]
    }
}