{
    "episode": 1439,
    "seed": 1439,
    "metrics": {
        "sinr_ue1": [
            15.188091809454903,
            28.876676864359574,
            13.126133514067668,
            32.80011543545237,
            22.679836725655743,
            23.02926177036719,
            36.065032626240644,
            27.101782000392113,
            40.71908584320756,
            43.57510749324846,
            27.051074324248717,
            26.98113186745392,
            49.078317264449964,
            40.91593479206082,
            33.27941866466334,
            43.83320324280799,
            43.94976127933484,
            24.758926241486407,
            23.092612454902874,
            40.18573042693674
        ],
        "sinr_ue2": [
            60.01682242658362,
            40.300772520580736,
            59.628651745903966,
            45.6424843876767,
            54.95326740988002,
            34.275755493407395,
            30.131574053832964,
            30.40353267356766,
            35.224307369808216,
            31.03124795526691,
            30.681571339023044,
            47.7831642785135,
            26.49699798659713,
            26.05422650574196,
            45.1847110419449,
            28.049575236754233,
            29.744415073823525,
            49.633328191614766,
            33.61129561457354,
            34.03924599774943
        ],
        "power_bs1": [
            31.443782013474415,
            30.443782013474415,
            27.443782013474415,
            28.44378201347442,
            31.443782013474415,
            34.44378201347441,
            37.44378201347442,
            40.44378201347442,
            39.44378201347441,
            36.44378201347442,
            39.44378201347441,
            38.44378201347441,
            39.44378201347441,
            36.44378201347442,
            35.44378201347441,
            32.44378201347441,
            33.44378201347441,
            32.44378201347441,
            33.44378201347441,
            32.44378201347441
        ],
        "power_bs2": [
            32.523237289946735,
            29.523237289946728,
            30.523237289946728,
            27.523237289946728,
            24.523237289946728,
            27.523237289946728,
            26.523237289946728,
            29.523237289946728,
            26.523237289946728,
            25.523237289946724,
            28.523237289946728,
            27.523237289946728,
            24.523237289946724,
            21.523237289946728,
            20.523237289946724,
            19.523237289946724,
            22.523237289946728,
            23.523237289946728,
            26.523237289946728,
            25.523237289946724
        ]
    }
}