{
    "episode": 1319,
    "seed": 1319,
    "metrics": {
        "sinr_ue1": [
            11.431945750679978,
            25.800944494356276,
            28.84147208411203,
            11.370401844714603,
            20.504261422517445,
            18.293832290168694,
            5.4371885431915015,
            9.392583844198283,
            7.383299739415719,
            5.399994033171423,
            7.392980832243162,
            5.372540338080608,
            23.924961995153925,
            24.14219697645306,
            20.965243167327845,
            24.33116512048352,
            7.389545054573641,
            25.08241187837188,
            24.16462336506501,
            15.17468252671447
        ],
        "sinr_ue2": [
            24.178905580423837,
            19.725173664482917,
            13.876396699607351,
            23.165821896237702,
            25.952114562061965,
            28.642265439482422,
            29.6120659584974,
            27.83171952439703,
            34.18540198191378,
            34.476944562124224,
            36.50425699531224,
            32.967827771163726,
            14.55008999002574,
            16.599832068364286,
            14.56409321900681,
            16.50483464745679,
            27.93629650142533,
            16.53953890426041,
            18.579589989728515,
            22.54598959123367
        ],
        "power_bs1": [
            37.03781099653241,
            38.037810996532414,
            37.03781099653241,
            34.037810996532414,
            33.037810996532414,
            34.037810996532414,
            31.037810996532407,
            34.037810996532414,
            33.037810996532414,
            30.037810996532407,
            33.037810996532414,
            32.03781099653241,
            33.037810996532414,
            34.037810996532414,
            35.03781099653241,
            32.03781099653241,
            31.037810996532407,
            32.03781099653241,
            33.037810996532414,
            30.037810996532414
        ],
        "power_bs2": [
            36.63399895838395,
            33.633998958383955,
            30.63399895838395,
            33.63399895838395,
            36.63399895838395,
            35.63399895838395,
            36.63399895838395,
            35.63399895838395,
            36.63399895838395,
            35.63399895838395,
            36.63399895838395,
            37.633998958383955,
            36.63399895838395,
            39.633998958383955,
            38.633998958383955,
            37.633998958383955,
            34.633998958383955,
            37.633998958383955,
            40.63399895838395,
            41.633998958383955
        ]
    }
}