{
    "episode": 4853,
    "seed": 4853,
    "metrics": {
        "sinr_ue1": [
            30.967699186512515,
            18.035458621124764,
            22.143576069037323,
            20.05306879628346,
            35.15139565119109,
            29.107254429643994,
            17.89943279880881,
            13.775182888453088,
            15.618651510708547,
            27.136319323175652,
            25.219801274750445,
            27.536929318686724,
            7.785414383005682,
            25.072449555371755,
            6.079146797571879,
            19.32912332553657,
            12.122745922953486,
            28.333060167638976,
            7.953724311111019,
            25.710301049604713
        ],
        "sinr_ue2": [
            14.467866938825011,
            30.667059112027275,
            30.599089780799645,
            26.38987165198097,
            10.492630176348516,
            32.428258183620784,
            25.527482771046365,
            33.59601893473463,
            33.667202877056525,
            20.37702611704546,
            24.237778152151385,
            22.227766098683126,
            36.516338483986154,
            18.005819442690374,
            41.49708927858485,
            21.862899431606067,
            28.897339047921477,
            24.448467730195556,
            36.63516396189591,
            25.85820228668281
        ],
        "power_bs1": [
            40.98828364547978,
            41.98828364547978,
            42.98828364547979,
            39.98828364547978,
            36.98828364547978,
            37.98828364547978,
            40.98828364547978,
            39.98828364547978,
            40.98828364547978,
            37.98828364547978,
            34.98828364547978,
            35.98828364547978,
            34.98828364547978,
            37.98828364547978,
            34.98828364547978,
            37.98828364547978,
            38.98828364547978,
            37.98828364547978,
            34.98828364547978,
            31.988283645479783
        ],
        "power_bs2": [
            39.882394416748824,
            38.882394416748824,
            35.882394416748824,
            34.882394416748824,
            31.882394416748824,
            34.882394416748824,
            37.882394416748824,
            40.882394416748824,
            39.882394416748824,
            42.882394416748824,
            43.882394416748824,
            42.882394416748824,
            41.88239441674882,
            40.882394416748824,
            43.882394416748824,
            44.882394416748824,
            41.88239441674882,
            44.88239441674882,
            41.88239441674882,
            42.882394416748824
        ]
    }
}