{
    "episode": 462,
    "seed": 462,
    "metrics": {
        "sinr_ue1": [
            31.502215002658897,
            41.321771499551275,
            29.32254308193793,
            33.70699627362916,
            17.299326048139502,
            13.268634953117612,
            15.21590314834758,
            13.284261182809091,
            0.3868850851556245,
            9.28566590190532,
            28.63051451525073,
            9.35823700167954,
            15.354463705481574,
            15.347381299733406,
            33.31769408096057,
            21.960275970390015,
            29.530720926364964,
            32.11502065283159,
            15.464857813578698,
            27.072588294239708
        ],
        "sinr_ue2": [
            18.362656664654974,
            12.437891663617131,
            23.898897605236662,
            20.416925613003695,
            29.835761071770257,
            41.39141373195145,
            42.32304216352961,
            33.482035144574176,
            46.91187396542031,
            28.26479239549803,
            28.14490337064441,
            46.7847380263609,
            39.994193626379996,
            35.84346241839415,
            22.09562661052404,
            23.972212671865613,
            23.90179218764123,
            19.925620882645138,
            41.897438956486255,
            27.75503813100753
        ],
        "power_bs1": [
            41.69278457480081,
            44.69278457480081,
            41.69278457480081,
            38.69278457480081,
            35.69278457480081,
            32.69278457480081,
            33.69278457480081,
            32.69278457480081,
            31.692784574800807,
            34.69278457480081,
            31.692784574800807,
            30.692784574800807,
            33.69278457480081,
            30.692784574800807,
            33.69278457480081,
            30.692784574800807,
            29.69278457480081,
            32.69278457480081,
            29.692784574800804,
            26.692784574800807
        ],
        "power_bs2": [
            40.07429174941024,
            37.07429174941024,
            38.07429174941024,
            39.07429174941024,
            36.07429174941024,
            37.07429174941024,
            36.07429174941024,
            37.07429174941024,
            40.07429174941024,
            43.07429174941024,
            40.07429174941024,
            39.07429174941024,
            36.07429174941024,
            33.07429174941024,
            36.07429174941024,
            35.07429174941024,
            34.07429174941024,
            33.07429174941024,
            32.07429174941024,
            35.07429174941024
        ]
    }
}