{
    "episode": 3735,
    "seed": 3735,
    "metrics": {
        "sinr_ue1": [
            12.726557384093166,
            10.71594857836202,
            12.667979029270604,
            25.195599218300462,
            12.670144367828037,
            6.689458158971608,
            8.667080628427,
            10.625574224498905,
            8.702135929898018,
            21.129780931098644,
            27.04915615671871,
            10.632074097841876,
            30.300607770283623,
            27.269506155782956,
            10.679654227058869,
            23.01166579427786,
            25.6594795200234,
            40.23865658266709,
            33.60857660466084,
            25.535627001337133
        ],
        "sinr_ue2": [
            23.60192708830661,
            24.34447437790789,
            19.023199134810163,
            9.38621494319921,
            7.591431030397079,
            32.10711633579474,
            24.57616784554424,
            23.489595238487794,
            27.463875731539883,
            13.160129674491499,
            7.318308959856811,
            21.012897829475385,
            9.606663776966133,
            16.682718031462272,
            27.15609100910833,
            9.704058073131312,
            22.469066553226078,
            -0.19138627055150176,
            3.8878235076313246,
            23.096442786865993
        ],
        "power_bs1": [
            37.00967512305538,
            36.00967512305538,
            35.00967512305539,
            36.00967512305538,
            35.00967512305539,
            32.00967512305538,
            33.00967512305539,
            32.00967512305538,
            33.00967512305539,
            32.00967512305538,
            35.00967512305539,
            32.00967512305538,
            33.00967512305539,
            36.00967512305538,
            33.00967512305539,
            34.00967512305539,
            37.00967512305538,
            40.00967512305539,
            37.00967512305538,
            38.00967512305539
        ],
        "power_bs2": [
            36.7405706174104,
            37.7405706174104,
            34.7405706174104,
            37.7405706174104,
            34.7405706174104,
            37.7405706174104,
            36.7405706174104,
            33.7405706174104,
            36.7405706174104,
            37.7405706174104,
            34.7405706174104,
            33.7405706174104,
            34.7405706174104,
            33.7405706174104,
            34.7405706174104,
            35.7405706174104,
            34.7405706174104,
            31.7405706174104,
            32.7405706174104,
            33.7405706174104
        ]
    }
}