{
    "episode": 2536,
    "seed": 2536,
    "metrics": {
        "sinr_ue1": [
            3.531356118248541,
            13.494162772783225,
            1.4539578615522364,
            18.035285025309772,
            5.414034861989264,
            3.501834959386669,
            24.55250518001876,
            5.514398524465323,
            21.881650689665438,
            15.034606577516463,
            3.473089291146499,
            23.36446137628898,
            22.815198054397015,
            26.44091311366821,
            7.420975848830871,
            7.378690819194905,
            7.399400674842827,
            22.90036958067549,
            13.37720040126354,
            32.46361595192631
        ],
        "sinr_ue2": [
            28.518520109451057,
            21.43816863593632,
            35.18859501608701,
            19.563776453579834,
            30.477602440591888,
            36.74926061209745,
            11.622997128973424,
            27.535215740389884,
            17.653953782742715,
            17.61905258064081,
            40.05321492089053,
            15.665598021400521,
            15.691579892444254,
            13.742771684105657,
            33.11346445958105,
            28.619695939957683,
            35.01283273184276,
            7.6510204659877745,
            16.88134639236856,
            7.562502183933448
        ],
        "power_bs1": [
            36.86531437474212,
            33.86531437474212,
            36.86531437474212,
            37.86531437474211,
            38.86531437474212,
            37.86531437474211,
            40.86531437474211,
            39.86531437474212,
            36.86531437474212,
            35.86531437474212,
            38.86531437474212,
            41.86531437474212,
            42.86531437474211,
            41.86531437474212,
            42.86531437474211,
            41.86531437474212,
            38.86531437474212,
            41.86531437474212,
            38.86531437474212,
            35.86531437474211
        ],
        "power_bs2": [
            39.993354977887094,
            40.993354977887094,
            41.993354977887094,
            42.9933549778871,
            39.993354977887094,
            40.993354977887094,
            37.9933549778871,
            40.993354977887094,
            39.993354977887094,
            38.993354977887094,
            41.993354977887094,
            42.9933549778871,
            43.993354977887094,
            40.993354977887094,
            41.993354977887094,
            40.993354977887094,
            37.9933549778871,
            34.993354977887094,
            31.993354977887098,
            28.993354977887094
        ]
    }
}