{
    "episode": 779,
    "seed": 779,
    "metrics": {
        "sinr_ue1": [
            24.469145664347298,
            10.531752930570468,
            32.87862454826501,
            14.455933067887665,
            29.42273043878467,
            32.37698413734403,
            22.155528202141536,
            29.72263729765963,
            16.429751349512188,
            32.69868638113866,
            35.63098973326493,
            33.776843699963884,
            30.14734173034362,
            20.19174758347262,
            14.218719330228101,
            33.40381739774741,
            18.16924259180158,
            12.256219147728029,
            14.249111948653475,
            25.599775174098497
        ],
        "sinr_ue2": [
            13.19974994695744,
            31.907729196296515,
            15.24640467462948,
            20.23626150777588,
            11.272082897574236,
            9.311798496571232,
            11.3544159540089,
            15.337186853332588,
            18.036344886035266,
            5.452139007017336,
            5.399323539765568,
            9.412748507123592,
            22.655128280488,
            20.877447007566452,
            25.228515580989818,
            5.876038526390569,
            24.21805053731002,
            30.718014715346726,
            30.489301030960082,
            17.39393213838092
        ],
        "power_bs1": [
            39.001347325120136,
            36.00134732512013,
            33.00134732512013,
            36.00134732512013,
            35.00134732512013,
            38.00134732512013,
            37.00134732512013,
            34.00134732512013,
            37.00134732512013,
            40.00134732512013,
            37.00134732512013,
            36.00134732512013,
            39.00134732512013,
            36.00134732512012,
            33.00134732512013,
            34.00134732512013,
            37.00134732512013,
            34.00134732512013,
            37.00134732512013,
            34.00134732512013
        ],
        "power_bs2": [
            40.55853367490983,
            39.55853367490983,
            36.55853367490983,
            35.55853367490983,
            34.55853367490983,
            35.55853367490983,
            36.55853367490983,
            37.55853367490984,
            34.55853367490983,
            33.55853367490983,
            30.55853367490983,
            33.55853367490983,
            32.55853367490983,
            29.55853367490983,
            32.55853367490983,
            31.55853367490983,
            32.55853367490983,
            35.55853367490983,
            36.55853367490983,
            39.55853367490983
        ]
    }
}