{
    "episode": 37,
    "seed": 37,
    "metrics": {
        "sinr_ue1": [
            21.395322712631053,
            22.411206161715885,
            3.9732315768181503,
            10.470926699676431,
            13.802944293170508,
            9.904908168208719,
            25.168471385743054,
            21.33013968076106,
            4.006976674768944,
            3.9020412733404486,
            7.965037371679744,
            7.966529978843083,
            5.898727022979397,
            12.16675665421259,
            25.818616868038752,
            19.17122048273812,
            1.9388554170135321,
            5.834478774160888,
            5.927955275379041,
            7.488109184790836
        ],
        "sinr_ue2": [
            4.984408435320508,
            17.006382104523418,
            19.219803885258557,
            -1.1308608073024446,
            11.788497428943804,
            17.090302200906663,
            2.786077872855321,
            6.853354518823014,
            24.13646922776676,
            8.951997265005255,
            18.896937566465237,
            21.292319712251107,
            9.48355215991931,
            9.0498078798273,
            3.0468767913340193,
            2.970468032886849,
            18.809939396776524,
            21.147278289395665,
            17.125999761605456,
            20.77727232515563
        ],
        "power_bs1": [
            33.08215120543117,
            34.08215120543117,
            37.08215120543117,
            40.08215120543117,
            41.08215120543116,
            40.08215120543117,
            37.08215120543117,
            34.08215120543117,
            33.08215120543117,
            30.082151205431167,
            33.08215120543117,
            32.08215120543117,
            29.082151205431167,
            26.082151205431163,
            29.08215120543116,
            28.082151205431167,
            27.082151205431163,
            28.082151205431167,
            27.082151205431163,
            24.08215120543116
        ],
        "power_bs2": [
            35.99384672392462,
            36.99384672392461,
            39.99384672392462,
            36.99384672392461,
            33.99384672392462,
            36.99384672392461,
            37.99384672392462,
            38.99384672392462,
            35.99384672392461,
            32.99384672392462,
            31.993846723924616,
            30.993846723924612,
            29.993846723924612,
            32.99384672392462,
            29.993846723924612,
            28.993846723924612,
            31.993846723924616,
            28.993846723924612,
            27.993846723924616,
            24.993846723924612
        ]
    }
}