{
    "episode": 4500,
    "seed": 4500,
    "metrics": {
        "sinr_ue1": [
            21.112540070653733,
            25.1938919342004,
            6.634892324903111,
            10.622845087658943,
            12.567129946287166,
            8.539575125575507,
            22.475517365386928,
            8.512500542833292,
            11.286662502739802,
            22.077678065105914,
            24.275947264214395,
            18.550198917121396,
            25.280131448782427,
            6.575144055995116,
            10.583018776691063,
            6.621088903001806,
            18.450459677767622,
            8.592918583434695,
            12.510414429831105,
            26.236927687210216
        ],
        "sinr_ue2": [
            36.1059706457154,
            19.478525249134307,
            19.56508738511963,
            32.05340867640934,
            30.27689541697033,
            34.388196388032654,
            21.578888336677856,
            32.602010967365615,
            21.410138164267508,
            17.33685460813923,
            17.460013943189217,
            21.38486929641868,
            21.48735011087359,
            19.410749704296848,
            25.20296518552027,
            39.23144439188923,
            17.467450301565822,
            35.660724041324336,
            31.022430662718232,
            34.58155855766633
        ],
        "power_bs1": [
            30.55055602267528,
            29.55055602267528,
            32.55055602267528,
            33.55055602267528,
            32.55055602267528,
            29.55055602267528,
            28.55055602267528,
            31.55055602267528,
            30.55055602267528,
            31.55055602267528,
            32.55055602267528,
            31.55055602267528,
            28.55055602267528,
            31.55055602267528,
            34.55055602267528,
            33.55055602267528,
            32.55055602267528,
            31.55055602267528,
            32.55055602267528,
            29.55055602267528
        ],
        "power_bs2": [
            36.21046908627869,
            35.21046908627869,
            38.21046908627869,
            35.21046908627869,
            32.21046908627869,
            33.21046908627869,
            36.21046908627869,
            35.21046908627869,
            38.21046908627869,
            35.21046908627869,
            36.21046908627869,
            39.21046908627869,
            36.21046908627869,
            37.21046908627869,
            36.21046908627869,
            39.21046908627869,
            36.21046908627869,
            35.21046908627869,
            32.210469086278685,
            33.21046908627869
        ]
    }
}