{
    "episode": 2308,
    "seed": 2308,
    "metrics": {
        "sinr_ue1": [
            30.063286770434672,
            30.977594555894825,
            34.567505198273885,
            12.79921552759201,
            16.847277915857042,
            18.90708057665297,
            20.873321285550443,
            36.94985252112572,
            38.23130291667687,
            30.157888130296712,
            12.890537959458815,
            18.88225280050839,
            35.6454557955836,
            35.00778002615375,
            29.285978844051847,
            18.8254836591514,
            37.130907900198714,
            37.77225805863144,
            16.899214704214337,
            20.625226367954667
        ],
        "sinr_ue2": [
            30.05615129047336,
            12.016249584024672,
            23.004522487084458,
            32.09378860268004,
            30.41618409140127,
            27.362770123619118,
            20.615112097252414,
            8.007005581109388,
            9.973892342884227,
            15.930390770637716,
            32.43171701880832,
            17.89199072609541,
            13.872963125079089,
            11.883408649377838,
            13.904449874824321,
            27.252115501595597,
            9.987299257967797,
            10.020757669975147,
            31.28297722134505,
            32.32815405221903
        ],
        "power_bs1": [
            37.87281268831685,
            38.87281268831685,
            39.872812688316856,
            36.87281268831685,
            37.87281268831685,
            40.87281268831685,
            43.87281268831685,
            44.872812688316856,
            43.87281268831685,
            40.87281268831685,
            37.87281268831685,
            36.87281268831685,
            37.87281268831685,
            36.87281268831685,
            35.87281268831685,
            38.87281268831685,
            39.872812688316856,
            42.87281268831685,
            39.87281268831685,
            36.87281268831685
        ],
        "power_bs2": [
            37.65655887848456,
            36.65655887848456,
            39.65655887848455,
            40.65655887848456,
            37.65655887848456,
            38.65655887848455,
            39.65655887848455,
            38.65655887848455,
            39.65655887848455,
            42.65655887848456,
            41.65655887848455,
            40.65655887848456,
            37.65655887848456,
            34.65655887848455,
            35.65655887848456,
            36.65655887848456,
            35.65655887848456,
            38.65655887848455,
            39.65655887848455,
            36.65655887848456
        ]
    }
}