{
    "episode": 4065,
    "seed": 4065,
    "metrics": {
        "sinr_ue1": [
            29.43810326582989,
            24.411533868786147,
            17.30162445431403,
            13.35315980529443,
            26.887537601065862,
            16.18494527779092,
            11.531540558154795,
            24.49030709618277,
            30.359158970176807,
            29.655511716316788,
            25.0237230361204,
            13.608917476990367,
            26.549602376791515,
            30.646000714264584,
            25.495529222664686,
            45.495125381963426,
            33.89515756082475,
            15.595439213262265,
            24.00714619256428,
            11.639662435148841
        ],
        "sinr_ue2": [
            4.01542582137287,
            5.957302197994995,
            13.643620885697608,
            18.143937862933498,
            11.953091764214939,
            7.957217970696551,
            26.544642494277856,
            13.85359532134448,
            15.904235862349687,
            29.188358388181598,
            13.847217461294095,
            27.66353270967839,
            3.8537730295654384,
            1.8576658054361839,
            18.28300812269337,
            -2.16612440034985,
            3.8331832079945682,
            25.01536540073562,
            13.73501183531105,
            26.561641144355303
        ],
        "power_bs1": [
            42.486285082357334,
            39.486285082357334,
            36.48628508235733,
            35.48628508235733,
            32.486285082357334,
            33.486285082357334,
            32.486285082357334,
            31.48628508235733,
            32.486285082357334,
            33.486285082357334,
            30.48628508235733,
            33.486285082357334,
            36.48628508235733,
            37.486285082357334,
            40.486285082357334,
            37.486285082357334,
            34.48628508235733,
            31.48628508235733,
            28.486285082357327,
            27.48628508235733
        ],
        "power_bs2": [
            33.121566757339764,
            32.121566757339764,
            29.121566757339764,
            32.121566757339764,
            31.12156675733976,
            28.121566757339764,
            31.12156675733976,
            32.121566757339764,
            35.121566757339764,
            32.121566757339764,
            31.12156675733976,
            30.121566757339764,
            27.12156675733976,
            26.12156675733976,
            25.12156675733976,
            22.12156675733976,
            25.12156675733976,
            26.12156675733976,
            29.121566757339757,
            26.12156675733976
        ]
    }
}