{
    "episode": 2499,
    "seed": 2499,
    "metrics": {
        "sinr_ue1": [
            17.590868431217594,
            10.280766764297823,
            18.30345781481666,
            11.597245663861937,
            23.829260429319014,
            6.277718286358454,
            24.5007673294357,
            23.941208032651105,
            22.691021095764544,
            4.027541258677687,
            -0.08036939673427257,
            17.33752443931422,
            5.943260129034437,
            6.051432227207179,
            5.972600619817026,
            24.18747131681907,
            21.191524830549724,
            23.43099564758177,
            3.9042193955889415,
            17.353039927988732
        ],
        "sinr_ue2": [
            16.12718601330067,
            25.991407832083787,
            16.200366312263696,
            16.222541160217,
            16.22761552282415,
            34.3854128002752,
            16.281951090347818,
            16.245162902299867,
            18.232696240189348,
            35.257572004621,
            34.27026827859337,
            16.91225142191209,
            33.60836908288504,
            34.22972210508162,
            33.88311944915744,
            30.883189947751937,
            14.22318387741415,
            14.21282847287588,
            35.643269145798556,
            27.589074866356302
        ],
        "power_bs1": [
            38.13190886197527,
            41.13190886197526,
            38.13190886197526,
            41.13190886197526,
            40.13190886197527,
            39.13190886197527,
            40.13190886197527,
            41.13190886197526,
            42.13190886197527,
            39.13190886197527,
            38.13190886197526,
            37.13190886197527,
            38.13190886197526,
            35.13190886197527,
            38.13190886197526,
            35.13190886197527,
            34.13190886197527,
            33.13190886197526,
            30.13190886197527,
            31.13190886197527
        ],
        "power_bs2": [
            38.61584313338027,
            37.61584313338026,
            38.61584313338027,
            41.61584313338026,
            40.61584313338027,
            39.61584313338027,
            40.61584313338027,
            41.61584313338026,
            44.61584313338026,
            41.61584313338026,
            44.61584313338026,
            41.61584313338026,
            38.61584313338027,
            35.61584313338026,
            38.61584313338026,
            35.61584313338026,
            32.61584313338026,
            31.61584313338026,
            32.61584313338026,
            35.61584313338026
        ]
    }
}