{
    "episode": 1658,
    "seed": 1658,
    "metrics": {
        "sinr_ue1": [
            27.35386622804218,
            25.89328571191178,
            15.462192053967243,
            17.50176728242591,
            38.31974159456352,
            33.91938613347432,
            41.17332943736464,
            27.225889243516242,
            25.259320926001006,
            29.136091729173398,
            43.56283240416326,
            50.78854799176611,
            28.74073137588599,
            24.827893560737913,
            28.705970666011538,
            26.569922024187665,
            28.78283848388031,
            39.09850560437105,
            33.20792435878132,
            49.79167902111194
        ],
        "sinr_ue2": [
            26.944924987152625,
            38.87510488831263,
            38.3432751384199,
            35.195223671680225,
            31.560916372673123,
            25.390877710374454,
            10.806897767574068,
            29.306517418874527,
            27.967444556479144,
            18.14859672513656,
            8.846559579754414,
            6.754053492050573,
            9.297669674516817,
            27.207682072914224,
            23.699152935312323,
            27.54192516284199,
            22.87439091517506,
            4.881904498450902,
            11.983576107190771,
            2.8791605585548776
        ],
        "power_bs1": [
            34.8204644460245,
            35.8204644460245,
            38.8204644460245,
            39.8204644460245,
            40.8204644460245,
            39.8204644460245,
            40.8204644460245,
            43.8204644460245,
            42.8204644460245,
            43.8204644460245,
            40.8204644460245,
            41.820464446024495,
            38.8204644460245,
            35.8204644460245,
            38.8204644460245,
            35.8204644460245,
            38.8204644460245,
            37.820464446024495,
            38.8204644460245,
            37.820464446024495
        ],
        "power_bs2": [
            38.765848689058885,
            35.765848689058885,
            36.765848689058885,
            35.765848689058885,
            32.765848689058885,
            31.765848689058885,
            28.765848689058885,
            29.765848689058885,
            30.765848689058885,
            27.765848689058885,
            26.76584868905888,
            25.765848689058885,
            22.765848689058885,
            23.765848689058885,
            22.765848689058885,
            21.76584868905888,
            22.765848689058885,
            19.765848689058885,
            16.76584868905888,
            17.765848689058885
        ]
    }
}