{
    "episode": 3687,
    "seed": 3687,
    "metrics": {
        "sinr_ue1": [
            42.33225300042619,
            36.32821241705725,
            38.84546804958251,
            16.079222690700576,
            18.041833451016917,
            37.602042048943936,
            39.77132877499815,
            37.472632475174336,
            38.53513874522846,
            22.12167771206174,
            20.217117129038474,
            30.54971983404497,
            20.209463363438434,
            14.317764395371238,
            33.808832081256355,
            18.21596890694522,
            29.330234396058362,
            12.231763130142546,
            14.337929264206682,
            20.193734622368492
        ],
        "sinr_ue2": [
            11.816091524483422,
            15.84178202820393,
            8.756193304238643,
            38.04646146159791,
            27.13102757252264,
            13.726209099775355,
            11.764835976372407,
            29.789321947535342,
            15.756954113969519,
            33.12273439184459,
            35.43202990754159,
            17.65910883775661,
            34.93179672276472,
            47.12188909273501,
            19.632404822698575,
            26.65181871406019,
            23.55213708794303,
            43.434743108609965,
            35.91516503076364,
            21.24280432128698
        ],
        "power_bs1": [
            41.319910061947354,
            38.319910061947354,
            35.319910061947354,
            32.319910061947354,
            33.319910061947354,
            36.319910061947354,
            37.319910061947354,
            36.319910061947354,
            39.31991006194735,
            38.31991006194735,
            39.31991006194735,
            36.319910061947354,
            35.319910061947354,
            32.319910061947354,
            35.319910061947354,
            32.31991006194735,
            31.319910061947347,
            28.319910061947347,
            31.319910061947347,
            34.31991006194735
        ],
        "power_bs2": [
            40.383978087743905,
            41.3839780877439,
            40.383978087743905,
            41.3839780877439,
            40.383978087743905,
            37.383978087743905,
            36.3839780877439,
            39.383978087743905,
            42.383978087743905,
            41.3839780877439,
            44.3839780877439,
            41.3839780877439,
            40.383978087743905,
            43.3839780877439,
            42.383978087743905,
            39.383978087743905,
            42.383978087743905,
            41.3839780877439,
            42.383978087743905,
            39.3839780877439
        ]
    }
}