{
    "episode": 3946,
    "seed": 3946,
    "metrics": {
        "sinr_ue1": [
            13.341264994609956,
            30.155355802070666,
            35.65515450803385,
            19.210935471821074,
            30.35939741144173,
            15.269068458294369,
            33.86216981511251,
            19.17013104433338,
            23.130347260823093,
            41.50333359344971,
            34.97711703144813,
            24.069575845779344,
            21.14989601490944,
            33.227216315366455,
            31.618681101339682,
            7.197619684664938,
            26.99174304556102,
            5.232178374675782,
            23.71350944420925,
            3.2652337577107957
        ],
        "sinr_ue2": [
            22.467330289875388,
            27.42854776114392,
            5.325365605565201,
            26.058630893411348,
            23.802723847692214,
            19.9813445197655,
            5.161581661855793,
            19.01252182311034,
            15.028347347075465,
            -0.7706972878096507,
            -0.8222678746234956,
            3.0434937689337973,
            19.29519986984388,
            7.017125340557538,
            12.89356918128516,
            32.36963364508001,
            16.984943720616716,
            36.76048311939057,
            18.79041780032397,
            40.341181748857466
        ],
        "power_bs1": [
            37.4149858025057,
            36.4149858025057,
            39.4149858025057,
            36.41498580250569,
            33.4149858025057,
            36.41498580250569,
            39.4149858025057,
            38.4149858025057,
            41.4149858025057,
            40.41498580250569,
            43.41498580250569,
            40.41498580250569,
            41.4149858025057,
            40.41498580250569,
            37.4149858025057,
            34.4149858025057,
            35.4149858025057,
            32.4149858025057,
            33.4149858025057,
            30.414985802505697
        ],
        "power_bs2": [
            37.707763741669396,
            36.707763741669396,
            33.707763741669396,
            30.707763741669392,
            33.707763741669396,
            34.707763741669396,
            33.707763741669396,
            32.707763741669396,
            31.707763741669392,
            28.707763741669396,
            31.707763741669392,
            32.707763741669396,
            33.707763741669396,
            36.707763741669396,
            39.70776374166939,
            40.707763741669396,
            41.707763741669396,
            40.707763741669396,
            41.707763741669396,
            40.707763741669396
        ]
    }
}