{
    "episode": 3019,
    "seed": 3019,
    "metrics": {
        "sinr_ue1": [
            7.952309540393038,
            21.413501561806516,
            17.273163950968392,
            1.960288624863862,
            25.21061396148038,
            25.62139672023514,
            24.405465613899892,
            16.40288730473029,
            25.355555221828983,
            28.58890769763071,
            21.295305257729392,
            13.952617997459896,
            31.17707189680518,
            20.43402192419623,
            28.35708588905813,
            29.572570040483583,
            30.48378382181951,
            11.824795265138617,
            18.64768428953696,
            7.914197836172044
        ],
        "sinr_ue2": [
            35.98156516738949,
            20.84044293148207,
            22.73075599027116,
            39.925272458482105,
            18.739014108360724,
            18.801005139734418,
            26.522165046967277,
            41.41249976675536,
            18.89500300783762,
            18.879870388185378,
            18.896541191007415,
            30.668216782169488,
            16.89654217538045,
            33.41572881939208,
            15.00339704246322,
            15.038590482253493,
            28.68103486265465,
            35.19762882986146,
            20.97342984813576,
            33.02100616941771
        ],
        "power_bs1": [
            34.37905526920906,
            33.379055269209054,
            30.379055269209058,
            27.379055269209054,
            30.379055269209058,
            31.379055269209054,
            34.37905526920906,
            33.379055269209054,
            36.379055269209054,
            37.379055269209054,
            36.379055269209054,
            39.37905526920906,
            36.379055269209054,
            39.379055269209054,
            42.379055269209054,
            41.37905526920906,
            42.379055269209054,
            39.379055269209054,
            36.379055269209054,
            35.379055269209054
        ],
        "power_bs2": [
            38.03547656614946,
            39.03547656614946,
            38.03547656614946,
            37.03547656614946,
            34.03547656614946,
            35.03547656614947,
            38.03547656614946,
            41.03547656614946,
            40.03547656614947,
            41.03547656614946,
            40.03547656614947,
            37.03547656614946,
            38.03547656614946,
            39.03547656614946,
            42.035476566149455,
            41.03547656614946,
            40.03547656614947,
            39.03547656614946,
            42.035476566149455,
            39.03547656614946
        ]
    }
}