{
    "episode": 1766,
    "seed": 1766,
    "metrics": {
        "sinr_ue1": [
            18.49467136198311,
            28.098777229134043,
            41.758500235256044,
            29.1276059089003,
            16.42238437577469,
            18.26966149303371,
            12.526808164688795,
            16.331963101115075,
            21.8944879756162,
            22.08825808913455,
            20.206906508282408,
            43.2329166857449,
            19.863201040790507,
            20.19355130983511,
            38.73316209735244,
            21.982117306190307,
            20.343900695039878,
            28.16721426344266,
            20.058748081859413,
            47.47035609289781
        ],
        "sinr_ue2": [
            49.25089984523373,
            26.20742158901331,
            22.399113380648,
            44.7625805094549,
            42.09623921731334,
            36.7292484796827,
            50.70289198573607,
            43.93849091341373,
            36.399430672240236,
            38.34786750695847,
            43.33441702555519,
            20.659471066672722,
            42.31867852856133,
            24.792230405049768,
            24.741774881936223,
            29.102773044683936,
            32.31913566718096,
            26.401002430705876,
            42.62711694547146,
            18.046168149969127
        ],
        "power_bs1": [
            32.73697723295867,
            33.73697723295868,
            34.73697723295867,
            31.736977232958672,
            28.736977232958676,
            27.736977232958676,
            24.736977232958672,
            25.736977232958672,
            28.736977232958676,
            29.736977232958672,
            28.736977232958676,
            29.736977232958672,
            26.736977232958672,
            29.736977232958672,
            30.736977232958672,
            29.736977232958672,
            30.736977232958672,
            29.736977232958672,
            28.736977232958672,
            31.736977232958672
        ],
        "power_bs2": [
            35.32345721268455,
            32.32345721268456,
            29.32345721268456,
            28.32345721268456,
            29.32345721268456,
            26.323457212684556,
            29.323457212684552,
            26.323457212684556,
            23.32345721268456,
            24.32345721268456,
            25.323457212684556,
            22.323457212684556,
            23.32345721268456,
            26.323457212684556,
            27.323457212684556,
            24.32345721268456,
            27.323457212684556,
            28.32345721268456,
            25.323457212684556,
            22.323457212684556
        ]
    }
}