{
    "episode": 930,
    "seed": 930,
    "metrics": {
        "sinr_ue1": [
            24.318836548553055,
            29.73608147585036,
            24.97888918772403,
            24.83807965675393,
            18.451884777323375,
            16.248071512352364,
            26.954399046563733,
            24.78547784885102,
            16.984174208910993,
            7.804406406877869,
            26.961736917924096,
            3.8332792680705543,
            -0.11005065180233616,
            3.917744718671371,
            5.921397340719845,
            5.876811211530784,
            9.93113555008926,
            13.892149719674109,
            25.486419719351197,
            9.984491394168941
        ],
        "sinr_ue2": [
            4.967138282949858,
            0.9599211626334356,
            1.0102619700470552,
            3.0254668240007088,
            3.0271821384862543,
            24.32340602087131,
            3.0339825277008945,
            3.0476733541947985,
            20.22228804436988,
            17.608780233909354,
            6.647913754248503,
            28.970948376928938,
            30.998622452821955,
            25.806816785613545,
            17.702991725091465,
            5.040143099997051,
            13.400724210686972,
            12.040608588749551,
            0.910128499677762,
            8.886571512485338
        ],
        "power_bs1": [
            33.53350412319256,
            34.53350412319256,
            33.53350412319256,
            32.53350412319256,
            31.533504123192557,
            30.533504123192557,
            31.533504123192557,
            28.533504123192557,
            29.53350412319256,
            28.533504123192557,
            29.53350412319256,
            28.533504123192557,
            25.533504123192557,
            26.533504123192557,
            29.53350412319256,
            32.53350412319256,
            35.53350412319256,
            38.53350412319256,
            35.53350412319256,
            34.53350412319256
        ],
        "power_bs2": [
            38.71357404679819,
            35.713574046798186,
            34.713574046798186,
            35.713574046798186,
            34.713574046798186,
            37.71357404679819,
            34.713574046798186,
            31.71357404679819,
            34.713574046798186,
            31.71357404679819,
            34.713574046798186,
            35.713574046798186,
            36.713574046798186,
            33.713574046798186,
            34.713574046798186,
            37.713574046798186,
            36.713574046798186,
            35.713574046798186,
            36.713574046798186,
            35.713574046798186
        ]
    }
}