{
    "episode": 3103,
    "seed": 3103,
    "metrics": {
        "sinr_ue1": [
            27.882394093309916,
            42.86454556473974,
            44.048972648624456,
            30.146620455139946,
            34.034892388831864,
            27.935175293354067,
            50.61655329397869,
            45.24974009557128,
            36.03716604415182,
            56.77099118590902,
            34.17303475175853,
            32.04283130176824,
            47.24667222496216,
            24.013272108180015,
            37.83744157276662,
            44.51599847371415,
            46.489253376439066,
            25.97825039426027,
            38.40188790651513,
            47.75221080671244
        ],
        "sinr_ue2": [
            17.205370398034162,
            4.285033948926592,
            -1.7373165819991323,
            14.172241146658532,
            9.63655796420587,
            18.229063299571216,
            -1.537904608925229,
            9.42388119017255,
            10.533142559626956,
            3.179444474960092,
            -1.438045854905274,
            12.197237309780322,
            12.52661156269121,
            12.132875798471787,
            4.291413746636598,
            0.29939560991681546,
            0.31825736644400193,
            22.492054498256987,
            2.3679639654323035,
            2.425050013070323
        ],
        "power_bs1": [
            42.132000754744794,
            39.132000754744794,
            42.132000754744794,
            39.132000754744794,
            42.132000754744794,
            39.132000754744794,
            40.132000754744794,
            43.132000754744794,
            42.132000754744794,
            43.132000754744794,
            42.132000754744794,
            39.132000754744794,
            40.132000754744794,
            37.132000754744794,
            34.132000754744794,
            35.132000754744794,
            38.132000754744794,
            37.132000754744794,
            40.132000754744794,
            39.132000754744794
        ],
        "power_bs2": [
            39.08974485442145,
            40.08974485442145,
            37.08974485442145,
            34.08974485442145,
            33.08974485442144,
            36.08974485442144,
            35.08974485442145,
            34.08974485442145,
            31.089744854421447,
            30.089744854421447,
            33.08974485442144,
            32.08974485442144,
            35.08974485442145,
            38.08974485442144,
            35.08974485442145,
            32.08974485442144,
            35.08974485442144,
            36.08974485442144,
            39.08974485442144,
            38.08974485442144
        ]
    }
}