{
    "episode": 2348,
    "seed": 2348,
    "metrics": {
        "sinr_ue1": [
            32.18115318909994,
            15.431409822461934,
            15.279094372892345,
            11.3035145790368,
            9.222490609063035,
            19.9863597891063,
            27.325814466385253,
            11.293981407684628,
            27.007076739428975,
            25.70133536751076,
            11.333578147615295,
            30.389063769532193,
            13.401018037317797,
            11.461639232102607,
            35.786242486835114,
            11.524350110754407,
            5.560941792769261,
            5.53361716156724,
            14.778387721246919,
            15.441245910844536
        ],
        "sinr_ue2": [
            5.572226851637363,
            20.219961097737386,
            23.643202704283567,
            14.676616203753062,
            32.23222625960637,
            24.56495191521988,
            9.653951164604397,
            28.48485451200487,
            7.520848615506334,
            13.585240594656376,
            27.27988390871099,
            9.600118395966208,
            27.105911989273398,
            29.8013903358147,
            15.553468572621245,
            27.375735685068516,
            37.09331769895897,
            34.22125882802009,
            13.676618685860117,
            27.037303340042772
        ],
        "power_bs1": [
            35.16070689335241,
            34.16070689335241,
            31.160706893352415,
            28.160706893352412,
            25.160706893352412,
            24.160706893352412,
            27.160706893352412,
            28.160706893352412,
            31.160706893352412,
            28.160706893352412,
            29.160706893352412,
            32.16070689335241,
            31.160706893352412,
            30.16070689335241,
            33.16070689335241,
            32.16070689335241,
            29.16070689335241,
            30.16070689335241,
            33.16070689335241,
            36.16070689335241
        ],
        "power_bs2": [
            31.66266012668011,
            32.66266012668011,
            29.66266012668011,
            30.66266012668011,
            29.66266012668011,
            30.66266012668011,
            27.66266012668011,
            30.66266012668011,
            29.66266012668011,
            32.66266012668011,
            31.66266012668011,
            32.66266012668011,
            31.66266012668011,
            32.66266012668011,
            31.66266012668011,
            34.66266012668011,
            37.66266012668011,
            38.66266012668011,
            37.66266012668011,
            34.66266012668011
        ]
    }
}