{
    "episode": 1837,
    "seed": 1837,
    "metrics": {
        "sinr_ue1": [
            26.634569180217113,
            20.806943756064978,
            24.93435240177476,
            41.96355593047454,
            28.932922979509197,
            41.16721001720872,
            22.878586410475563,
            39.75989563340396,
            18.94972636877286,
            40.33801374633902,
            39.309118399230854,
            39.4563054758718,
            32.98005084555307,
            16.83806619331145,
            24.14584666321463,
            23.122676054833747,
            29.3250739378212,
            40.918760393292516,
            38.640570884911604,
            31.378284424419522
        ],
        "sinr_ue2": [
            12.838608524802986,
            33.89530727024923,
            29.115503141517962,
            32.6272894689493,
            28.92301579290976,
            14.476465596373513,
            24.867315759738133,
            34.402368552417045,
            37.535484123252594,
            18.486843637849443,
            16.51502228062965,
            18.53374385780919,
            20.5788937644082,
            39.0624615090604,
            20.508322987836728,
            36.11206996284768,
            29.152640410416794,
            25.692955898698862,
            12.41606087880901,
            17.413121541182274
        ],
        "power_bs1": [
            37.21837768525659,
            34.21837768525659,
            35.21837768525659,
            38.21837768525659,
            39.21837768525659,
            36.21837768525659,
            33.21837768525659,
            32.21837768525659,
            31.218377685256588,
            34.218377685256584,
            37.21837768525659,
            36.21837768525659,
            37.21837768525659,
            34.218377685256584,
            33.21837768525659,
            36.21837768525659,
            39.21837768525659,
            36.21837768525659,
            35.218377685256584,
            36.21837768525659
        ],
        "power_bs2": [
            37.40038707928206,
            40.400387079282055,
            37.40038707928206,
            38.40038707928206,
            37.40038707928206,
            38.40038707928206,
            37.40038707928206,
            38.40038707928206,
            39.40038707928206,
            40.400387079282055,
            41.40038707928206,
            42.40038707928206,
            45.400387079282055,
            44.40038707928206,
            41.40038707928206,
            40.400387079282055,
            37.40038707928206,
            36.40038707928206,
            35.400387079282055,
            32.40038707928206
        ]
    }
}