{
    "episode": 555,
    "seed": 555,
    "metrics": {
        "sinr_ue1": [
            7.470333163651301,
            24.077747676097346,
            24.48892738373003,
            7.519331197127696,
            11.57240908511794,
            27.46420019016924,
            13.587208223282357,
            28.513686922777982,
            36.038121427671676,
            9.741730407266626,
            9.776443123016346,
            23.985765223192466,
            17.417356970399617,
            16.74062449521714,
            -0.22667563067292537,
            17.941741014162375,
            16.04183868502443,
            19.371423305449017,
            4.299260242594291,
            14.094907509096293
        ],
        "sinr_ue2": [
            19.310062729745752,
            24.919382836024397,
            3.4638783526600854,
            24.271098838897018,
            18.49413854601132,
            18.798866987705583,
            17.65211138196676,
            -0.29544650185740723,
            -2.349144437923785,
            20.095527156166362,
            15.540211157720522,
            3.491655150013372,
            7.54817689273494,
            13.567429054866547,
            32.17555722219965,
            15.55089736959361,
            13.495940275331824,
            9.474292853866,
            13.499929026323482,
            13.545588332379516
        ],
        "power_bs1": [
            41.4678261979308,
            40.467826197930805,
            41.4678261979308,
            40.467826197930805,
            43.467826197930805,
            44.467826197930805,
            45.467826197930805,
            42.467826197930805,
            43.467826197930805,
            40.467826197930805,
            37.467826197930805,
            38.467826197930805,
            37.467826197930805,
            34.467826197930805,
            31.467826197930805,
            28.4678261979308,
            27.467826197930805,
            30.467826197930805,
            27.467826197930805,
            28.4678261979308
        ],
        "power_bs2": [
            38.646138894383554,
            39.646138894383554,
            36.646138894383554,
            37.646138894383554,
            36.646138894383554,
            39.646138894383554,
            36.646138894383554,
            33.646138894383554,
            32.646138894383554,
            35.646138894383554,
            32.646138894383554,
            33.646138894383554,
            36.646138894383554,
            39.646138894383554,
            36.646138894383554,
            35.646138894383554,
            32.646138894383554,
            31.646138894383554,
            32.646138894383554,
            33.646138894383554
        ]
    }
}