{
    "episode": 3691,
    "seed": 3691,
    "metrics": {
        "sinr_ue1": [
            30.823932580241106,
            20.146135965346176,
            20.104113454442107,
            43.46368023486506,
            22.02806344036815,
            22.001890721075014,
            22.099670927245498,
            39.97475180694069,
            32.75065829383624,
            20.226555909339552,
            29.109368640701724,
            26.401715940488888,
            37.07391945926146,
            36.04251077808027,
            40.44238126054285,
            28.422333476149785,
            36.54302917296944,
            36.89316346218701,
            20.266381129636137,
            33.26236836043848
        ],
        "sinr_ue2": [
            28.58738934534092,
            40.00363229853085,
            26.815689470433917,
            24.648945695053964,
            39.195259787978706,
            40.323592403608814,
            24.43784084893627,
            36.14156887994824,
            28.485351580866208,
            40.75090881179926,
            30.46845053813986,
            32.35994333381666,
            30.253574229401693,
            46.52028559805061,
            26.176788832441225,
            50.06458577734716,
            31.945214839836886,
            28.130258164237794,
            46.92065612915562,
            26.39521970680289
        ],
        "power_bs1": [
            32.456014505392076,
            31.456014505392083,
            34.45601450539208,
            33.456014505392076,
            34.45601450539208,
            35.45601450539208,
            38.456014505392076,
            37.45601450539208,
            34.45601450539208,
            37.456014505392076,
            34.45601450539208,
            31.456014505392076,
            34.45601450539208,
            35.45601450539208,
            32.456014505392076,
            29.45601450539208,
            26.456014505392076,
            27.45601450539208,
            30.456014505392076,
            29.456014505392076
        ],
        "power_bs2": [
            34.80116958850268,
            31.80116958850268,
            34.80116958850268,
            31.80116958850268,
            32.80116958850268,
            33.80116958850268,
            36.80116958850268,
            33.80116958850268,
            36.80116958850268,
            37.80116958850268,
            38.80116958850268,
            37.80116958850268,
            38.80116958850268,
            35.80116958850268,
            32.80116958850268,
            35.80116958850268,
            32.80116958850268,
            29.80116958850268,
            30.80116958850268,
            29.80116958850268
        ]
    }
}