{
    "episode": 3145,
    "seed": 3145,
    "metrics": {
        "sinr_ue1": [
            44.2983845685493,
            30.200005694022373,
            50.305993431985705,
            50.18027078735982,
            51.07865212576927,
            36.906997716266055,
            27.901694164796183,
            24.078867329208286,
            46.39786712285346,
            28.363046363038332,
            20.380709435724683,
            16.47094445150291,
            18.4782721705388,
            18.413923823086897,
            18.475165848092836,
            30.943218304546548,
            16.459928487084817,
            29.8833972206713,
            40.95105839965508,
            18.272800348298418
        ],
        "sinr_ue2": [
            7.923591381763318,
            21.228087428004535,
            3.7637443346758435,
            1.6995550675828435,
            1.8037130949871705,
            7.8540606289326265,
            21.88550427815308,
            23.289789028052432,
            8.207329410172829,
            14.958797983872458,
            13.871042406248,
            37.06975494024747,
            33.19597184713273,
            32.74205908543535,
            32.13615103717962,
            13.925883712113807,
            36.04686041608374,
            18.12177494347484,
            33.32824864488067,
            28.605411083275463
        ],
        "power_bs1": [
            38.58344490681167,
            41.58344490681167,
            40.583444906811664,
            39.58344490681167,
            36.58344490681167,
            33.58344490681167,
            32.58344490681167,
            31.583444906811668,
            34.583444906811664,
            31.583444906811668,
            32.58344490681167,
            29.583444906811668,
            30.583444906811668,
            27.58344490681167,
            26.583444906811668,
            27.58344490681167,
            24.583444906811668,
            23.583444906811664,
            24.583444906811668,
            27.583444906811664
        ],
        "power_bs2": [
            32.54057474341316,
            31.54057474341316,
            30.54057474341316,
            27.540574743413156,
            24.540574743413156,
            27.540574743413156,
            24.540574743413156,
            27.540574743413156,
            28.540574743413156,
            29.540574743413156,
            32.54057474341315,
            33.54057474341316,
            32.54057474341316,
            29.540574743413156,
            28.540574743413156,
            27.540574743413156,
            28.540574743413156,
            27.540574743413156,
            26.540574743413153,
            29.540574743413156
        ]
    }
}