{
    "episode": 53,
    "seed": 53,
    "metrics": {
        "sinr_ue1": [
            30.695827582123254,
            16.433618479244846,
            32.47937060945182,
            16.4631037353034,
            10.490665945800382,
            26.525075050841043,
            10.493482744762604,
            25.440843068060012,
            20.070797040495197,
            29.32301764426282,
            27.10843451223752,
            28.921584954872756,
            22.18324096262325,
            8.55840259256453,
            26.853146900680017,
            8.597132643955964,
            12.558584365385723,
            29.641493097431248,
            26.64808045738264,
            6.644590505330948
        ],
        "sinr_ue2": [
            24.269439357985117,
            41.539486519405,
            23.964167784964626,
            26.08792059457575,
            49.93451986180732,
            34.11208111973265,
            49.50912457047455,
            30.093390699782745,
            32.25893109565955,
            32.40175364226745,
            30.228169524634538,
            32.28784857112937,
            41.99282581636207,
            49.58232711742427,
            33.93856788689987,
            48.14865319409061,
            40.24877890127169,
            31.414255144999107,
            31.552452268028848,
            52.28563898517602
        ],
        "power_bs1": [
            39.02091816093805,
            38.02091816093806,
            41.02091816093805,
            42.02091816093805,
            39.02091816093805,
            38.02091816093806,
            41.02091816093805,
            42.02091816093805,
            39.02091816093805,
            38.02091816093806,
            37.02091816093806,
            34.02091816093805,
            37.02091816093806,
            34.02091816093805,
            33.02091816093805,
            30.020918160938056,
            31.020918160938056,
            28.020918160938052,
            31.020918160938056,
            28.020918160938052
        ],
        "power_bs2": [
            35.98111274213166,
            36.98111274213166,
            37.98111274213166,
            40.98111274213166,
            43.98111274213165,
            44.98111274213166,
            45.98111274213166,
            44.98111274213166,
            43.98111274213165,
            42.98111274213166,
            39.98111274213165,
            38.98111274213166,
            41.98111274213165,
            40.98111274213166,
            39.98111274213165,
            36.98111274213166,
            33.98111274213165,
            32.98111274213166,
            35.98111274213166,
            36.98111274213166
        ]
    }
}