{
    "episode": 204,
    "seed": 204,
    "metrics": {
        "sinr_ue1": [
            51.40818439826706,
            26.14097115950351,
            25.858564618966025,
            25.555148036878524,
            37.317871022355064,
            37.17479157199713,
            26.695310989743774,
            36.00177677059109,
            34.16827052280698,
            21.362585922818084,
            41.678615825049604,
            44.70377310407766,
            37.34607070807871,
            44.49980608633087,
            28.970315735423963,
            31.259515307198047,
            35.46532971706653,
            39.619809376152816,
            39.29927733679335,
            51.230961878215794
        ],
        "sinr_ue2": [
            24.71932723847701,
            41.93227624612162,
            35.01529098491912,
            39.107069726637896,
            24.647821645568012,
            24.525637837542938,
            35.771177102460264,
            22.275067553913125,
            24.317366846622544,
            43.57392645157674,
            30.973936528373514,
            22.582308970880362,
            22.448063905809942,
            18.456283833163376,
            23.25355627294921,
            32.5804859129168,
            25.16505696642898,
            20.104507574409077,
            23.241508100928115,
            4.011790682300252
        ],
        "power_bs1": [
            36.27859579246155,
            33.278595792461545,
            32.278595792461545,
            29.278595792461548,
            28.278595792461548,
            25.278595792461545,
            28.278595792461548,
            29.278595792461548,
            30.278595792461548,
            29.278595792461548,
            30.278595792461548,
            31.27859579246155,
            34.278595792461545,
            35.27859579246155,
            34.278595792461545,
            37.278595792461545,
            40.278595792461545,
            41.27859579246155,
            38.278595792461545,
            41.27859579246155
        ],
        "power_bs2": [
            43.930676412919084,
            44.930676412919084,
            43.930676412919084,
            40.930676412919084,
            41.930676412919084,
            38.930676412919084,
            37.930676412919084,
            40.930676412919084,
            43.93067641291908,
            44.930676412919084,
            43.93067641291908,
            42.930676412919084,
            45.930676412919084,
            42.930676412919084,
            41.930676412919084,
            42.930676412919084,
            41.930676412919084,
            38.930676412919084,
            35.930676412919084,
            34.930676412919084
        ]
    }
}