{
    "episode": 2974,
    "seed": 2974,
    "metrics": {
        "sinr_ue1": [
            55.49312289507547,
            51.603767174366325,
            54.22593926796739,
            48.09657516332198,
            49.76962701554874,
            52.67729186368898,
            33.282716298199006,
            31.273176502138227,
            40.80476412045375,
            38.12019930337059,
            43.182294793545076,
            43.413624979151834,
            46.17706231967919,
            43.30131913107212,
            26.862895120204602,
            23.19340974429553,
            32.03034379210758,
            36.53182609783548,
            26.01560115885132,
            29.666647609388885
        ],
        "sinr_ue2": [
            34.99224304760461,
            32.3804974383132,
            34.551814284374764,
            34.69901829299572,
            37.10409743728213,
            50.89049702841734,
            50.74301237807667,
            54.20591624495194,
            44.87763084239574,
            50.330501969297714,
            46.35876514810066,
            45.033901239573844,
            42.10436300238282,
            44.021371770063745,
            58.86137466543205,
            61.920921030937265,
            58.155691385310206,
            58.833204501982806,
            43.119101979554415,
            51.59624521120009
        ],
        "power_bs1": [
            41.04770080147411,
            38.04770080147411,
            37.04770080147411,
            38.04770080147411,
            35.04770080147411,
            34.04770080147411,
            33.04770080147411,
            34.04770080147411,
            31.047700801474107,
            34.04770080147411,
            31.047700801474107,
            34.04770080147411,
            35.04770080147411,
            34.04770080147411,
            35.04770080147411,
            32.04770080147411,
            29.047700801474107,
            28.047700801474104,
            31.047700801474104,
            34.04770080147411
        ],
        "power_bs2": [
            28.89418403453735,
            31.894184034537354,
            32.894184034537346,
            33.894184034537346,
            32.894184034537346,
            33.894184034537346,
            30.89418403453735,
            33.894184034537346,
            36.89418403453735,
            39.894184034537346,
            38.894184034537346,
            41.89418403453735,
            38.894184034537346,
            39.894184034537346,
            38.894184034537346,
            39.894184034537346,
            36.894184034537346,
            33.894184034537346,
            36.894184034537346,
            35.894184034537346
        ]
    }
}