{
    "episode": 3163,
    "seed": 3163,
    "metrics": {
        "sinr_ue1": [
            1.963866369347159,
            18.434911541319746,
            0.04799060797962273,
            16.57881337352285,
            13.462216969803382,
            17.481087916741583,
            2.162043328332574,
            4.097530436504125,
            8.021160357575363,
            6.063531148474882,
            7.974630187983379,
            24.774451314636842,
            19.21321572623502,
            23.392506453012906,
            13.545072353746884,
            25.3387278643535,
            4.1133349218778505,
            4.072081280144256,
            7.9062474049807445,
            22.81850157962479
        ],
        "sinr_ue2": [
            43.561591378579756,
            27.688735911036506,
            47.37232387832397,
            27.872587009675943,
            31.984333551171986,
            28.028700476665975,
            45.696949136082445,
            40.56882104883172,
            36.15185669373496,
            36.34866126590425,
            39.84319841576447,
            21.316867562174604,
            42.15891301416094,
            25.27377109592034,
            40.87397133234209,
            21.459472061755207,
            46.897903625487,
            36.21966524785871,
            23.45411892704641,
            23.398729382663955
        ],
        "power_bs1": [
            35.59331680489908,
            34.59331680489908,
            31.593316804899082,
            30.593316804899082,
            29.593316804899082,
            32.59331680489908,
            29.593316804899082,
            28.593316804899082,
            29.593316804899082,
            26.593316804899082,
            25.593316804899082,
            26.593316804899082,
            25.593316804899082,
            26.593316804899082,
            25.593316804899082,
            28.593316804899082,
            27.59331680489908,
            30.593316804899082,
            31.59331680489908,
            30.593316804899082
        ],
        "power_bs2": [
            45.457694842156926,
            44.45769484215692,
            43.457694842156926,
            40.457694842156926,
            43.457694842156926,
            42.45769484215692,
            39.45769484215692,
            36.45769484215692,
            33.45769484215692,
            32.45769484215692,
            29.45769484215692,
            30.45769484215692,
            33.45769484215692,
            34.45769484215692,
            35.45769484215692,
            32.45769484215692,
            35.45769484215692,
            38.45769484215692,
            37.45769484215692,
            36.45769484215692
        ]
    }
}