{
    "episode": 705,
    "seed": 705,
    "metrics": {
        "sinr_ue1": [
            22.190615611571104,
            26.653674331591446,
            4.321472594644336,
            26.003019571853567,
            25.52393052988119,
            12.405505090037842,
            30.26123197563726,
            12.36890229410939,
            26.133962532206112,
            18.294342686595023,
            32.68093682528098,
            8.364195392590965,
            10.38588343229652,
            24.7537006407285,
            10.32448471119175,
            9.417217729557322,
            18.81376676013173,
            19.6721395787489,
            22.975081123609293,
            24.308368352874247
        ],
        "sinr_ue2": [
            22.507604915682254,
            35.04956437308341,
            43.89488942149865,
            18.57661980145535,
            18.491311969025094,
            16.57998242630272,
            27.855972909095602,
            36.057564310054715,
            10.424719008477826,
            28.07773678855102,
            22.925944680016013,
            34.493573164983104,
            33.808465762573505,
            30.701522488032886,
            36.35614640849785,
            24.34819811468154,
            26.303841094143216,
            22.33191545578663,
            22.315694923243825,
            20.316925839525425
        ],
        "power_bs1": [
            37.36220218248806,
            36.36220218248806,
            33.362202182488055,
            36.36220218248806,
            33.362202182488055,
            36.36220218248806,
            37.36220218248806,
            38.362202182488055,
            41.362202182488055,
            42.36220218248806,
            41.362202182488055,
            38.362202182488055,
            39.362202182488055,
            36.36220218248806,
            37.36220218248806,
            34.362202182488055,
            33.362202182488055,
            36.36220218248806,
            35.36220218248806,
            34.362202182488055
        ],
        "power_bs2": [
            40.873565885021925,
            37.873565885021925,
            38.873565885021925,
            35.873565885021925,
            32.873565885021925,
            33.873565885021925,
            32.873565885021925,
            35.873565885021925,
            32.873565885021925,
            33.873565885021925,
            36.87356588502192,
            39.873565885021925,
            38.873565885021925,
            35.87356588502192,
            36.87356588502192,
            39.87356588502192,
            40.873565885021925,
            39.873565885021925,
            38.873565885021925,
            35.87356588502192
        ]
    }
}