{
    "episode": 1460,
    "seed": 1460,
    "metrics": {
        "sinr_ue1": [
            4.1220850367995885,
            4.157478031543804,
            17.834495147782793,
            27.603729669627526,
            9.907291782894,
            22.276010684848547,
            4.262577573538113,
            18.395275088768408,
            25.912266268701526,
            4.222550146386177,
            8.226701671522807,
            2.2083372631539504,
            20.277958449144098,
            9.684600127197573,
            4.241931897787618,
            5.695408394762334,
            4.278194196662733,
            -1.7236954692049795,
            21.917946250756547,
            4.334810124678644
        ],
        "sinr_ue2": [
            44.05854514979309,
            46.547280520425566,
            29.69278167231401,
            40.592694254829304,
            31.720409043795744,
            32.4242514142805,
            50.572932637221044,
            42.65577434190102,
            27.56018886192093,
            37.40965468090164,
            44.99875028802233,
            46.15094827813575,
            26.194229488144476,
            43.84653760828415,
            42.611000490666136,
            46.61070509316356,
            50.77308271916877,
            47.8800646141103,
            31.329145038773625,
            43.520401235271855
        ],
        "power_bs1": [
            34.21759172669988,
            35.21759172669989,
            34.21759172669988,
            37.21759172669988,
            34.21759172669988,
            33.21759172669988,
            32.21759172669988,
            33.21759172669988,
            32.21759172669988,
            33.21759172669988,
            34.21759172669988,
            31.21759172669988,
            30.217591726699883,
            33.21759172669988,
            32.21759172669988,
            31.217591726699887,
            30.217591726699883,
            27.21759172669988,
            30.217591726699883,
            31.21759172669988
        ],
        "power_bs2": [
            43.60962334409951,
            44.609623344099504,
            43.60962334409951,
            42.609623344099504,
            45.60962334409951,
            44.609623344099504,
            41.60962334409951,
            42.609623344099504,
            39.609623344099504,
            42.609623344099504,
            39.609623344099504,
            42.609623344099504,
            39.609623344099504,
            38.609623344099504,
            41.60962334409951,
            40.609623344099504,
            39.609623344099504,
            42.609623344099504,
            41.609623344099504,
            40.609623344099504
        ]
    }
}