{
    "episode": 4971,
    "seed": 4971,
    "metrics": {
        "sinr_ue1": [
            16.583528811357038,
            19.140954456492338,
            12.584105763121606,
            6.564211151221903,
            26.356396830297317,
            6.5989303337867025,
            6.568606471724339,
            15.74849964394837,
            28.860533386781164,
            6.62466037004487,
            4.613067959222986,
            6.564862160934385,
            15.080312918111957,
            18.02573329455953,
            18.865225422175193,
            6.630881768090182,
            6.650652460748592,
            17.745768841497174,
            27.646081023078956,
            10.639347364017322
        ],
        "sinr_ue2": [
            16.397298466825873,
            5.324439081663113,
            22.1723403214177,
            29.311182954235193,
            18.82414773513419,
            20.021365385685257,
            26.713826097273085,
            15.335701396472407,
            9.403006007528777,
            24.73805664923374,
            32.795361755528475,
            19.411685589073013,
            13.458916514919036,
            15.522815764241301,
            13.490009171324935,
            31.193510157246887,
            26.08949198318147,
            28.820525891247506,
            5.526224082353025,
            24.833970176765927
        ],
        "power_bs1": [
            43.76817059676286,
            40.768170596762864,
            41.76817059676286,
            38.76817059676286,
            37.76817059676286,
            34.768170596762864,
            33.76817059676286,
            30.768170596762864,
            33.76817059676286,
            32.76817059676286,
            33.76817059676286,
            32.76817059676286,
            31.768170596762857,
            30.768170596762864,
            31.768170596762857,
            32.76817059676286,
            33.76817059676286,
            36.76817059676286,
            39.768170596762864,
            40.768170596762864
        ],
        "power_bs2": [
            40.95950924176991,
            41.95950924176991,
            42.95950924176991,
            45.95950924176991,
            42.95950924176991,
            41.95950924176991,
            40.95950924176991,
            41.95950924176991,
            38.95950924176991,
            39.95950924176991,
            42.95950924176991,
            39.95950924176991,
            40.95950924176991,
            41.95950924176991,
            40.95950924176991,
            39.95950924176991,
            40.95950924176991,
            41.95950924176991,
            40.95950924176991,
            43.95950924176991
        ]
    }
}