{
    "episode": 3919,
    "seed": 3919,
    "metrics": {
        "sinr_ue1": [
            35.40694916504788,
            33.54141465086593,
            36.97723027676749,
            15.241765083955197,
            13.234284954522728,
            28.04424596965727,
            34.49059521492822,
            15.23262705901689,
            32.62764845878913,
            15.181885091251644,
            17.235623014641913,
            11.288318637290036,
            27.120010956360233,
            32.52318090110816,
            9.28553018861422,
            18.259245304963223,
            22.39952454208626,
            21.997552531659576,
            3.313725862732187,
            14.080484358072844
        ],
        "sinr_ue2": [
            5.182796006922334,
            7.056230120596086,
            7.15169681149008,
            20.317958728826405,
            25.11566892522144,
            24.244699921437217,
            6.857800153627597,
            27.907333070899977,
            19.284549372946227,
            25.58980749420574,
            9.626218143908252,
            15.918018064850665,
            18.643313739044956,
            6.392917240088761,
            26.26466150292167,
            14.598077248865554,
            14.53068844301007,
            14.459876109513111,
            34.74933962923099,
            20.24162674360472
        ],
        "power_bs1": [
            42.25847056600613,
            39.258470566006125,
            36.25847056600613,
            39.258470566006125,
            40.258470566006125,
            39.258470566006125,
            42.25847056600613,
            41.258470566006125,
            38.258470566006125,
            41.258470566006125,
            44.25847056600613,
            41.258470566006125,
            42.25847056600613,
            41.258470566006125,
            38.258470566006125,
            35.258470566006125,
            36.25847056600613,
            37.25847056600613,
            34.258470566006125,
            35.258470566006125
        ],
        "power_bs2": [
            36.09335263703559,
            35.09335263703559,
            32.093352637035586,
            35.09335263703559,
            38.093352637035586,
            37.093352637035586,
            38.093352637035586,
            37.093352637035586,
            36.093352637035586,
            37.093352637035586,
            38.093352637035586,
            41.09335263703559,
            38.093352637035586,
            37.093352637035586,
            40.093352637035586,
            39.09335263703559,
            40.093352637035586,
            41.09335263703559,
            42.093352637035586,
            45.093352637035586
        ]
    }
}