{
    "episode": 4517,
    "seed": 4517,
    "metrics": {
        "sinr_ue1": [
            22.793675945587065,
            6.667016630417532,
            6.742165097548196,
            19.150691516563544,
            6.8854259603369625,
            28.761945809424454,
            12.993323757147108,
            14.945144539893162,
            30.745670759706645,
            16.977883841433034,
            29.607036933829608,
            36.149287626016346,
            31.538246899846023,
            24.981114604579847,
            26.63740480159445,
            12.643713928882878,
            10.721704410485886,
            8.870575912339742,
            8.720581838302552,
            35.0027728983359
        ],
        "sinr_ue2": [
            27.712919223118035,
            29.807097899283622,
            31.95122823230115,
            21.02369664433767,
            18.992890356667438,
            13.087971556286123,
            29.070176681491663,
            28.191498272429797,
            11.125316701956534,
            28.97114611124237,
            9.075048123447662,
            7.11792753078565,
            11.074818590189214,
            7.0500464778872765,
            27.119642245949326,
            24.14507022123283,
            32.58261617498917,
            32.80153605959975,
            17.079132582284892,
            11.090804703183075
        ],
        "power_bs1": [
            29.962936111060017,
            28.962936111060017,
            31.962936111060017,
            32.96293611106002,
            35.96293611106002,
            38.96293611106002,
            35.96293611106002,
            34.96293611106002,
            37.96293611106002,
            40.96293611106002,
            37.96293611106002,
            36.96293611106002,
            33.96293611106002,
            34.96293611106002,
            31.962936111060017,
            28.962936111060014,
            27.962936111060014,
            28.962936111060014,
            31.962936111060017,
            34.96293611106002
        ],
        "power_bs2": [
            37.654478252155236,
            34.654478252155236,
            37.654478252155236,
            40.65447825215523,
            41.654478252155236,
            38.654478252155236,
            35.654478252155236,
            32.654478252155236,
            35.65447825215523,
            36.654478252155236,
            33.654478252155236,
            30.654478252155233,
            31.654478252155233,
            28.654478252155236,
            31.654478252155233,
            28.654478252155236,
            29.654478252155236,
            32.654478252155236,
            35.65447825215523,
            32.654478252155236
        ]
    }
}