{
    "episode": 2203,
    "seed": 2203,
    "metrics": {
        "sinr_ue1": [
            38.20083104128622,
            14.706023734313284,
            14.666197236906605,
            14.753615475389648,
            14.79797833916031,
            14.779715057677663,
            25.96300115862732,
            28.965918093986048,
            15.949134066164913,
            28.5041388487205,
            28.58843495836293,
            33.03008551991428,
            16.77110954786588,
            30.334707695014064,
            16.793108815262418,
            20.728899209155955,
            30.60298213486384,
            12.720162154003383,
            12.73622405259992,
            12.746861111355955
        ],
        "sinr_ue2": [
            12.921863743891999,
            33.85751977997537,
            35.102324123341646,
            34.433154782484415,
            36.23766248968406,
            34.82320511805942,
            16.97083112464018,
            20.874449434411474,
            39.91622459314978,
            20.856498555477366,
            14.938286949819268,
            13.001833208327314,
            31.874198850061013,
            14.88313271652859,
            14.884837600066117,
            32.744224782487656,
            14.882086453379468,
            36.45091882543482,
            18.983386394538663,
            38.025305353607884
        ],
        "power_bs1": [
            38.6854113694912,
            35.68541136949119,
            32.68541136949119,
            35.68541136949119,
            36.68541136949119,
            37.68541136949119,
            36.68541136949119,
            33.6854113694912,
            30.68541136949119,
            33.68541136949119,
            36.68541136949119,
            39.68541136949119,
            40.68541136949119,
            39.68541136949119,
            42.68541136949119,
            43.68541136949119,
            40.68541136949119,
            37.68541136949119,
            40.68541136949119,
            43.68541136949119
        ],
        "power_bs2": [
            33.01271299637857,
            34.01271299637857,
            31.012712996378568,
            34.01271299637857,
            35.01271299637857,
            36.01271299637857,
            35.01271299637857,
            36.01271299637857,
            37.01271299637857,
            36.01271299637857,
            33.01271299637857,
            34.01271299637857,
            37.01271299637857,
            36.01271299637857,
            39.01271299637857,
            36.01271299637857,
            37.01271299637857,
            38.01271299637857,
            41.01271299637857,
            44.01271299637857
        ]
    }
}