{
    "episode": 1834,
    "seed": 1834,
    "metrics": {
        "sinr_ue1": [
            5.193370345104609,
            3.0219718434697795,
            23.784349859929776,
            7.402938069777511,
            5.275874909650703,
            21.18027339729778,
            17.073221101049292,
            27.070769618149498,
            27.738342862226673,
            32.338515703479395,
            32.74494733195097,
            37.67462017895809,
            19.83085202061143,
            40.82287747308974,
            45.100039199870054,
            44.652797747321024,
            27.613766059167286,
            23.418093095441336,
            40.304423709000396,
            45.83207538008743
        ],
        "sinr_ue2": [
            38.97195017420189,
            40.30772238832554,
            16.76133358240445,
            33.60487257414518,
            30.06196457667217,
            18.747239472167273,
            22.626593882014085,
            16.608544834925347,
            14.49606880149814,
            12.615996895892,
            26.944407723027048,
            6.584472187058039,
            22.899054332824086,
            2.5791652647378216,
            -1.520879999760768,
            14.586554508616537,
            14.030177629403656,
            11.457830099395688,
            -1.2721336326380341,
            0.6669719521791734
        ],
        "power_bs1": [
            31.060916567198305,
            28.060916567198305,
            31.060916567198305,
            28.060916567198305,
            27.060916567198305,
            26.0609165671983,
            25.060916567198305,
            28.060916567198305,
            29.060916567198305,
            32.060916567198305,
            35.060916567198305,
            36.060916567198305,
            37.060916567198305,
            38.060916567198305,
            41.060916567198305,
            40.060916567198305,
            41.060916567198305,
            38.060916567198305,
            41.060916567198305,
            38.060916567198305
        ],
        "power_bs2": [
            45.1148474678282,
            44.1148474678282,
            41.1148474678282,
            40.1148474678282,
            41.1148474678282,
            38.1148474678282,
            41.1148474678282,
            38.1148474678282,
            37.1148474678282,
            38.1148474678282,
            37.1148474678282,
            36.1148474678282,
            37.1148474678282,
            34.1148474678282,
            33.1148474678282,
            32.1148474678282,
            33.1148474678282,
            34.1148474678282,
            33.1148474678282,
            32.1148474678282
        ]
    }
}