{
    "episode": 2013,
    "seed": 2013,
    "metrics": {
        "sinr_ue1": [
            16.8981261309836,
            14.948212463242532,
            36.55088310758548,
            18.83614920838741,
            16.761685375004763,
            14.774129657153308,
            16.621541865246115,
            20.335140014343217,
            35.058483803009096,
            14.786310910659711,
            14.827254945458057,
            14.714544163877141,
            26.66584420848031,
            26.63643208762748,
            16.67211188060202,
            16.706850521280245,
            37.17024319018002,
            32.53917753230026,
            23.550303769890952,
            23.239888192432055
        ],
        "sinr_ue2": [
            20.301408631057814,
            26.033237788370677,
            6.7393188569180005,
            28.446152195633395,
            24.721731423684265,
            31.58227025320482,
            29.535759814528575,
            20.884762235388852,
            4.9434427650928425,
            31.505117433471423,
            10.69642778136636,
            26.43981000225684,
            5.334443207029487,
            8.852842946215633,
            18.673837063814368,
            28.106652007320196,
            6.866252238784341,
            8.941680672830586,
            10.980196627275646,
            17.060089214348793
        ],
        "power_bs1": [
            36.597040861049265,
            35.59704086104927,
            36.597040861049265,
            35.59704086104927,
            32.597040861049265,
            31.59704086104927,
            30.597040861049265,
            31.59704086104927,
            34.59704086104927,
            31.59704086104927,
            34.59704086104927,
            31.59704086104927,
            32.597040861049265,
            33.59704086104927,
            32.597040861049265,
            33.59704086104927,
            32.597040861049265,
            29.597040861049273,
            28.597040861049265,
            25.597040861049265
        ],
        "power_bs2": [
            33.08269650858543,
            34.08269650858543,
            31.08269650858543,
            30.08269650858543,
            29.08269650858543,
            30.08269650858543,
            27.08269650858543,
            24.08269650858543,
            27.08269650858543,
            30.082696508585425,
            33.08269650858543,
            30.082696508585425,
            33.08269650858542,
            30.082696508585425,
            29.082696508585425,
            30.082696508585425,
            27.08269650858543,
            26.082696508585425,
            27.08269650858543,
            30.082696508585425
        ]
    }
}