{
    "episode": 3002,
    "seed": 3002,
    "metrics": {
        "sinr_ue1": [
            36.36372242540229,
            19.670888189506627,
            19.69311307973053,
            23.59021942360406,
            23.689812701120687,
            34.47425240593264,
            21.61911991278261,
            21.722647389872062,
            17.78361018297822,
            17.7246923394947,
            19.6037174008633,
            20.142459041496515,
            21.175967721574857,
            43.31426676644794,
            29.962130158067414,
            18.61370568615409,
            36.8119094834823,
            26.08402274856848,
            26.442918808587628,
            39.18822577466225
        ],
        "sinr_ue2": [
            5.298232007530485,
            28.89875962092205,
            23.92269715562984,
            22.25334880809678,
            17.583600069072723,
            5.179969624334049,
            15.230549398232306,
            6.960294920576446,
            24.188761838901183,
            23.415244580085997,
            25.673522936267027,
            6.866093931293239,
            22.911270181452554,
            2.784828291427164,
            23.227209338115014,
            24.4924367547545,
            2.608856518181181,
            16.56085654839534,
            17.459540022273877,
            6.699743881568051
        ],
        "power_bs1": [
            36.6229816118378,
            35.6229816118378,
            32.6229816118378,
            33.62298161183781,
            34.62298161183781,
            31.622981611837805,
            32.6229816118378,
            35.6229816118378,
            32.6229816118378,
            31.622981611837805,
            30.6229816118378,
            27.622981611837805,
            26.622981611837805,
            27.622981611837805,
            24.6229816118378,
            21.622981611837805,
            24.6229816118378,
            27.6229816118378,
            24.6229816118378,
            25.6229816118378
        ],
        "power_bs2": [
            34.32575424452273,
            35.32575424452273,
            32.32575424452272,
            29.325754244522724,
            30.32575424452272,
            29.325754244522724,
            30.32575424452272,
            33.32575424452272,
            34.32575424452273,
            33.32575424452272,
            30.325754244522724,
            27.32575424452272,
            24.325754244522724,
            23.325754244522724,
            24.325754244522724,
            21.32575424452272,
            20.325754244522724,
            19.32575424452272,
            22.32575424452272,
            25.32575424452272
        ]
    }
}