{
    "episode": 1922,
    "seed": 1922,
    "metrics": {
        "sinr_ue1": [
            10.70467850053975,
            14.68125156900916,
            14.68841990910544,
            39.427139088515865,
            18.50194032907861,
            29.814827393938362,
            14.625612169798416,
            29.77423360851306,
            12.62216908430409,
            29.68420457660663,
            24.1223885073626,
            7.7734948991013315,
            13.41516815538295,
            18.497821368309708,
            6.5866135480110195,
            10.54464969182729,
            8.555923660570823,
            4.531167564604745,
            20.872277119081318,
            0.5718485073923253
        ],
        "sinr_ue2": [
            35.978184678175865,
            29.710122059573905,
            28.81785478861196,
            10.128882114389167,
            23.67058214970504,
            18.087030701754042,
            33.11523656303883,
            14.163293577241795,
            30.36535061985797,
            20.137267186868975,
            32.75978737227301,
            24.141506846721477,
            22.109032418908065,
            26.053084091505234,
            41.684416473807914,
            38.831127820030346,
            35.60387810157215,
            40.208587373534286,
            34.88865542370411,
            30.963321017830946
        ],
        "power_bs1": [
            38.99721863931846,
            39.99721863931846,
            36.99721863931846,
            37.99721863931846,
            34.99721863931846,
            35.99721863931846,
            36.99721863931846,
            35.99721863931846,
            36.99721863931846,
            35.99721863931846,
            36.99721863931846,
            35.99721863931846,
            34.99721863931846,
            31.99721863931846,
            32.99721863931846,
            35.99721863931846,
            34.99721863931846,
            31.99721863931846,
            32.99721863931846,
            29.99721863931846
        ],
        "power_bs2": [
            42.91048755481765,
            39.91048755481765,
            36.91048755481765,
            33.91048755481765,
            30.91048755481765,
            33.91048755481765,
            36.91048755481765,
            35.91048755481765,
            38.91048755481765,
            41.91048755481765,
            42.91048755481765,
            45.91048755481765,
            42.91048755481764,
            43.91048755481765,
            40.91048755481765,
            39.91048755481764,
            40.91048755481765,
            41.91048755481765,
            42.91048755481764,
            43.91048755481765
        ]
    }
}