{
    "episode": 4130,
    "seed": 4130,
    "metrics": {
        "sinr_ue1": [
            6.66669232752819,
            25.81336097526541,
            8.701546141537339,
            28.250179677153085,
            34.00577827528044,
            32.15347194112224,
            10.649775159744507,
            27.481768506583162,
            12.623952484413703,
            27.796931552424873,
            18.646645475745633,
            30.195707691207673,
            34.119325611115514,
            14.631807175621596,
            31.50713746464566,
            35.93810565938659,
            12.742909734785533,
            32.25400633394436,
            12.705943950655392,
            16.29704108632232
        ],
        "sinr_ue2": [
            27.354741147321565,
            5.568419006828781,
            8.020779552541024,
            -0.5023201167293306,
            1.6142877711126342,
            -0.5182960286803362,
            19.12386800634746,
            21.056334415304345,
            16.425223863361527,
            9.450581200811099,
            11.158466723462215,
            1.5794106261182572,
            -2.515743137622729,
            22.45159668806146,
            -2.3572550555795653,
            -0.5074737101421578,
            21.129718708501347,
            21.378366802702523,
            1.0794835392097004,
            16.934746738690443
        ],
        "power_bs1": [
            35.686227124132216,
            34.686227124132216,
            35.686227124132216,
            38.686227124132216,
            35.686227124132216,
            34.686227124132216,
            33.686227124132216,
            32.686227124132216,
            35.686227124132216,
            38.686227124132216,
            41.686227124132216,
            38.686227124132216,
            39.686227124132216,
            36.686227124132216,
            39.686227124132216,
            38.686227124132216,
            37.686227124132216,
            36.686227124132216,
            39.686227124132216,
            38.686227124132216
        ],
        "power_bs2": [
            43.22798010798503,
            40.22798010798503,
            41.22798010798503,
            38.227980107985026,
            37.227980107985026,
            34.227980107985026,
            37.227980107985026,
            40.227980107985026,
            37.227980107985026,
            36.227980107985026,
            37.227980107985026,
            40.227980107985026,
            37.227980107985026,
            36.227980107985026,
            37.227980107985026,
            38.227980107985026,
            39.227980107985026,
            38.227980107985026,
            41.22798010798503,
            42.227980107985026
        ]
    }
}