{
    "episode": 4926,
    "seed": 4926,
    "metrics": {
        "sinr_ue1": [
            19.923646471010493,
            7.848524609808727,
            7.789459970099321,
            23.826049548742354,
            7.7041766147129405,
            24.114710822843207,
            3.7669735827199844,
            -0.29265879983865783,
            20.39642576383865,
            11.198443772426307,
            -0.2066692903529876,
            1.8488708414038066,
            21.096783375382596,
            9.820786753173703,
            9.811431351677559,
            5.8767708079131475,
            9.83468326196847,
            29.52660837850456,
            17.797968229741265,
            17.746560822834603
        ],
        "sinr_ue2": [
            7.969719015573096,
            25.204660088321653,
            30.139097901932747,
            11.89311031201522,
            27.84460556971865,
            11.89715025824853,
            27.09011896176562,
            32.635373928705356,
            30.438339031417794,
            15.834356619015157,
            31.002696439543975,
            36.34943531233433,
            13.876576727127707,
            11.594531504346936,
            27.4105067155175,
            26.879696021160477,
            23.722519024245415,
            6.005044488292322,
            20.702648425183376,
            20.1092116839487
        ],
        "power_bs1": [
            44.52814023151422,
            43.52814023151423,
            44.52814023151422,
            41.52814023151422,
            40.528140231514215,
            39.528140231514215,
            40.528140231514215,
            37.52814023151422,
            36.52814023151422,
            33.52814023151422,
            34.528140231514215,
            33.52814023151422,
            34.528140231514215,
            37.52814023151422,
            34.528140231514215,
            33.52814023151422,
            34.528140231514215,
            37.52814023151422,
            40.528140231514215,
            39.528140231514215
        ],
        "power_bs2": [
            41.22306487002029,
            42.223064870020295,
            43.223064870020295,
            42.223064870020295,
            39.223064870020295,
            40.223064870020295,
            43.223064870020295,
            44.223064870020295,
            41.22306487002029,
            38.223064870020295,
            41.22306487002029,
            38.223064870020295,
            37.223064870020295,
            34.223064870020295,
            31.223064870020295,
            34.223064870020295,
            31.223064870020288,
            32.22306487002029,
            29.22306487002029,
            28.22306487002029
        ]
    }
}