{
    "episode": 3601,
    "seed": 3601,
    "metrics": {
        "sinr_ue1": [
            4.831670327771792,
            21.710416756438974,
            22.947418541208187,
            4.470284955127852,
            22.455375913889256,
            25.55532812196084,
            10.56117883890308,
            10.405771765780019,
            8.253409038477686,
            18.572139933410362,
            25.894434932214423,
            23.499555972769137,
            22.92399365340863,
            14.913449456427951,
            6.302078227691893,
            29.955095369445168,
            24.61351516213457,
            12.108250161193334,
            28.08172463096838,
            14.863606636537252
        ],
        "sinr_ue2": [
            16.039770338008466,
            29.03084965899466,
            13.238027260032776,
            32.445140503973974,
            20.649258091891124,
            7.333048262019533,
            27.09227953207609,
            23.08822566267812,
            24.257618662386868,
            11.29538247035348,
            -0.49345741672291976,
            13.205959642517982,
            23.063848979637473,
            15.079608547459454,
            26.64721712876908,
            5.32288885719331,
            5.315434316422247,
            14.472295132737948,
            7.29924222015224,
            18.669924679401674
        ],
        "power_bs1": [
            33.75265655602306,
            32.75265655602307,
            31.752656556023066,
            30.752656556023066,
            31.752656556023066,
            34.75265655602306,
            35.75265655602307,
            32.75265655602307,
            29.752656556023066,
            26.752656556023066,
            25.752656556023066,
            24.752656556023066,
            27.752656556023062,
            24.752656556023066,
            27.752656556023062,
            30.752656556023066,
            31.752656556023062,
            30.752656556023066,
            29.752656556023066,
            28.752656556023062
        ],
        "power_bs2": [
            37.690497367000546,
            34.690497367000546,
            35.690497367000546,
            34.690497367000546,
            33.690497367000546,
            32.690497367000546,
            33.690497367000546,
            30.690497367000546,
            29.690497367000543,
            28.690497367000543,
            25.690497367000546,
            28.690497367000543,
            27.690497367000546,
            30.690497367000546,
            29.690497367000543,
            26.690497367000546,
            27.690497367000546,
            26.690497367000546,
            27.690497367000546,
            24.690497367000543
        ]
    }
}