{
    "episode": 2442,
    "seed": 2442,
    "metrics": {
        "sinr_ue1": [
            75.55885513396818,
            82.15570878976345,
            63.29437091251803,
            76.14742265189943,
            81.88771872308902,
            79.2899696684733,
            85.12106452720451,
            75.05363711122509,
            65.13874777092911,
            75.50164184798261,
            61.5377910301945,
            70.39258754157578,
            73.09454577745814,
            77.38503795659825,
            72.94514671238281,
            61.15866853434422,
            80.0394569671807,
            61.271616202273236,
            63.13476963774552,
            70.51769399217983
        ],
        "sinr_ue2": [
            12.624728039977187,
            10.611830694283661,
            12.673891430253462,
            12.687635848042547,
            8.636421064209257,
            29.13350859652796,
            8.73641456967608,
            27.447977779142914,
            30.262834406988965,
            14.741107757671559,
            24.754885910057705,
            14.79896157118583,
            16.852753197415545,
            12.91303231717546,
            34.86904506314686,
            30.0518142921253,
            12.871295914277738,
            27.88480188041191,
            27.898938726734258,
            34.082994370302
        ],
        "power_bs1": [
            41.4369724687331,
            42.4369724687331,
            43.4369724687331,
            40.4369724687331,
            41.4369724687331,
            38.4369724687331,
            37.4369724687331,
            38.4369724687331,
            35.4369724687331,
            34.4369724687331,
            33.4369724687331,
            32.4369724687331,
            33.4369724687331,
            36.4369724687331,
            37.4369724687331,
            34.4369724687331,
            33.4369724687331,
            30.436972468733106,
            33.4369724687331,
            34.4369724687331
        ],
        "power_bs2": [
            39.76492123390672,
            38.76492123390672,
            41.764921233906726,
            38.76492123390672,
            35.76492123390672,
            34.76492123390672,
            31.76492123390672,
            32.76492123390672,
            33.76492123390672,
            34.76492123390672,
            31.76492123390672,
            32.76492123390672,
            35.76492123390672,
            34.76492123390672,
            37.76492123390672,
            34.76492123390672,
            31.76492123390672,
            34.76492123390672,
            33.76492123390672,
            36.76492123390672
        ]
    }
}