{
    "episode": 139,
    "seed": 139,
    "metrics": {
        "sinr_ue1": [
            32.7947164200533,
            15.603742199136619,
            31.053634089574558,
            32.28345250454368,
            17.672802328653855,
            29.60765178565253,
            9.538130711286003,
            24.90310950804443,
            28.54593744217879,
            11.755842940152192,
            9.801596580701528,
            9.728985459744955,
            24.60067506422259,
            9.634105875854694,
            17.123225200962004,
            23.070895269220983,
            25.447367441110913,
            26.208538333718366,
            1.484468157712554,
            17.21248938324991
        ],
        "sinr_ue2": [
            16.670842586797,
            25.08890231485466,
            20.72261063016743,
            20.700304577351435,
            37.466028839412594,
            20.76686423526572,
            33.317278454588326,
            24.79385227020461,
            22.71656374830636,
            38.42662856436724,
            41.708058540178286,
            33.499029584796624,
            33.18675708829894,
            34.43052742300078,
            26.38868615136265,
            24.482971283521245,
            24.547258066227617,
            26.41571293109376,
            44.830183370186305,
            32.32821355336879
        ],
        "power_bs1": [
            41.97659853747153,
            38.97659853747153,
            39.97659853747153,
            36.97659853747153,
            37.97659853747153,
            36.97659853747153,
            35.97659853747153,
            32.97659853747153,
            31.976598537471528,
            30.97659853747153,
            27.976598537471528,
            30.97659853747153,
            33.97659853747153,
            30.976598537471528,
            27.976598537471528,
            28.97659853747153,
            31.976598537471528,
            28.97659853747153,
            25.976598537471528,
            26.976598537471528
        ],
        "power_bs2": [
            39.921829584154686,
            38.921829584154686,
            41.921829584154686,
            38.921829584154686,
            35.921829584154686,
            38.921829584154686,
            41.921829584154686,
            38.921829584154686,
            35.921829584154686,
            34.921829584154686,
            33.921829584154686,
            36.92182958415468,
            37.92182958415468,
            36.92182958415468,
            35.921829584154686,
            34.921829584154686,
            37.92182958415468,
            36.92182958415468,
            39.921829584154686,
            40.92182958415468
        ]
    }
}