{
    "episode": 643,
    "seed": 643,
    "metrics": {
        "sinr_ue1": [
            26.299863896205306,
            28.160726095724367,
            30.542076927008544,
            46.43646827405363,
            38.394439726633635,
            52.79403880803197,
            49.62652843573741,
            52.8900145611538,
            28.363102260464615,
            26.46518877135503,
            45.311491149875984,
            28.47218410043719,
            36.81139113232404,
            28.225622465849064,
            26.185487517383915,
            42.827504099875824,
            24.291383770548588,
            28.19428508178584,
            29.363207764383464,
            22.278240196522706
        ],
        "sinr_ue2": [
            33.9056202554696,
            41.454131475051206,
            47.78024183372888,
            19.95109741402314,
            20.235536265364345,
            18.45175652675955,
            18.726769277244664,
            21.019303488545518,
            42.69831230174661,
            36.404779271874446,
            27.01845117339206,
            42.0859541219847,
            22.919762117966552,
            35.78084442530043,
            48.299716607885415,
            27.461599794792555,
            51.17325901684718,
            32.917534584790495,
            35.14231101693567,
            48.86859909350199
        ],
        "power_bs1": [
            38.465833087814104,
            37.465833087814104,
            38.465833087814104,
            41.465833087814104,
            42.465833087814104,
            41.465833087814104,
            38.465833087814104,
            39.465833087814104,
            38.465833087814104,
            35.465833087814104,
            32.465833087814104,
            33.465833087814104,
            32.465833087814104,
            31.465833087814104,
            32.465833087814104,
            33.465833087814104,
            32.465833087814104,
            31.465833087814104,
            32.465833087814104,
            35.465833087814104
        ],
        "power_bs2": [
            37.52437452468401,
            34.52437452468401,
            37.52437452468401,
            34.52437452468401,
            35.52437452468401,
            32.524374524684006,
            29.524374524684013,
            32.524374524684006,
            35.52437452468401,
            34.52437452468401,
            31.52437452468401,
            30.524374524684013,
            27.52437452468401,
            28.52437452468401,
            31.52437452468401,
            32.524374524684006,
            33.52437452468401,
            36.524374524684006,
            39.52437452468401,
            38.52437452468401
        ]
    }
}