{
    "episode": 2897,
    "seed": 2897,
    "metrics": {
        "sinr_ue1": [
            19.587711757138035,
            41.35836061317505,
            23.658586478508333,
            38.33029458926671,
            19.59815963478504,
            21.506065428455393,
            25.578697264633043,
            35.93455202851188,
            44.08610805069192,
            23.68659854664149,
            17.67417564626851,
            15.658972734727818,
            11.602293545266631,
            15.604603228774927,
            15.635227610992771,
            17.62596160263136,
            33.14788342454347,
            23.630661148624995,
            23.488889580784466,
            23.55516933240533
        ],
        "sinr_ue2": [
            28.24446781465863,
            8.141781707185444,
            26.77971680340487,
            10.114047262546265,
            10.029513917133446,
            21.969779332806407,
            22.52773710497463,
            7.918783840408413,
            5.893579065906759,
            27.755337057886848,
            24.942965595044182,
            30.02631920041196,
            33.89456923531828,
            32.78379972304137,
            33.08561866605926,
            25.490293655285363,
            10.041180234820157,
            24.14162445970698,
            31.076719356605913,
            5.974140521627222
        ],
        "power_bs1": [
            36.69379367383866,
            35.69379367383866,
            34.69379367383866,
            33.693793673838655,
            36.69379367383866,
            35.69379367383866,
            38.693793673838655,
            35.69379367383866,
            34.69379367383866,
            35.69379367383866,
            32.693793673838655,
            29.69379367383866,
            28.69379367383866,
            31.693793673838655,
            32.693793673838655,
            35.69379367383866,
            34.69379367383866,
            35.69379367383866,
            32.693793673838655,
            35.69379367383866
        ],
        "power_bs2": [
            38.448380681166306,
            35.448380681166306,
            32.4483806811663,
            35.4483806811663,
            38.448380681166306,
            35.4483806811663,
            34.448380681166306,
            35.4483806811663,
            32.4483806811663,
            33.448380681166306,
            36.4483806811663,
            35.4483806811663,
            38.448380681166306,
            37.4483806811663,
            38.448380681166306,
            39.448380681166306,
            36.4483806811663,
            33.448380681166306,
            30.4483806811663,
            33.448380681166306
        ]
    }
}