{
    "episode": 4727,
    "seed": 4727,
    "metrics": {
        "sinr_ue1": [
            17.729426013584032,
            32.803485001146,
            31.332290939101966,
            36.229192098232026,
            40.32005401354595,
            27.723361902992792,
            25.603757193041645,
            25.436402019923325,
            42.730059081240945,
            38.9083309012839,
            25.264865383142116,
            29.118977154221945,
            29.283086658273277,
            46.318003828239696,
            30.523738499769784,
            46.62638604813796,
            26.369703094180473,
            49.54739862027115,
            51.53129692759762,
            43.17209519045248
        ],
        "sinr_ue2": [
            29.85187130108126,
            15.254943997184876,
            34.77921858035722,
            13.253738758087202,
            27.206968338260737,
            7.3609906290467215,
            27.290578798871202,
            23.24437721081313,
            9.291318049295144,
            16.769089876534842,
            24.946455636190265,
            17.805196697544513,
            21.49141692574353,
            3.247971633515524,
            19.20223600397435,
            5.05727264293088,
            26.60697762846816,
            1.0693542664434068,
            15.858789367520554,
            7.083608811619115
        ],
        "power_bs1": [
            34.2669619826727,
            33.2669619826727,
            30.26696198267269,
            33.2669619826727,
            36.26696198267269,
            39.26696198267269,
            36.26696198267269,
            33.26696198267269,
            34.26696198267269,
            31.26696198267269,
            30.26696198267269,
            33.26696198267269,
            34.26696198267269,
            33.26696198267269,
            30.26696198267269,
            29.26696198267269,
            26.26696198267269,
            29.26696198267269,
            32.26696198267269,
            29.26696198267269
        ],
        "power_bs2": [
            36.53461753997856,
            33.53461753997856,
            32.53461753997856,
            31.534617539978562,
            28.534617539978562,
            31.534617539978562,
            30.534617539978562,
            27.534617539978562,
            28.534617539978562,
            27.534617539978562,
            24.534617539978562,
            23.53461753997856,
            24.534617539978562,
            21.534617539978562,
            18.534617539978562,
            19.534617539978562,
            18.534617539978562,
            15.534617539978562,
            18.53461753997856,
            21.534617539978562
        ]
    }
}