{
    "episode": 351,
    "seed": 351,
    "metrics": {
        "sinr_ue1": [
            16.27552046567399,
            29.927564007357997,
            27.79324155561615,
            29.650726921789747,
            10.076874032633798,
            10.135307456024925,
            14.184893940168253,
            24.310709300533716,
            31.756272570860396,
            20.033252958760496,
            36.07078192214255,
            27.504254693797808,
            26.809603820905437,
            28.60270220416173,
            40.50170547532775,
            37.60149580244444,
            39.00855590846255,
            38.1112281736937,
            17.966010614214476,
            34.22000871287843
        ],
        "sinr_ue2": [
            37.38670355120552,
            17.595320957967733,
            36.486647452823235,
            23.507618812065736,
            38.73779569375998,
            43.55614513966625,
            19.47695387699866,
            38.79460411553001,
            17.51646455471773,
            30.174119410865185,
            24.143156720270728,
            17.45015416340214,
            19.46487681890678,
            19.411121222318087,
            25.711503427785658,
            13.423773401730044,
            11.479901881208395,
            17.43633792691331,
            31.788170153688498,
            27.622679709684768
        ],
        "power_bs1": [
            39.94760870612377,
            38.94760870612377,
            35.947608706123766,
            38.94760870612377,
            35.947608706123766,
            36.947608706123766,
            39.947608706123766,
            36.947608706123766,
            39.947608706123766,
            40.947608706123766,
            37.94760870612377,
            36.947608706123766,
            33.94760870612377,
            30.947608706123766,
            31.94760870612377,
            30.947608706123766,
            33.94760870612377,
            30.947608706123766,
            33.94760870612377,
            36.947608706123766
        ],
        "power_bs2": [
            39.567260349122414,
            38.567260349122414,
            41.56726034912241,
            44.56726034912242,
            41.56726034912241,
            42.567260349122414,
            41.56726034912241,
            42.567260349122414,
            39.567260349122414,
            36.567260349122414,
            35.567260349122414,
            36.567260349122414,
            35.567260349122414,
            32.567260349122414,
            29.567260349122414,
            26.56726034912241,
            27.56726034912241,
            30.567260349122414,
            31.56726034912241,
            34.567260349122414
        ]
    }
}