{
    "episode": 4980,
    "seed": 4980,
    "metrics": {
        "sinr_ue1": [
            65.82176775237085,
            60.43442535588512,
            59.93204383066043,
            63.02557655911635,
            66.80645929255833,
            47.55193043743958,
            48.91843454880722,
            51.44700304271146,
            47.124907054961696,
            44.49961072855773,
            46.01504432933566,
            42.71885770115575,
            43.08786978561076,
            59.00214979032115,
            55.36522649836111,
            38.65716084755079,
            44.673936171626195,
            49.28712688502451,
            44.65623939767048,
            46.6739369431333
        ],
        "sinr_ue2": [
            1.3343647670404049,
            12.014734837106893,
            17.25425027495643,
            3.215408194740121,
            3.102132652441563,
            3.027539429660572,
            16.397475171876245,
            5.161290433783132,
            21.668251589976318,
            25.107381503261816,
            8.966828515008075,
            21.528331968727173,
            15.228399315674764,
            4.876897100939436,
            10.765291926276277,
            27.754024214968474,
            11.699177479634713,
            15.349244119032486,
            23.38467331985738,
            17.19384187391411
        ],
        "power_bs1": [
            38.57240669268313,
            35.57240669268313,
            32.57240669268313,
            33.57240669268313,
            32.57240669268313,
            35.57240669268313,
            36.57240669268313,
            33.57240669268313,
            32.57240669268313,
            31.572406692683135,
            30.572406692683135,
            33.57240669268313,
            30.572406692683135,
            33.57240669268313,
            30.572406692683135,
            29.57240669268313,
            32.57240669268313,
            33.57240669268313,
            30.57240669268313,
            31.57240669268313
        ],
        "power_bs2": [
            35.52508373038191,
            34.525083730381915,
            31.525083730381912,
            32.52508373038191,
            31.525083730381912,
            34.525083730381915,
            33.525083730381915,
            34.525083730381915,
            31.525083730381912,
            32.52508373038191,
            35.525083730381915,
            36.525083730381915,
            33.525083730381915,
            34.525083730381915,
            37.52508373038191,
            36.525083730381915,
            33.525083730381915,
            30.52508373038191,
            31.525083730381912,
            30.52508373038191
        ]
    }
}