{
    "episode": 487,
    "seed": 487,
    "metrics": {
        "sinr_ue1": [
            27.18911160184222,
            20.100639675157844,
            16.98168740411318,
            35.0861462875088,
            16.870654983756538,
            14.823328023881665,
            12.868697586603158,
            26.0179952575705,
            22.744219753214765,
            10.880247235706344,
            34.01637113305099,
            33.574897979697354,
            25.811952923675157,
            32.84677651652984,
            28.71143594812184,
            33.85995412670224,
            12.712018058857332,
            20.26898057917261,
            8.703259739714218,
            4.652975756689559
        ],
        "sinr_ue2": [
            15.013481926688375,
            13.8295865219091,
            26.412774064017846,
            9.833511523043255,
            9.887104910190518,
            29.563952724998227,
            30.657150605118005,
            17.826874012361053,
            32.27335475458813,
            28.12572545988322,
            9.883793337597629,
            9.922402141689545,
            28.30886145799319,
            12.751846627285289,
            13.872946260524976,
            13.815301914460814,
            34.31444173106756,
            15.910518838456309,
            35.08554025574275,
            41.288472434134455
        ],
        "power_bs1": [
            38.4479429724058,
            41.4479429724058,
            44.4479429724058,
            41.4479429724058,
            44.4479429724058,
            41.4479429724058,
            40.44794297240579,
            37.4479429724058,
            38.4479429724058,
            41.4479429724058,
            44.4479429724058,
            45.4479429724058,
            42.4479429724058,
            41.4479429724058,
            42.4479429724058,
            39.4479429724058,
            42.4479429724058,
            39.4479429724058,
            36.4479429724058,
            35.4479429724058
        ],
        "power_bs2": [
            35.47216527361775,
            38.47216527361775,
            37.47216527361775,
            34.47216527361775,
            37.47216527361775,
            36.47216527361775,
            37.47216527361775,
            38.47216527361775,
            39.47216527361775,
            40.47216527361775,
            37.47216527361775,
            38.47216527361775,
            39.47216527361775,
            38.47216527361775,
            39.47216527361775,
            36.47216527361775,
            39.47216527361775,
            38.47216527361775,
            37.47216527361775,
            40.47216527361775
        ]
    }
}