{
    "episode": 3501,
    "seed": 3501,
    "metrics": {
        "sinr_ue1": [
            28.084887215538977,
            24.54818163266882,
            29.1160036056006,
            11.079180906292372,
            12.100662332397025,
            16.523998524342694,
            11.149027464078003,
            9.147282073341415,
            22.75391973560632,
            5.193347337311498,
            7.2101859449202035,
            17.248618763709317,
            7.222986061956004,
            24.372544069318344,
            11.198510872469543,
            23.518465468145333,
            21.108698869998417,
            3.1942011447606133,
            -0.8207882674416853,
            5.514008337375467
        ],
        "sinr_ue2": [
            7.865715510197884,
            10.023447169436842,
            8.173033668099063,
            23.9972222822485,
            20.815523939751955,
            22.163807124612873,
            14.191526845065574,
            24.133985845712424,
            8.708539592860998,
            24.698593119918506,
            30.97729758460055,
            14.632434287266054,
            24.674879966621553,
            8.572515145566138,
            25.21888098295595,
            18.944678328914378,
            12.642060783311639,
            32.00584638312277,
            28.887314626266736,
            18.50869187659707
        ],
        "power_bs1": [
            33.50732774093363,
            30.507327740933633,
            31.507327740933633,
            34.50732774093363,
            35.50732774093363,
            36.50732774093363,
            37.50732774093363,
            36.50732774093363,
            39.50732774093363,
            38.50732774093363,
            39.50732774093363,
            36.50732774093363,
            39.50732774093363,
            38.50732774093363,
            37.50732774093363,
            34.50732774093363,
            35.50732774093363,
            34.50732774093363,
            31.507327740933633,
            32.50732774093363
        ],
        "power_bs2": [
            35.63744094014353,
            34.63744094014353,
            33.63744094014352,
            34.63744094014353,
            37.63744094014353,
            38.63744094014353,
            37.63744094014353,
            38.63744094014353,
            41.637440940143534,
            44.63744094014353,
            43.63744094014352,
            44.63744094014353,
            43.63744094014352,
            40.63744094014353,
            37.63744094014353,
            38.63744094014352,
            41.63744094014352,
            42.63744094014353,
            43.63744094014352,
            44.63744094014353
        ]
    }
}