{
    "episode": 30,
    "seed": 30,
    "metrics": {
        "sinr_ue1": [
            41.0824887049553,
            44.200113426095,
            42.10718896308631,
            33.8550490015425,
            22.697050472848428,
            22.623273193085033,
            35.10907455700125,
            33.68771664832023,
            20.413244855749475,
            34.04065552630218,
            24.220290908641495,
            44.897323441126105,
            47.85100191281833,
            43.933570917388536,
            29.533534214663174,
            48.62439828013292,
            30.000246709003964,
            30.415071822346604,
            47.13022718266481,
            32.41434986189449
        ],
        "sinr_ue2": [
            9.510606181005198,
            5.503237958208654,
            1.545097915682395,
            3.560532481847352,
            22.405105383145706,
            30.385582040569993,
            9.496851162194801,
            11.438792091416971,
            29.31533326460027,
            17.92812280223984,
            26.68280812963447,
            3.3602820170644154,
            3.3724006436774987,
            20.09065849869109,
            15.173075671329435,
            1.3564513626103327,
            19.039347775970977,
            20.66487611036946,
            1.5001639494832393,
            12.225053282337882
        ],
        "power_bs1": [
            41.52066942165924,
            42.52066942165924,
            43.52066942165925,
            42.52066942165924,
            39.52066942165924,
            38.52066942165925,
            35.52066942165924,
            34.52066942165924,
            31.520669421659242,
            28.520669421659242,
            31.520669421659242,
            34.52066942165924,
            35.52066942165924,
            32.52066942165924,
            33.52066942165924,
            36.52066942165924,
            35.52066942165924,
            38.52066942165924,
            39.52066942165924,
            40.520669421659235
        ],
        "power_bs2": [
            35.9302491332093,
            32.9302491332093,
            29.930249133209298,
            30.930249133209298,
            33.930249133209294,
            32.930249133209294,
            29.930249133209298,
            30.930249133209298,
            27.9302491332093,
            26.930249133209298,
            23.930249133209294,
            22.930249133209294,
            23.930249133209294,
            20.930249133209298,
            19.930249133209298,
            22.930249133209294,
            21.930249133209298,
            24.930249133209298,
            25.930249133209298,
            24.930249133209298
        ]
    }
}