{
    "episode": 1550,
    "seed": 1550,
    "metrics": {
        "sinr_ue1": [
            14.078126545708137,
            29.317702167094588,
            31.599023742138822,
            18.08397581540685,
            12.066193426565437,
            25.237125102635805,
            28.700264558660344,
            15.977837937593677,
            15.940329413383846,
            33.63072812007739,
            13.994544367906705,
            24.157320410418286,
            23.80467444473667,
            19.446166541487656,
            24.906515547213726,
            23.349561395762194,
            18.43590129739376,
            20.9266602113693,
            23.536041514152725,
            14.102269146929967
        ],
        "sinr_ue2": [
            33.38159007287378,
            26.558414068341367,
            13.814280699452695,
            33.830854904970955,
            33.90010706165428,
            41.13408144695359,
            19.611929807850686,
            33.18092512745693,
            35.866570264027864,
            17.696046835121727,
            38.66477446917674,
            35.41884207636757,
            29.302352592814458,
            40.18128140296315,
            49.98397842362186,
            42.27647013721093,
            29.448128474260304,
            29.575610559141236,
            23.37568611785622,
            35.943171844225816
        ],
        "power_bs1": [
            38.61879524929798,
            41.61879524929798,
            44.61879524929799,
            43.61879524929798,
            40.61879524929799,
            41.61879524929798,
            44.61879524929799,
            43.61879524929798,
            42.61879524929799,
            41.61879524929798,
            38.61879524929798,
            35.61879524929799,
            32.61879524929798,
            31.618795249297985,
            32.61879524929799,
            29.618795249297985,
            32.61879524929798,
            33.61879524929798,
            36.61879524929799,
            39.61879524929798
        ],
        "power_bs2": [
            39.53494199797801,
            42.53494199797801,
            39.53494199797801,
            40.53494199797801,
            43.53494199797801,
            44.53494199797802,
            45.53494199797801,
            42.53494199797801,
            41.53494199797802,
            40.53494199797801,
            39.53494199797801,
            40.53494199797801,
            43.53494199797801,
            44.53494199797802,
            41.53494199797802,
            40.53494199797801,
            43.53494199797801,
            44.53494199797802,
            41.53494199797802,
            40.53494199797801
        ]
    }
}