{
    "episode": 974,
    "seed": 974,
    "metrics": {
        "sinr_ue1": [
            17.75964310501972,
            30.441588670432772,
            31.50549111989609,
            35.60893527372193,
            34.65809668927862,
            11.707975717478627,
            29.099746805111984,
            30.75845022673245,
            15.736077403373583,
            15.718115077553037,
            9.740782028883304,
            16.436901355265043,
            33.20870131158876,
            17.605195965417607,
            35.54714300011134,
            42.20112584941181,
            21.50235601347144,
            21.294470216247902,
            38.15671901808305,
            15.637583067105838
        ],
        "sinr_ue2": [
            39.99874781891525,
            24.526266767577116,
            22.433428474652047,
            22.314157617501778,
            38.18412909518313,
            45.09562887273533,
            22.245411779991635,
            37.221980619668614,
            38.415116204402395,
            39.15782515086738,
            45.266340428806956,
            28.219288891904817,
            26.518505570547475,
            35.5027325514722,
            2.6162252912206303,
            15.998116975812708,
            26.181597037170693,
            33.85655684038257,
            15.6276121882275,
            35.10453952945105
        ],
        "power_bs1": [
            39.54212286758997,
            36.542122867589974,
            35.542122867589974,
            38.542122867589974,
            37.542122867589974,
            36.542122867589974,
            39.54212286758997,
            36.542122867589974,
            39.54212286758997,
            36.542122867589974,
            33.542122867589974,
            30.54212286758997,
            33.542122867589974,
            34.54212286758997,
            35.542122867589974,
            38.542122867589974,
            37.542122867589974,
            34.54212286758997,
            37.542122867589974,
            34.54212286758997
        ],
        "power_bs2": [
            36.89745869542169,
            37.89745869542169,
            34.89745869542169,
            37.89745869542169,
            36.89745869542169,
            39.89745869542169,
            38.89745869542169,
            37.89745869542169,
            38.89745869542169,
            35.89745869542169,
            38.89745869542169,
            35.89745869542169,
            34.89745869542169,
            31.897458695421687,
            30.897458695421687,
            31.897458695421687,
            30.897458695421687,
            27.89745869542169,
            30.897458695421687,
            33.89745869542168
        ]
    }
}