{
    "episode": 1506,
    "seed": 1506,
    "metrics": {
        "sinr_ue1": [
            18.84549872947534,
            21.033438001432245,
            15.766294647606196,
            0.6708835362791237,
            11.60070627559447,
            14.602108244119623,
            0.6352368475875901,
            15.98003122676738,
            22.790166843802137,
            4.597542452372397,
            19.36306272794099,
            0.5257560026440353,
            8.824163305535379,
            12.504673762294763,
            12.544911418743585,
            27.340072925617797,
            27.378447891240594,
            16.558500237843333,
            35.54058172885056,
            35.96377111158307
        ],
        "sinr_ue2": [
            37.01731378102074,
            25.07046870591215,
            28.97361041796747,
            47.31141965893924,
            16.341705875418356,
            34.15280401125024,
            43.92151868896204,
            40.03044600418605,
            22.948953739735355,
            38.2359222918278,
            24.795658132974733,
            45.01882383934089,
            20.801565012687497,
            20.808300010535348,
            32.30845500842958,
            14.830278461153497,
            14.807114241032885,
            25.75497922791229,
            17.400889597261116,
            26.877626934481928
        ],
        "power_bs1": [
            31.169712921743105,
            32.169712921743105,
            29.169712921743105,
            32.169712921743105,
            33.169712921743105,
            30.169712921743105,
            31.169712921743105,
            30.169712921743105,
            33.169712921743105,
            34.169712921743105,
            31.169712921743105,
            32.169712921743105,
            35.169712921743105,
            38.169712921743105,
            41.1697129217431,
            38.1697129217431,
            41.1697129217431,
            42.169712921743105,
            45.169712921743105,
            44.169712921743105
        ],
        "power_bs2": [
            41.823026261171776,
            42.823026261171776,
            43.823026261171776,
            44.823026261171776,
            41.823026261171776,
            40.82302626117177,
            43.82302626117177,
            44.823026261171776,
            41.823026261171776,
            42.823026261171776,
            41.823026261171776,
            44.823026261171776,
            41.823026261171776,
            38.823026261171776,
            41.82302626117177,
            38.82302626117177,
            41.82302626117177,
            38.82302626117177,
            35.82302626117177,
            36.82302626117177
        ]
    }
}