{
    "episode": 4138,
    "seed": 4138,
    "metrics": {
        "sinr_ue1": [
            14.75355738787245,
            18.74427634233564,
            29.030191850725643,
            30.672566995217387,
            34.07945576658252,
            10.82269808965025,
            10.868175391555406,
            6.902376783923792,
            27.143990354476383,
            29.264164541252597,
            24.45872024455689,
            12.849861080469807,
            26.910979771563326,
            12.869339060823641,
            21.98361703477486,
            12.868484476748115,
            6.905201200256497,
            0.9067913152973105,
            4.910995602946267,
            6.8774312374998345
        ],
        "sinr_ue2": [
            31.581198757571638,
            33.662599790018355,
            17.36551086213733,
            17.52994857556002,
            23.427217583463168,
            42.359955210464676,
            25.50049149599102,
            50.11597700188753,
            25.975371860405545,
            25.90809057029583,
            25.822273241000858,
            42.33415082671439,
            35.356010929827086,
            24.014624794026798,
            33.2317131308891,
            37.745201022006675,
            43.59175974066355,
            54.18538040416528,
            49.03464801451352,
            49.08686610770595
        ],
        "power_bs1": [
            41.31866302087535,
            44.31866302087535,
            41.31866302087535,
            40.31866302087535,
            37.31866302087535,
            38.31866302087535,
            41.31866302087535,
            38.31866302087535,
            41.31866302087535,
            38.31866302087535,
            41.31866302087535,
            40.31866302087535,
            39.31866302087535,
            42.31866302087535,
            39.31866302087535,
            40.31866302087535,
            37.31866302087535,
            34.31866302087535,
            35.31866302087535,
            36.31866302087535
        ],
        "power_bs2": [
            38.64014205280205,
            37.64014205280205,
            34.64014205280205,
            33.64014205280205,
            36.64014205280205,
            39.64014205280205,
            42.64014205280205,
            43.64014205280205,
            42.64014205280205,
            39.64014205280205,
            42.64014205280205,
            39.64014205280205,
            38.64014205280205,
            41.64014205280205,
            40.64014205280205,
            39.64014205280205,
            42.64014205280205,
            45.64014205280205,
            42.64014205280205,
            41.64014205280204
        ]
    }
}