{
    "episode": 2117,
    "seed": 2117,
    "metrics": {
        "sinr_ue1": [
            20.40091723780923,
            20.384245882597376,
            20.401353820819168,
            33.43641591450974,
            33.60695496396389,
            36.46963233686186,
            18.32070944084278,
            14.312862765369282,
            18.743893572972976,
            28.266063435738424,
            19.123454597284507,
            29.936203129236716,
            30.325295021788126,
            33.70421879636473,
            29.469217031732104,
            39.319833717689114,
            43.754034093053434,
            39.219935285677415,
            41.41956666621702,
            32.2783361115441
        ],
        "sinr_ue2": [
            15.688844254874432,
            28.622859014837623,
            20.030294328018584,
            6.050761544172931,
            4.027459881573206,
            15.63922129894344,
            26.718600414983435,
            21.52971762927511,
            27.84378359142047,
            12.014791953985702,
            26.805451808046588,
            11.972764180501548,
            11.968537447031604,
            7.941848015624814,
            25.193894251590443,
            3.948304651493288,
            -0.0391905287007772,
            -0.02419265416183298,
            3.945397193775373,
            3.9292916894520484
        ],
        "power_bs1": [
            42.51744348727303,
            43.51744348727303,
            40.51744348727303,
            39.51744348727303,
            42.51744348727303,
            43.51744348727303,
            40.51744348727303,
            39.51744348727303,
            38.51744348727303,
            39.51744348727303,
            36.51744348727303,
            35.51744348727303,
            36.51744348727303,
            37.51744348727303,
            38.51744348727303,
            37.51744348727303,
            40.51744348727303,
            39.51744348727303,
            36.51744348727303,
            33.51744348727303
        ],
        "power_bs2": [
            36.15290561905111,
            37.15290561905111,
            34.15290561905111,
            33.15290561905111,
            34.15290561905111,
            35.15290561905111,
            36.15290561905111,
            39.15290561905111,
            36.15290561905111,
            39.15290561905111,
            38.15290561905111,
            35.15290561905111,
            36.15290561905111,
            33.15290561905111,
            32.15290561905111,
            29.152905619051115,
            28.152905619051115,
            27.15290561905111,
            28.152905619051115,
            25.15290561905111
        ]
    }
}