{
    "episode": 1001,
    "seed": 1001,
    "metrics": {
        "sinr_ue1": [
            29.709709926767548,
            17.44948322749847,
            5.740083677163284,
            10.975495373789697,
            11.432468606455117,
            15.232569513903213,
            25.301097665433243,
            4.155503081796258,
            17.776882659083213,
            29.05094402913104,
            9.34772042187923,
            25.888380514126766,
            29.412320968317903,
            32.46722120646623,
            27.887400959263932,
            11.484573713303337,
            21.373344413340675,
            34.03976888585955,
            11.41631986528973,
            31.23498449037976
        ],
        "sinr_ue2": [
            10.1484723119216,
            16.18882288092022,
            17.720946806530918,
            31.728851802946537,
            16.207916367690064,
            16.210639152783795,
            14.253379651955264,
            35.446266069946894,
            30.68458306931731,
            28.134437609613787,
            27.948338046579778,
            14.150821221978989,
            12.162543121977885,
            8.33079257643228,
            10.359093538579955,
            10.394742267700892,
            25.244908391036944,
            5.1347073056218395,
            28.12673846647491,
            6.358025559922257
        ],
        "power_bs1": [
            31.206200265175532,
            28.206200265175532,
            25.206200265175532,
            22.206200265175532,
            25.206200265175532,
            22.206200265175532,
            23.206200265175532,
            22.206200265175532,
            23.206200265175532,
            22.206200265175532,
            23.206200265175532,
            20.206200265175532,
            19.206200265175532,
            22.206200265175532,
            21.206200265175532,
            24.206200265175532,
            23.20620026517553,
            22.206200265175532,
            19.206200265175532,
            22.20620026517553
        ],
        "power_bs2": [
            42.423031770156356,
            45.423031770156356,
            42.423031770156356,
            39.423031770156356,
            42.423031770156356,
            39.423031770156356,
            38.423031770156356,
            39.423031770156356,
            36.423031770156356,
            33.423031770156356,
            36.423031770156356,
            35.423031770156356,
            32.423031770156356,
            31.423031770156356,
            32.423031770156356,
            35.423031770156356,
            32.42303177015635,
            29.423031770156353,
            30.423031770156356,
            29.423031770156353
        ]
    }
}