{
    "episode": 4000,
    "seed": 4000,
    "metrics": {
        "sinr_ue1": [
            35.9359335804207,
            28.222615021807815,
            21.31049379077684,
            3.8446218553643052,
            23.501226908985203,
            9.917482838176447,
            5.917296066123784,
            20.647763914699215,
            7.912464083907379,
            25.897456156931465,
            23.000536767585086,
            20.130067899785026,
            25.425134779637165,
            22.522215766740985,
            23.02001203530475,
            23.622941356193657,
            31.333557913195662,
            36.32547098490593,
            29.04587601575156,
            27.50102714812889
        ],
        "sinr_ue2": [
            13.049009124594084,
            17.05535678060312,
            31.776296935138287,
            43.289077183702496,
            23.012308399656057,
            37.24335856861872,
            40.847900341473995,
            20.88971209911376,
            28.94214632778887,
            41.21928074558812,
            20.88882460264271,
            18.875673998815255,
            22.825976906888098,
            18.903764031305606,
            22.913260866612394,
            20.892779297482868,
            16.942277999463357,
            10.995306520311768,
            32.61995799828845,
            16.911768531134673
        ],
        "power_bs1": [
            38.247764219674735,
            37.247764219674735,
            34.24776421967473,
            31.247764219674732,
            32.24776421967473,
            35.24776421967473,
            32.24776421967473,
            31.247764219674732,
            34.24776421967473,
            31.24776421967473,
            34.24776421967473,
            37.24776421967473,
            34.24776421967473,
            37.24776421967473,
            36.24776421967473,
            35.24776421967473,
            38.24776421967473,
            41.247764219674735,
            40.24776421967473,
            37.24776421967473
        ],
        "power_bs2": [
            36.64231030010127,
            39.64231030010127,
            38.64231030010127,
            41.64231030010127,
            40.64231030010127,
            39.64231030010127,
            40.64231030010127,
            37.64231030010127,
            40.64231030010127,
            39.64231030010127,
            40.64231030010127,
            41.64231030010128,
            42.64231030010127,
            41.64231030010128,
            44.64231030010127,
            41.64231030010128,
            40.64231030010127,
            37.64231030010127,
            40.64231030010127,
            39.64231030010127
        ]
    }
}