{
    "episode": 4095,
    "seed": 4095,
    "metrics": {
        "sinr_ue1": [
            15.069496070685034,
            15.077364614321194,
            24.25078686166614,
            17.05384706930875,
            28.168269203669325,
            32.74464142426861,
            43.21338433944183,
            34.27987598676291,
            41.89582213379205,
            23.101211549417314,
            46.536434871731,
            19.183550657775925,
            35.02364547324584,
            17.116695830296116,
            13.083628687918342,
            37.76876683597182,
            33.21439577532257,
            25.150774882847934,
            27.0656132309108,
            38.104242220168175
        ],
        "sinr_ue2": [
            31.557883051502372,
            29.70713423448213,
            16.585635461504413,
            27.735620498740094,
            19.67744601410648,
            4.398412952347434,
            2.558364154051897,
            9.295077938577075,
            4.536863270591355,
            22.391608553342234,
            2.4831412359521763,
            21.434815401522588,
            10.4489000343397,
            25.023923994374194,
            15.023627715917975,
            10.474119245204477,
            4.444690208967099,
            19.038323789767574,
            8.68891589865725,
            0.3807481165870241
        ],
        "power_bs1": [
            38.45981190554876,
            37.45981190554876,
            36.45981190554876,
            39.45981190554876,
            40.45981190554876,
            41.45981190554877,
            44.45981190554876,
            43.45981190554877,
            42.45981190554876,
            41.45981190554877,
            40.45981190554876,
            37.45981190554876,
            36.45981190554876,
            39.45981190554876,
            36.45981190554876,
            39.45981190554876,
            42.45981190554876,
            43.45981190554876,
            42.45981190554876,
            45.45981190554876
        ],
        "power_bs2": [
            37.04493637212561,
            36.04493637212561,
            39.04493637212561,
            36.04493637212561,
            37.04493637212561,
            34.04493637212561,
            33.044936372125605,
            36.04493637212561,
            33.044936372125605,
            32.04493637212561,
            29.04493637212561,
            32.044936372125605,
            33.044936372125605,
            36.04493637212561,
            37.04493637212561,
            36.04493637212561,
            33.044936372125605,
            32.04493637212561,
            29.04493637212561,
            32.044936372125605
        ]
    }
}