{
    "episode": 4641,
    "seed": 4641,
    "metrics": {
        "sinr_ue1": [
            16.115021868065075,
            -2.5056108074959083,
            25.36429721951919,
            25.72608741924944,
            10.970259195325976,
            17.3631506589269,
            5.037081699769884,
            3.046314134590366,
            7.054049201523088,
            5.031466026742292,
            -0.9535426786504974,
            14.79451226929893,
            21.27551431251323,
            0.9826741603645142,
            11.621096953751966,
            2.968209753359446,
            23.367968605873706,
            2.9797428011755005,
            17.00021485981291,
            -2.986945060132425
        ],
        "sinr_ue2": [
            3.7353289258629845,
            17.20304335201448,
            1.7796710240777922,
            -2.0714234062734334,
            16.172508965951018,
            3.773377687540012,
            15.13261051583954,
            20.900304413038665,
            12.318812255766717,
            18.4251897933845,
            28.758207928508096,
            11.183611786128454,
            9.23341375030542,
            9.73260861602273,
            3.315079820691487,
            13.592829704986105,
            5.322244404904957,
            25.425216734323666,
            7.342011030404205,
            33.331149812668585
        ],
        "power_bs1": [
            31.56555468407187,
            34.56555468407187,
            35.56555468407187,
            36.56555468407187,
            35.56555468407187,
            32.56555468407187,
            33.56555468407187,
            32.56555468407187,
            33.56555468407187,
            32.56555468407187,
            29.565554684071866,
            30.565554684071866,
            29.565554684071866,
            30.565554684071866,
            31.56555468407187,
            30.565554684071866,
            33.56555468407186,
            30.565554684071866,
            29.565554684071866,
            28.565554684071866
        ],
        "power_bs2": [
            38.58390704319089,
            37.58390704319089,
            40.583907043190884,
            37.58390704319089,
            36.583907043190884,
            39.583907043190884,
            40.583907043190884,
            41.583907043190884,
            38.583907043190884,
            39.583907043190884,
            42.58390704319089,
            45.583907043190884,
            42.58390704319089,
            41.583907043190884,
            38.583907043190884,
            39.583907043190884,
            42.58390704319089,
            39.583907043190884,
            40.583907043190884,
            43.583907043190884
        ]
    }
}