{
    "episode": 4240,
    "seed": 4240,
    "metrics": {
        "sinr_ue1": [
            42.45386541168698,
            23.91086743743235,
            23.828752021700375,
            41.83804065989561,
            21.89920610988913,
            39.17638068628188,
            21.907329580991636,
            36.61594006731348,
            21.954900372435226,
            39.826866979135495,
            29.921375343940127,
            27.88712687411177,
            49.88542181887246,
            42.5432579957655,
            29.534519740181008,
            46.52335671122899,
            39.13043404298008,
            48.851034362578886,
            29.2979051618782,
            29.59243719363854
        ],
        "sinr_ue2": [
            17.70321842076792,
            30.106372132767078,
            37.39957869536033,
            10.363570844851262,
            35.24426010059797,
            19.71104561315218,
            31.667050957981907,
            17.5940509250636,
            39.57424359777869,
            13.669185065136872,
            27.85249254627919,
            19.485341205818873,
            13.756297403268318,
            24.494337681291665,
            22.268806032239933,
            7.820137249998842,
            7.761495788493759,
            7.674558943112293,
            29.656861695600462,
            9.70677555123299
        ],
        "power_bs1": [
            45.65324028495942,
            44.653240284959416,
            41.653240284959416,
            40.65324028495942,
            41.653240284959416,
            38.653240284959416,
            37.653240284959416,
            40.65324028495942,
            41.653240284959416,
            44.653240284959416,
            45.65324028495942,
            42.65324028495942,
            39.653240284959416,
            38.653240284959416,
            39.653240284959416,
            42.65324028495942,
            39.653240284959416,
            40.65324028495942,
            37.653240284959416,
            40.65324028495942
        ],
        "power_bs2": [
            40.79556205662713,
            37.79556205662714,
            34.79556205662713,
            35.79556205662713,
            36.79556205662714,
            35.79556205662713,
            32.79556205662713,
            35.79556205662713,
            36.79556205662714,
            35.79556205662713,
            32.79556205662713,
            31.795562056627137,
            30.795562056627137,
            27.795562056627134,
            26.795562056627137,
            27.795562056627134,
            24.795562056627137,
            25.795562056627137,
            24.795562056627137,
            27.795562056627134
        ]
    }
}