{
    "episode": 4114,
    "seed": 4114,
    "metrics": {
        "sinr_ue1": [
            -0.31008820913583085,
            17.21452438846082,
            3.572182786850041,
            3.620383073422164,
            7.600069105600117,
            9.638831412253573,
            15.578618641968509,
            9.599492369201561,
            11.628200588691389,
            28.540928354626615,
            21.21420988054549,
            16.69644542875121,
            7.7520462564852295,
            25.055769007371964,
            3.7424049589273594,
            3.7929245456865504,
            17.736867453942512,
            14.911597469642748,
            5.826674507251191,
            9.833428023375477
        ],
        "sinr_ue2": [
            36.29957399420947,
            21.995108224851574,
            34.06097666581327,
            27.258407251770773,
            23.23828530705306,
            24.3808823796657,
            21.11203873308261,
            29.479623916216624,
            29.33881690565943,
            8.053540504935501,
            13.89045405812748,
            15.753049260271762,
            29.218553158645413,
            13.572559633032037,
            37.58518666901259,
            28.13527009278082,
            17.490631276126102,
            37.174455558365295,
            32.871056885876826,
            25.95855670808615
        ],
        "power_bs1": [
            35.951948432377115,
            34.951948432377115,
            37.951948432377115,
            36.951948432377115,
            39.951948432377115,
            40.95194843237712,
            43.951948432377115,
            40.95194843237712,
            39.951948432377115,
            38.951948432377115,
            35.951948432377115,
            34.951948432377115,
            35.951948432377115,
            38.951948432377115,
            35.951948432377115,
            34.951948432377115,
            33.951948432377115,
            34.951948432377115,
            37.951948432377115,
            40.95194843237711
        ],
        "power_bs2": [
            42.08209909006956,
            41.082099090069555,
            40.08209909006956,
            39.082099090069555,
            38.082099090069555,
            37.082099090069555,
            34.082099090069555,
            37.082099090069555,
            34.082099090069555,
            31.082099090069555,
            34.082099090069555,
            35.082099090069555,
            34.082099090069555,
            37.082099090069555,
            38.082099090069555,
            37.082099090069555,
            36.082099090069555,
            39.082099090069555,
            38.082099090069555,
            37.08209909006955
        ]
    }
}