{
    "episode": 2505,
    "seed": 2505,
    "metrics": {
        "sinr_ue1": [
            37.16024068409616,
            30.624324376210055,
            42.400228916826144,
            36.620583325489385,
            44.651667581812774,
            41.398360543211325,
            26.131827448118802,
            28.1688795101051,
            40.18986526488389,
            30.13559376296497,
            26.077667436545152,
            44.66527955498521,
            28.07665328787893,
            39.983243414292744,
            26.044211311275998,
            41.19950614099941,
            26.0673790859384,
            41.93582949317954,
            50.38629952607445,
            43.99895314805322
        ],
        "sinr_ue2": [
            26.57958833191889,
            14.564628053418353,
            10.565069358120686,
            28.539638172379597,
            6.631158079103697,
            10.598419696628271,
            21.882255416202547,
            25.872506209580344,
            29.309725120199133,
            23.161504584037402,
            27.20996226774533,
            8.682900859458055,
            25.298217183998407,
            12.629368003103226,
            25.461893573256077,
            10.598032992888744,
            10.622234480237246,
            10.601174673100397,
            4.569193742677749,
            22.0357519732176
        ],
        "power_bs1": [
            40.06723144234054,
            39.067231442340535,
            40.06723144234054,
            39.067231442340535,
            42.067231442340535,
            41.067231442340535,
            38.06723144234054,
            39.067231442340535,
            38.06723144234054,
            41.067231442340535,
            40.06723144234054,
            39.067231442340535,
            38.06723144234054,
            35.067231442340535,
            36.067231442340535,
            39.067231442340535,
            42.067231442340535,
            39.067231442340535,
            42.067231442340535,
            39.067231442340535
        ],
        "power_bs2": [
            34.367835250727865,
            37.367835250727865,
            34.367835250727865,
            35.367835250727865,
            32.367835250727865,
            35.367835250727865,
            32.367835250727865,
            31.367835250727865,
            32.367835250727865,
            31.367835250727865,
            34.367835250727865,
            31.367835250727865,
            30.367835250727865,
            31.367835250727865,
            30.367835250727865,
            33.367835250727865,
            36.367835250727865,
            33.367835250727865,
            30.367835250727865,
            27.36783525072786
        ]
    }
}