{
    "episode": 3897,
    "seed": 3897,
    "metrics": {
        "sinr_ue1": [
            46.41669064365491,
            55.35836240056309,
            44.48343341368216,
            51.779613794442945,
            35.342159576995094,
            45.30092672002445,
            34.24154672799507,
            28.093105167213366,
            36.678527986003346,
            27.729957170916425,
            39.182507424434306,
            25.956318537118687,
            44.431788061114375,
            40.82873750240823,
            42.00634224125936,
            29.365959603996018,
            39.97162562546367,
            32.778452426205604,
            38.234646745719154,
            23.2396118914248
        ],
        "sinr_ue2": [
            18.100856337974548,
            2.5314147695999223,
            18.588098416882303,
            4.516693368558771,
            6.5828847837042535,
            10.543850252488504,
            26.048969016170705,
            23.32316936047052,
            18.87227795918524,
            15.741390934584821,
            21.570351840378926,
            25.44401244519305,
            2.460772542246344,
            20.750080381134985,
            4.436749401503749,
            21.792960073026105,
            6.343177299168393,
            28.446150574920818,
            18.999239898619525,
            10.254702521820953
        ],
        "power_bs1": [
            43.01564790415971,
            44.01564790415971,
            45.01564790415971,
            44.01564790415971,
            41.01564790415971,
            38.01564790415971,
            41.01564790415971,
            42.01564790415971,
            43.01564790415971,
            40.01564790415971,
            37.01564790415971,
            40.01564790415971,
            43.01564790415971,
            44.01564790415971,
            41.01564790415971,
            38.01564790415971,
            35.01564790415971,
            34.01564790415971,
            37.01564790415971,
            40.0156479041597
        ],
        "power_bs2": [
            34.298393272300586,
            35.298393272300586,
            34.298393272300586,
            37.298393272300586,
            36.298393272300586,
            37.298393272300586,
            40.298393272300586,
            37.298393272300586,
            34.298393272300586,
            35.298393272300586,
            36.298393272300586,
            37.298393272300586,
            34.298393272300586,
            37.298393272300586,
            34.298393272300586,
            31.298393272300586,
            30.298393272300586,
            33.298393272300586,
            36.298393272300586,
            39.298393272300586
        ]
    }
}