{
    "episode": 3931,
    "seed": 3931,
    "metrics": {
        "sinr_ue1": [
            45.09603754406319,
            30.92153546613373,
            37.24299744936673,
            37.72862632882984,
            28.713196288666595,
            43.01354882546255,
            28.36625369499543,
            45.51161566255609,
            29.461416327569378,
            27.143662434678305,
            41.77685391471848,
            34.822844192554626,
            34.5250280380209,
            26.960799713711424,
            41.85471738246072,
            26.253321982054565,
            35.289479036558596,
            36.24857497925542,
            24.186482457816293,
            20.955922346910217
        ],
        "sinr_ue2": [
            11.420669626306116,
            25.434389978103738,
            13.362330478110982,
            15.231712712804576,
            29.67618737688333,
            11.15216152262025,
            22.182411719497296,
            12.994937445691077,
            19.66483578846714,
            29.87939409552189,
            12.418796074448064,
            14.610880182238823,
            18.1867480123625,
            30.20192973966641,
            18.654323640633038,
            44.38998511609175,
            31.541384658385645,
            18.551844827808637,
            33.30783424669246,
            37.6884754451482
        ],
        "power_bs1": [
            34.34274456404986,
            35.34274456404986,
            32.34274456404986,
            29.34274456404986,
            30.342744564049863,
            27.34274456404986,
            26.34274456404986,
            23.34274456404986,
            24.34274456404986,
            21.34274456404986,
            18.34274456404986,
            19.34274456404986,
            16.34274456404986,
            17.34274456404986,
            20.34274456404986,
            23.34274456404986,
            20.34274456404986,
            21.34274456404986,
            24.342744564049855,
            25.34274456404986
        ],
        "power_bs2": [
            29.0370493586469,
            28.037049358646904,
            29.0370493586469,
            28.037049358646904,
            25.0370493586469,
            22.037049358646904,
            21.037049358646904,
            20.0370493586469,
            17.0370493586469,
            16.0370493586469,
            15.0370493586469,
            18.0370493586469,
            19.0370493586469,
            22.037049358646904,
            23.0370493586469,
            20.0370493586469,
            21.037049358646904,
            24.0370493586469,
            27.037049358646904,
            28.0370493586469
        ]
    }
}