{
    "episode": 4551,
    "seed": 4551,
    "metrics": {
        "sinr_ue1": [
            46.256144056149,
            42.607207612630006,
            22.95171787824566,
            32.512263238142154,
            22.949759772042547,
            35.40388010676153,
            31.76990888826247,
            38.11899389192103,
            24.544947672743405,
            30.403284120381837,
            31.911748618243777,
            41.08953403504522,
            26.60431198973139,
            28.626877212291248,
            45.857037999512855,
            49.00158303895565,
            53.57460894599235,
            32.65586906493598,
            30.693653262046503,
            45.034061336104884
        ],
        "sinr_ue2": [
            14.943830812741883,
            18.979091593627714,
            35.834388379815614,
            34.92813662364286,
            34.0892735013955,
            20.924111488988185,
            22.802479671990056,
            33.35635069630782,
            33.95387579151866,
            32.10531168376426,
            25.581549876077432,
            15.120425334159366,
            15.280414726269749,
            33.804503032789455,
            15.05742913488753,
            11.186852675814361,
            25.090511429037207,
            18.24292631224218,
            30.616591026138703,
            5.1424923026763105
        ],
        "power_bs1": [
            39.40288370648173,
            36.40288370648173,
            33.40288370648173,
            32.402883706481724,
            33.40288370648173,
            32.402883706481724,
            29.402883706481727,
            28.402883706481727,
            29.402883706481727,
            32.402883706481724,
            31.40288370648173,
            28.402883706481727,
            31.402883706481724,
            32.402883706481724,
            31.402883706481724,
            32.402883706481724,
            35.40288370648173,
            36.40288370648173,
            35.40288370648173,
            38.40288370648173
        ],
        "power_bs2": [
            34.07443866690861,
            35.07443866690862,
            32.07443866690861,
            33.07443866690861,
            32.07443866690861,
            33.07443866690861,
            32.07443866690861,
            29.074438666908616,
            26.074438666908613,
            23.074438666908613,
            20.074438666908613,
            23.074438666908613,
            26.074438666908613,
            25.074438666908613,
            26.074438666908613,
            23.074438666908613,
            22.074438666908613,
            25.074438666908613,
            26.074438666908613,
            23.074438666908613
        ]
    }
}