{
    "episode": 2079,
    "seed": 2079,
    "metrics": {
        "sinr_ue1": [
            17.99642575257702,
            19.951158829767405,
            15.768999440389708,
            26.39243644538405,
            32.375731226000724,
            22.599642130961975,
            31.363443000274202,
            27.13509848511587,
            33.97058236969888,
            13.631493161344254,
            15.585281033443037,
            23.43459504943555,
            25.302009148027594,
            11.659748429571678,
            5.562711729303138,
            25.915772757021966,
            22.386314646226538,
            18.724491425187782,
            19.964739313654896,
            -2.5124068289001027
        ],
        "sinr_ue2": [
            13.359734890485635,
            24.083487317672166,
            30.01972964136364,
            13.894514634264025,
            7.955109440527917,
            9.962503596642396,
            11.926632328820348,
            24.98304398442802,
            5.78335614373305,
            30.31955143420367,
            23.267097994759478,
            13.644064779713476,
            11.725204543029344,
            15.775096860665702,
            35.99801235043941,
            17.81436049868514,
            17.90293504525231,
            21.85015688160332,
            21.86055701411067,
            39.46045728672862
        ],
        "power_bs1": [
            33.89447585100797,
            36.89447585100797,
            35.89447585100797,
            32.89447585100797,
            35.89447585100797,
            32.89447585100797,
            31.89447585100797,
            28.894475851007968,
            31.894475851007968,
            30.894475851007968,
            31.894475851007968,
            28.894475851007968,
            31.894475851007968,
            30.894475851007964,
            27.894475851007968,
            26.894475851007968,
            27.894475851007968,
            24.894475851007968,
            27.894475851007968,
            24.894475851007968
        ],
        "power_bs2": [
            31.356666079392433,
            32.35666607939243,
            35.35666607939244,
            38.35666607939244,
            35.35666607939244,
            34.35666607939244,
            35.35666607939244,
            32.35666607939243,
            29.356666079392436,
            32.35666607939243,
            31.356666079392433,
            34.35666607939244,
            35.35666607939243,
            38.35666607939244,
            37.35666607939243,
            36.35666607939243,
            37.35666607939243,
            38.35666607939244,
            41.35666607939243,
            42.35666607939244
        ]
    }
}