{
    "episode": 2304,
    "seed": 2304,
    "metrics": {
        "sinr_ue1": [
            11.8371687385212,
            13.88481905761842,
            15.841073377018823,
            11.790808597947047,
            13.742424092875375,
            13.251497493230866,
            15.722042437681731,
            38.2485369706579,
            21.745751015160263,
            40.969737739251585,
            41.69094286447958,
            19.56531218769698,
            21.561188202420997,
            24.839365296836124,
            13.690654983295245,
            13.610111005620105,
            24.725698173373274,
            30.41289209284769,
            13.688568253237264,
            7.798582899855372
        ],
        "sinr_ue2": [
            38.03988445069215,
            19.64731013536109,
            32.239455538065805,
            29.66293456891068,
            34.993495100265825,
            35.123339269043626,
            35.21402038183592,
            11.806177662573539,
            22.132611521350334,
            9.73514146401035,
            13.674235587293722,
            27.7615603896097,
            17.67320136082159,
            21.660200866813902,
            36.926336796489394,
            24.142305460726227,
            28.10354469191166,
            19.552612972878492,
            42.37424380468689,
            39.593603818394634
        ],
        "power_bs1": [
            37.77121714763623,
            40.771217147636236,
            39.771217147636236,
            36.77121714763623,
            39.771217147636236,
            38.771217147636236,
            41.77121714763623,
            44.77121714763623,
            43.771217147636236,
            42.771217147636236,
            41.77121714763623,
            38.771217147636236,
            37.77121714763623,
            36.77121714763623,
            37.77121714763623,
            34.771217147636236,
            37.77121714763623,
            36.77121714763623,
            33.771217147636236,
            30.77121714763623
        ],
        "power_bs2": [
            41.468802143095175,
            42.468802143095175,
            39.468802143095175,
            40.468802143095175,
            41.46880214309518,
            38.468802143095175,
            41.468802143095175,
            38.468802143095175,
            37.468802143095175,
            34.468802143095175,
            37.468802143095175,
            34.468802143095175,
            37.468802143095175,
            40.468802143095175,
            39.468802143095175,
            36.468802143095175,
            35.468802143095175,
            38.468802143095175,
            35.468802143095175,
            38.468802143095175
        ]
    }
}