{
    "episode": 4300,
    "seed": 4300,
    "metrics": {
        "sinr_ue1": [
            20.454034958105332,
            41.951347177759224,
            18.462172502408446,
            41.39975601642568,
            39.05886797921156,
            29.711045906045786,
            37.512311766860044,
            39.44487628637277,
            18.467039606808097,
            18.440645690917204,
            14.404052146150356,
            19.066287225702283,
            25.32798803904827,
            8.472633059052388,
            20.25899876830969,
            28.723065167485657,
            30.01249040478119,
            18.41191147822482,
            14.461255225869944,
            18.508830646738176
        ],
        "sinr_ue2": [
            23.95994176589906,
            20.39403061611847,
            25.808707333425627,
            5.673822541466482,
            7.716495925879059,
            9.76726739602215,
            7.8107127573131265,
            7.7637716860113315,
            28.488439511357498,
            9.725922298025871,
            31.48494438338211,
            31.75938618185093,
            21.81357915052348,
            31.102388012944363,
            19.80415090567367,
            15.7837428500952,
            13.891546275564053,
            26.67470584876402,
            14.100449558200872,
            30.797320829499313
        ],
        "power_bs1": [
            41.911985612981624,
            44.911985612981624,
            41.91198561298162,
            44.911985612981624,
            43.91198561298162,
            40.911985612981624,
            39.91198561298162,
            38.91198561298162,
            39.91198561298162,
            42.911985612981624,
            41.91198561298162,
            38.91198561298162,
            35.911985612981624,
            34.91198561298162,
            37.911985612981624,
            40.911985612981624,
            39.91198561298162,
            42.911985612981624,
            41.91198561298162,
            44.911985612981624
        ],
        "power_bs2": [
            37.50888326994301,
            36.50888326994301,
            39.50888326994301,
            38.50888326994301,
            39.50888326994301,
            38.50888326994301,
            35.50888326994301,
            34.50888326994301,
            37.50888326994301,
            40.50888326994301,
            43.50888326994301,
            42.50888326994301,
            45.50888326994301,
            42.508883269943006,
            45.50888326994301,
            44.50888326994301,
            41.50888326994301,
            40.50888326994301,
            43.50888326994301,
            42.508883269943006
        ]
    }
}