{
    "episode": 1340,
    "seed": 1340,
    "metrics": {
        "sinr_ue1": [
            19.18682077506996,
            23.064969525761892,
            29.698240883057228,
            12.431379406363053,
            5.236896336082606,
            25.260878729181183,
            13.327651409809334,
            13.129093350103613,
            30.329229522709337,
            34.84162755924082,
            37.137060751854015,
            18.122366089678973,
            17.115464855698534,
            16.961784927570378,
            22.860305736382593,
            31.26407994842099,
            34.44496123520842,
            16.78633929261126,
            30.400304647568433,
            35.29926389919674
        ],
        "sinr_ue2": [
            33.310115177461135,
            26.71469968930566,
            32.85675539664143,
            24.274880485486086,
            32.70175564572723,
            24.297211574484834,
            41.71235041769578,
            38.76169561941364,
            20.298830929589812,
            20.209880967325425,
            31.958219866489394,
            32.644749665767286,
            30.86048974739015,
            32.55895951888983,
            32.08913199771609,
            30.112169237778023,
            31.83877030800285,
            34.80863243980447,
            16.76781906409152,
            15.50307610987037
        ],
        "power_bs1": [
            35.34879817797848,
            36.34879817797848,
            33.34879817797848,
            30.34879817797848,
            27.34879817797848,
            30.348798177978477,
            29.34879817797848,
            30.348798177978477,
            29.34879817797848,
            28.34879817797848,
            29.34879817797848,
            28.34879817797848,
            25.348798177978477,
            24.34879817797848,
            21.34879817797848,
            24.348798177978477,
            27.34879817797848,
            24.348798177978477,
            21.34879817797848,
            18.348798177978477
        ],
        "power_bs2": [
            39.9189304861488,
            36.9189304861488,
            39.9189304861488,
            42.9189304861488,
            45.918930486148795,
            42.9189304861488,
            39.918930486148795,
            40.918930486148795,
            37.9189304861488,
            36.9189304861488,
            33.918930486148795,
            34.918930486148795,
            31.9189304861488,
            30.9189304861488,
            27.918930486148795,
            30.9189304861488,
            31.9189304861488,
            30.9189304861488,
            27.918930486148795,
            24.9189304861488
        ]
    }
}