{
    "episode": 736,
    "seed": 736,
    "metrics": {
        "sinr_ue1": [
            22.89441542614351,
            29.973572982022965,
            16.691569416342574,
            24.488882642445887,
            23.29673896772769,
            33.67693597861888,
            22.835956786588817,
            11.999982605848281,
            30.465302580481186,
            19.90920533688105,
            21.90230011398025,
            33.23403965539456,
            31.84295883900434,
            30.075655958128532,
            25.386198793710655,
            16.668972544858786,
            17.57565460738643,
            34.980257919257376,
            21.393474793660786,
            32.62791541734347
        ],
        "sinr_ue2": [
            30.31440575183659,
            17.123873519018453,
            17.0817487528902,
            18.93956591528258,
            18.86972573124273,
            -2.149530717159082,
            24.14203087758895,
            34.65115708127213,
            26.20668634694581,
            25.326763581350818,
            23.509633262727455,
            14.334855927734163,
            12.203044781446001,
            33.90719956903385,
            27.66588303061772,
            32.54654173861256,
            25.11254389698493,
            14.257744802974523,
            32.35122291829634,
            14.473593775014626
        ],
        "power_bs1": [
            37.076160820469546,
            36.07616082046954,
            37.076160820469546,
            34.076160820469546,
            33.076160820469546,
            34.076160820469546,
            37.076160820469546,
            36.07616082046954,
            37.076160820469546,
            40.076160820469546,
            39.076160820469546,
            36.07616082046954,
            35.07616082046954,
            34.07616082046954,
            31.076160820469543,
            32.076160820469546,
            35.07616082046954,
            34.07616082046954,
            31.076160820469543,
            34.07616082046954
        ],
        "power_bs2": [
            38.530478610548876,
            35.530478610548876,
            36.530478610548876,
            35.530478610548876,
            34.530478610548876,
            31.530478610548876,
            34.530478610548876,
            37.530478610548876,
            34.530478610548876,
            33.530478610548876,
            30.530478610548876,
            33.530478610548876,
            30.530478610548876,
            31.530478610548876,
            34.530478610548876,
            33.530478610548876,
            30.530478610548876,
            31.530478610548876,
            32.530478610548876,
            31.530478610548876
        ]
    }
}