{
    "episode": 262,
    "seed": 262,
    "metrics": {
        "sinr_ue1": [
            29.557315911998778,
            17.638151822863648,
            27.625140206432164,
            8.852427093127902,
            28.60425471006193,
            8.958248990723018,
            24.681815399617165,
            34.484251197496924,
            32.206059079748925,
            13.1516867516548,
            36.0291225133523,
            17.166187962130344,
            11.02406404091311,
            15.025759847039112,
            35.398065974460906,
            29.565577469448655,
            36.07134414423746,
            19.23551588941806,
            40.394826945581585,
            17.332687015102568
        ],
        "sinr_ue2": [
            19.765898440630604,
            23.594352672979433,
            17.770240511914793,
            39.57102554800662,
            19.767326477546273,
            19.84398882957569,
            15.922201193596973,
            9.953623950635656,
            9.923129825875543,
            32.99895548319648,
            11.94898970197026,
            11.923282293848867,
            34.624448055364724,
            13.953351471986629,
            7.911730371761541,
            9.862973332656226,
            26.662178039425193,
            24.023560673153508,
            9.979423818147353,
            29.905036552565846
        ],
        "power_bs1": [
            30.493892922176617,
            27.49389292217662,
            30.493892922176617,
            31.49389292217662,
            30.493892922176617,
            33.49389292217661,
            36.49389292217662,
            39.49389292217661,
            38.49389292217662,
            35.49389292217662,
            38.49389292217661,
            41.49389292217662,
            38.49389292217661,
            41.49389292217662,
            44.49389292217661,
            41.49389292217662,
            44.49389292217661,
            43.49389292217662,
            40.49389292217661,
            37.49389292217661
        ],
        "power_bs2": [
            36.336662404378494,
            37.336662404378494,
            34.336662404378494,
            37.336662404378494,
            36.336662404378494,
            39.336662404378494,
            38.336662404378494,
            35.336662404378494,
            34.336662404378494,
            37.336662404378494,
            36.336662404378494,
            39.336662404378494,
            42.336662404378494,
            41.33666240437849,
            38.336662404378494,
            37.336662404378494,
            40.336662404378494,
            39.336662404378494,
            36.33666240437849,
            35.336662404378494
        ]
    }
}