{
    "episode": 707,
    "seed": 707,
    "metrics": {
        "sinr_ue1": [
            15.309628846973574,
            34.29511721981327,
            26.14566311319594,
            15.383361003091258,
            26.492152855964,
            22.676862233691132,
            33.46131274974507,
            40.234984282459294,
            21.78131897569248,
            36.61617700956529,
            13.339883572206004,
            15.230433040895239,
            19.121291185697935,
            17.108066017409172,
            23.076462939211947,
            13.232983626398758,
            36.75948489677706,
            31.330386746546132,
            26.694644298840355,
            21.788487884406017
        ],
        "sinr_ue2": [
            24.702083864839302,
            14.297486310569656,
            14.442874717137972,
            14.591837952136453,
            14.442740556477506,
            27.69520814166228,
            10.509495083337228,
            27.70636536869371,
            10.61966838881611,
            12.764667900212645,
            32.02902763259043,
            31.48162011090685,
            23.447546574868934,
            33.34503991530448,
            29.815646219518946,
            32.28869788201798,
            13.0953638379959,
            17.048656381888243,
            23.005916352195467,
            23.05864566861154
        ],
        "power_bs1": [
            34.66267730954125,
            37.66267730954126,
            34.66267730954125,
            37.66267730954126,
            34.66267730954125,
            37.66267730954125,
            34.66267730954125,
            33.66267730954125,
            32.66267730954125,
            29.662677309541255,
            28.66267730954125,
            27.66267730954125,
            28.66267730954125,
            25.66267730954125,
            26.66267730954125,
            25.66267730954125,
            28.66267730954125,
            27.66267730954125,
            24.662677309541255,
            25.66267730954125
        ],
        "power_bs2": [
            36.73353238757622,
            39.73353238757622,
            36.73353238757621,
            39.73353238757622,
            36.73353238757621,
            35.73353238757621,
            32.73353238757621,
            29.73353238757621,
            30.73353238757621,
            29.73353238757621,
            32.73353238757621,
            29.73353238757621,
            26.73353238757621,
            25.73353238757621,
            28.73353238757621,
            29.73353238757621,
            28.73353238757621,
            31.73353238757621,
            34.73353238757621,
            35.73353238757621
        ]
    }
}