{
    "episode": 1738,
    "seed": 1738,
    "metrics": {
        "sinr_ue1": [
            37.017811229178015,
            19.15450546230983,
            15.157640509608042,
            31.105176543075515,
            27.83597661346795,
            25.75375840588089,
            9.203598742123248,
            9.161725542626074,
            16.494691060689735,
            9.152056352235325,
            13.18101035889564,
            30.274523648524287,
            11.152913974753307,
            26.11787126311463,
            14.003645415803463,
            13.174952979506141,
            19.19411705334009,
            21.1560909494594,
            19.125956361749804,
            26.744571112132896
        ],
        "sinr_ue2": [
            9.795122402845287,
            31.38478907586294,
            31.334305996396736,
            17.80926459878801,
            21.742296872293586,
            21.662286771872843,
            36.21268470853714,
            39.76522012672833,
            17.773657895193566,
            34.38025737291726,
            31.510504441269802,
            19.75696168040636,
            19.81447673476303,
            21.80890011683907,
            19.819641875631365,
            36.147325633625236,
            21.351616909222614,
            25.558653370277078,
            27.143507813484216,
            25.888423652620205
        ],
        "power_bs1": [
            41.03248719495615,
            40.032487194956154,
            37.03248719495615,
            36.032487194956154,
            35.032487194956154,
            32.03248719495615,
            33.03248719495615,
            32.032487194956154,
            33.03248719495615,
            30.032487194956154,
            33.03248719495615,
            32.032487194956154,
            35.032487194956154,
            34.032487194956154,
            33.03248719495615,
            36.032487194956154,
            39.032487194956154,
            38.03248719495615,
            35.032487194956154,
            36.03248719495615
        ],
        "power_bs2": [
            33.22690148270417,
            34.22690148270417,
            35.22690148270417,
            36.22690148270417,
            39.22690148270417,
            36.226901482704164,
            37.22690148270417,
            36.226901482704164,
            33.22690148270417,
            34.22690148270417,
            33.22690148270417,
            34.22690148270417,
            37.22690148270417,
            38.22690148270417,
            35.22690148270417,
            36.22690148270417,
            33.22690148270417,
            30.22690148270417,
            29.22690148270417,
            30.22690148270417
        ]
    }
}