{
    "episode": 4957,
    "seed": 4957,
    "metrics": {
        "sinr_ue1": [
            14.451000963900476,
            12.3168410010725,
            14.174911818220128,
            14.313063565908482,
            27.42620452480784,
            26.340045752983396,
            27.21071616616986,
            8.227421539040042,
            8.083639525333627,
            28.207351385520152,
            20.71049555874563,
            35.55272796489837,
            24.338175068103123,
            12.198954899839109,
            27.331293764641337,
            12.20253690120077,
            37.584359873168694,
            35.778037973239975,
            18.22275579118948,
            33.82985278305956
        ],
        "sinr_ue2": [
            33.732189894221975,
            27.89913021794273,
            30.37933476749709,
            16.4837361374395,
            20.4938389056605,
            22.432530578470086,
            20.53159987645984,
            37.543717027425174,
            41.011206730170656,
            20.440309111988675,
            22.354673413382585,
            18.394932171174762,
            20.36032431357437,
            33.37615391361639,
            22.271867151700697,
            35.7574745755405,
            -0.9287577752192422,
            14.35133510974017,
            30.356179019901806,
            12.483583252049769
        ],
        "power_bs1": [
            36.32666267161889,
            35.32666267161889,
            34.32666267161889,
            37.32666267161889,
            34.32666267161889,
            31.32666267161889,
            34.32666267161889,
            31.326662671618884,
            32.326662671618884,
            35.32666267161889,
            32.326662671618884,
            35.32666267161889,
            34.32666267161889,
            33.32666267161889,
            30.326662671618884,
            33.32666267161889,
            36.326662671618884,
            33.32666267161889,
            34.326662671618884,
            37.326662671618884
        ],
        "power_bs2": [
            36.11283957080698,
            37.11283957080698,
            34.11283957080699,
            37.11283957080698,
            38.11283957080698,
            37.11283957080698,
            38.11283957080698,
            37.11283957080698,
            38.11283957080698,
            39.11283957080699,
            38.11283957080698,
            37.11283957080698,
            38.11283957080698,
            35.11283957080698,
            36.11283957080698,
            35.11283957080698,
            34.11283957080699,
            31.112839570806983,
            30.112839570806983,
            33.11283957080698
        ]
    }
}