{
    "episode": 1924,
    "seed": 1924,
    "metrics": {
        "sinr_ue1": [
            32.23931480092717,
            35.21717981923804,
            32.500890746254484,
            19.734962480035982,
            26.051045977446137,
            36.37163514812548,
            31.805185675373867,
            36.14383986379273,
            15.876704731456641,
            33.699620484820215,
            15.898276256332274,
            17.752117356648487,
            31.900658447040634,
            25.47170895175748,
            25.752206322864083,
            9.69188092461379,
            5.544065973546313,
            9.57445279409433,
            28.43618528262779,
            30.950399275605378
        ],
        "sinr_ue2": [
            17.842533913370275,
            23.497228490840616,
            8.274652182477121,
            17.6676411677135,
            8.23636515313661,
            10.191765534539883,
            8.220360902291493,
            8.17130379414486,
            25.099895912528986,
            16.96830918859,
            33.12846530942249,
            8.056737243129398,
            8.080078001435671,
            14.08909500090176,
            18.05994692868959,
            33.56601928772649,
            35.85822646398843,
            34.709708383220104,
            13.84108730555763,
            24.363943761559664
        ],
        "power_bs1": [
            41.500261255289665,
            44.50026125528966,
            41.500261255289665,
            40.500261255289665,
            37.500261255289665,
            38.500261255289665,
            41.500261255289665,
            40.500261255289665,
            39.500261255289665,
            36.500261255289665,
            39.500261255289665,
            42.50026125528966,
            39.50026125528966,
            36.500261255289665,
            33.50026125528966,
            32.500261255289665,
            29.50026125528966,
            30.50026125528966,
            31.500261255289665,
            30.50026125528966
        ],
        "power_bs2": [
            38.91500583698371,
            39.91500583698371,
            36.91500583698372,
            33.91500583698371,
            32.91500583698372,
            35.91500583698371,
            36.91500583698372,
            35.91500583698371,
            36.91500583698372,
            33.91500583698371,
            36.91500583698372,
            37.91500583698372,
            34.91500583698371,
            37.91500583698372,
            38.91500583698371,
            35.91500583698371,
            36.91500583698372,
            33.91500583698371,
            30.915005836983713,
            29.915005836983713
        ]
    }
}