{
    "episode": 2707,
    "seed": 2707,
    "metrics": {
        "sinr_ue1": [
            29.31763985461707,
            28.44313691277129,
            28.505726348125286,
            26.59959365476118,
            21.294898628143496,
            29.17648681933403,
            26.03924282031697,
            34.49470916861878,
            37.35052880401905,
            30.774595969086956,
            20.17946955581674,
            20.228449036533238,
            18.26305297207904,
            20.202902946578398,
            27.87156562006694,
            14.197046766864583,
            16.151493939525135,
            16.141176049750015,
            18.09930299816006,
            39.827633700754454
        ],
        "sinr_ue2": [
            27.113212622004088,
            31.005460878235937,
            28.881119658871537,
            34.836708346569374,
            32.95112182575988,
            30.85610112863979,
            36.54075472909028,
            24.725220569412578,
            24.879442992117283,
            27.028416315862888,
            33.835852529817025,
            41.76382729862973,
            44.509967813423685,
            45.69528854643146,
            45.95244441563804,
            44.388593496728426,
            43.78488671116707,
            33.5448906133661,
            42.58547794118621,
            22.884484259357386
        ],
        "power_bs1": [
            36.56531367742838,
            33.565313677428385,
            34.565313677428385,
            31.56531367742838,
            30.56531367742838,
            29.565313677428378,
            30.56531367742838,
            33.565313677428385,
            32.565313677428385,
            33.565313677428385,
            34.565313677428385,
            35.56531367742838,
            36.56531367742838,
            37.565313677428385,
            34.565313677428385,
            33.565313677428385,
            34.565313677428385,
            35.565313677428385,
            36.565313677428385,
            37.565313677428385
        ],
        "power_bs2": [
            37.08754376020387,
            38.08754376020387,
            37.08754376020387,
            40.08754376020387,
            37.08754376020387,
            34.08754376020387,
            35.08754376020387,
            32.08754376020387,
            31.08754376020387,
            34.08754376020387,
            31.08754376020387,
            32.08754376020387,
            35.08754376020387,
            34.08754376020387,
            37.08754376020387,
            36.08754376020387,
            35.08754376020387,
            36.08754376020387,
            35.08754376020387,
            34.08754376020387
        ]
    }
}