{
    "episode": 799,
    "seed": 799,
    "metrics": {
        "sinr_ue1": [
            36.33367514614942,
            36.698294134523294,
            36.625119755639716,
            23.102764671443815,
            24.76345535888894,
            24.9017971294476,
            20.979978222627782,
            17.033930888845955,
            22.756550824211587,
            21.092172877878816,
            17.23628762829209,
            30.680952162118714,
            17.230638838931522,
            35.14093152292632,
            26.8111656599889,
            11.203856326865363,
            23.11403085539306,
            14.901390864483716,
            9.076529174828694,
            5.126303177468879
        ],
        "sinr_ue2": [
            4.162130069971025,
            6.163720451362095,
            6.171452492260815,
            22.06637404987653,
            12.068809273934898,
            13.8882374741914,
            20.210536180186438,
            25.549858787682858,
            17.501177188917843,
            24.482639075084126,
            27.806257544652052,
            12.203151558257028,
            29.928860506242998,
            8.239572360009568,
            22.320576302967478,
            28.658437991452118,
            35.10209143436227,
            18.07590304400309,
            36.366844520596345,
            37.356861884783896
        ],
        "power_bs1": [
            40.92245521076577,
            37.92245521076577,
            36.92245521076577,
            37.92245521076577,
            36.92245521076577,
            37.92245521076577,
            34.92245521076577,
            31.92245521076577,
            34.92245521076577,
            35.92245521076577,
            34.92245521076577,
            33.92245521076576,
            36.92245521076577,
            37.92245521076577,
            34.92245521076577,
            31.92245521076577,
            28.922455210765765,
            29.922455210765765,
            26.92245521076576,
            25.92245521076577
        ],
        "power_bs2": [
            34.03485111621481,
            33.03485111621481,
            32.03485111621481,
            29.03485111621481,
            26.03485111621481,
            27.034851116214806,
            28.034851116214806,
            29.03485111621481,
            26.03485111621481,
            29.03485111621481,
            32.03485111621481,
            35.03485111621481,
            34.03485111621481,
            35.03485111621481,
            36.03485111621481,
            35.03485111621481,
            32.03485111621481,
            29.03485111621481,
            32.03485111621481,
            35.03485111621481
        ]
    }
}