{
    "episode": 4624,
    "seed": 4624,
    "metrics": {
        "sinr_ue1": [
            12.488015155765183,
            12.45202599817435,
            8.510653475652783,
            27.020481466799605,
            36.90948054516001,
            32.37703078828429,
            16.592209317121473,
            30.484310269537715,
            10.661851579436783,
            10.612844112918516,
            13.66706078678112,
            19.72467668890767,
            23.277926858674874,
            14.508688086545092,
            32.909849077587054,
            30.957142278015468,
            35.777753196202106,
            27.627401058286637,
            27.803041567848013,
            18.68190512860542
        ],
        "sinr_ue2": [
            37.799454269762165,
            40.5769617733833,
            48.31772241756841,
            41.572687180182285,
            20.476895991778786,
            20.373221571050486,
            36.40236468402581,
            20.54865022425838,
            46.473646981649836,
            26.541004451754965,
            40.84897609762113,
            26.738508056773593,
            30.709910091515127,
            43.35660229678416,
            46.22011687133825,
            41.57686276931264,
            31.934123549631042,
            36.91899561179534,
            43.22631436938076,
            41.628638606281775
        ],
        "power_bs1": [
            34.03404806382523,
            35.03404806382523,
            32.03404806382523,
            33.03404806382523,
            34.03404806382523,
            31.03404806382523,
            34.03404806382523,
            31.03404806382523,
            28.03404806382523,
            31.03404806382523,
            32.03404806382523,
            33.03404806382523,
            30.03404806382523,
            33.03404806382523,
            34.03404806382523,
            35.03404806382523,
            36.03404806382523,
            33.03404806382523,
            32.03404806382523,
            31.03404806382523
        ],
        "power_bs2": [
            40.50513647896442,
            41.50513647896442,
            42.50513647896442,
            39.50513647896442,
            36.50513647896442,
            33.50513647896442,
            36.50513647896442,
            33.50513647896442,
            36.50513647896442,
            39.50513647896442,
            38.50513647896442,
            41.50513647896442,
            42.50513647896442,
            43.50513647896442,
            40.50513647896442,
            37.50513647896442,
            36.50513647896442,
            37.50513647896442,
            34.50513647896442,
            31.505136478964417
        ]
    }
}