{
    "episode": 812,
    "seed": 812,
    "metrics": {
        "sinr_ue1": [
            42.239340885463804,
            23.68055263475921,
            23.745187418078906,
            21.908683460528643,
            38.51751293148472,
            38.52939661222172,
            22.071954882512877,
            30.26445746397379,
            18.076109549771722,
            19.9774571575412,
            24.179947025223537,
            22.176889813627113,
            22.05594731476175,
            21.85854298406757,
            39.67456768998996,
            26.023478831012604,
            44.069368288868816,
            41.02851479382604,
            30.51528646374628,
            49.82113991899135
        ],
        "sinr_ue2": [
            33.77683720912068,
            32.17534002094467,
            28.627930242319707,
            28.70737491752761,
            15.607224322362004,
            17.220900324111234,
            33.9210293523632,
            27.349839393611536,
            33.980057658567645,
            36.44977082821833,
            28.622358070615835,
            18.581603177733903,
            15.225120887320502,
            26.80231085719443,
            15.276851751742619,
            25.348880233160212,
            11.184925250149329,
            28.54878034201986,
            23.241551979715265,
            7.128785387764132
        ],
        "power_bs1": [
            41.61086379203974,
            40.610863792039744,
            37.610863792039744,
            34.610863792039744,
            37.610863792039744,
            36.610863792039744,
            35.610863792039744,
            32.610863792039744,
            31.61086379203974,
            32.610863792039744,
            35.610863792039744,
            32.610863792039744,
            35.610863792039744,
            34.610863792039744,
            35.610863792039744,
            38.610863792039744,
            37.610863792039744,
            38.610863792039744,
            39.610863792039744,
            38.610863792039744
        ],
        "power_bs2": [
            39.4727419438211,
            36.4727419438211,
            33.4727419438211,
            32.4727419438211,
            35.4727419438211,
            36.4727419438211,
            33.4727419438211,
            34.4727419438211,
            33.4727419438211,
            32.4727419438211,
            31.4727419438211,
            30.4727419438211,
            33.4727419438211,
            32.4727419438211,
            33.4727419438211,
            32.4727419438211,
            31.4727419438211,
            32.4727419438211,
            29.4727419438211,
            28.472741943821095
        ]
    }
}