{
    "episode": 3218,
    "seed": 3218,
    "metrics": {
        "sinr_ue1": [
            6.98152636869514,
            17.2101193321014,
            20.969290258780404,
            7.828129972941245,
            22.807018225587704,
            27.35438936831907,
            18.919926486464387,
            9.826490824240583,
            9.102915864111884,
            9.065605497652165,
            19.54585961762766,
            11.839256573147043,
            10.95482112378551,
            6.9620136986056576,
            29.355324610541807,
            30.321171618279795,
            14.782774158119436,
            30.769977069155175,
            32.04348989657731,
            23.402006908984966
        ],
        "sinr_ue2": [
            25.24116659982813,
            22.66859729383631,
            9.67021372993485,
            13.651103199280064,
            29.106079353599654,
            7.320558844072304,
            9.153587632817754,
            17.35206154865501,
            23.206902618825556,
            5.255421683823913,
            15.679281394840896,
            3.4410744096303603,
            14.257371180903744,
            26.134733514572925,
            1.4929989659576337,
            -0.4372037936180165,
            13.384889067506982,
            -0.16256176630109415,
            12.618386753057077,
            1.6959360936473324
        ],
        "power_bs1": [
            39.804010271116084,
            40.804010271116084,
            37.804010271116084,
            34.804010271116084,
            31.804010271116077,
            34.804010271116084,
            31.804010271116077,
            32.80401027111608,
            31.804010271116077,
            34.804010271116084,
            35.804010271116084,
            32.80401027111608,
            31.804010271116077,
            30.804010271116077,
            33.804010271116084,
            34.80401027111608,
            33.804010271116084,
            36.80401027111608,
            35.80401027111608,
            38.80401027111608
        ],
        "power_bs2": [
            36.9278565191743,
            35.9278565191743,
            36.9278565191743,
            33.92785651917429,
            32.92785651917429,
            31.927856519174295,
            30.927856519174295,
            27.92785651917429,
            26.927856519174295,
            29.927856519174295,
            28.92785651917429,
            25.927856519174295,
            24.927856519174295,
            27.92785651917429,
            24.927856519174295,
            23.92785651917429,
            22.92785651917429,
            25.927856519174295,
            26.92785651917429,
            29.927856519174295
        ]
    }
}