{
    "episode": 718,
    "seed": 718,
    "metrics": {
        "sinr_ue1": [
            12.800901779294682,
            18.118356049846824,
            -1.3434220504233718,
            19.600184908116745,
            5.543121841666839,
            4.595745428473296,
            17.639150033766967,
            20.371814857286342,
            -1.3593823869544197,
            6.440334853578183,
            0.5058851118462945,
            7.665809289037475,
            17.636969999567366,
            0.8864334211565184,
            15.2870924872372,
            -1.0594814503214145,
            0.8768167397203828,
            4.8072479942914,
            27.23045956754372,
            24.9450874211308
        ],
        "sinr_ue2": [
            36.64143927208072,
            24.626566515299967,
            38.79507046820848,
            22.60849597314263,
            38.02095086921962,
            30.97096344765999,
            14.555333681067264,
            20.465544188589384,
            44.038040011893706,
            34.398515858059774,
            30.348110419595585,
            24.35142525110047,
            43.95121044648586,
            39.93675180982638,
            22.47753754214907,
            39.58903599438323,
            31.716040608360323,
            33.76188372592655,
            16.532178175874957,
            16.542910142836334
        ],
        "power_bs1": [
            39.321718315174216,
            38.321718315174216,
            35.32171831517421,
            36.32171831517421,
            37.32171831517421,
            34.32171831517421,
            37.32171831517421,
            34.32171831517421,
            31.321718315174213,
            30.32171831517421,
            31.321718315174213,
            34.32171831517421,
            33.32171831517421,
            34.32171831517421,
            31.321718315174213,
            32.32171831517421,
            33.32171831517421,
            36.32171831517421,
            35.32171831517421,
            34.32171831517421
        ],
        "power_bs2": [
            39.43885753939865,
            42.43885753939865,
            39.43885753939865,
            38.43885753939865,
            35.43885753939865,
            32.43885753939865,
            31.438857539398644,
            34.43885753939865,
            35.43885753939864,
            38.43885753939865,
            41.43885753939864,
            38.43885753939865,
            39.43885753939864,
            36.43885753939864,
            33.43885753939864,
            36.43885753939864,
            35.43885753939864,
            34.43885753939864,
            31.438857539398644,
            30.438857539398644
        ]
    }
}