{
    "episode": 416,
    "seed": 416,
    "metrics": {
        "sinr_ue1": [
            26.960746731109726,
            46.59638399867082,
            46.34801838452883,
            50.42420259416649,
            39.664216069048635,
            38.41594203528882,
            37.505540444697516,
            33.69151743638334,
            18.598837203478638,
            16.7503325763225,
            16.824956167757165,
            28.14743014720019,
            32.533048805191655,
            26.80580934327064,
            32.18533832798654,
            14.719150130162246,
            30.803734811861485,
            16.881241244871575,
            34.72226337211203,
            35.92683033267292
        ],
        "sinr_ue2": [
            21.349533213933235,
            0.879527094578956,
            0.805278730549816,
            -1.269279643556633,
            4.780599920642161,
            6.818484572530503,
            8.814365061105134,
            10.829733219210997,
            11.44887414463312,
            30.074506891654707,
            12.715344560345311,
            18.627695402903722,
            -1.5974310399560299,
            18.652888975446952,
            14.605038327656324,
            29.713494144036364,
            27.06148288247485,
            32.93131491332353,
            12.640034273254429,
            10.600733558388125
        ],
        "power_bs1": [
            37.112373036846435,
            38.112373036846435,
            39.112373036846435,
            38.112373036846435,
            35.112373036846435,
            32.112373036846435,
            29.112373036846435,
            26.112373036846435,
            27.11237303684644,
            28.11237303684644,
            31.112373036846435,
            28.11237303684644,
            31.112373036846435,
            28.112373036846435,
            31.112373036846435,
            34.112373036846435,
            33.112373036846435,
            30.112373036846435,
            31.112373036846435,
            30.112373036846435
        ],
        "power_bs2": [
            35.66618735598737,
            34.66618735598737,
            35.66618735598737,
            32.66618735598736,
            35.66618735598737,
            34.66618735598737,
            33.66618735598736,
            32.66618735598736,
            33.66618735598736,
            36.66618735598736,
            39.66618735598737,
            42.66618735598737,
            39.66618735598737,
            42.66618735598737,
            41.66618735598736,
            44.66618735598736,
            41.66618735598736,
            38.66618735598736,
            39.66618735598737,
            36.66618735598736
        ]
    }
}