{
    "episode": 665,
    "seed": 665,
    "metrics": {
        "sinr_ue1": [
            30.58767432349095,
            19.98455521579146,
            18.030812821007736,
            29.709744346341758,
            26.821425064419767,
            14.02389491500444,
            30.860200951400515,
            24.429299148550413,
            22.056390921870058,
            25.23012143081722,
            4.133340475383816,
            11.608933627536224,
            13.975679992254207,
            2.1989942491919736,
            17.21472211793254,
            10.677480834819965,
            0.13548338971422502,
            21.437522080346106,
            2.1359317833049953,
            2.1712639180884286
        ],
        "sinr_ue2": [
            30.1564095728842,
            45.90479582827956,
            46.10526813569998,
            33.7605276752239,
            31.591012859439132,
            48.03532157875327,
            31.47732403061779,
            29.249298997441315,
            45.83864898953991,
            39.20154928643248,
            53.053406251427035,
            41.63045280758884,
            39.45540002289569,
            61.57616218352999,
            43.03010825100202,
            49.12963387532322,
            61.002608625417906,
            43.27719827245818,
            56.02141171441716,
            43.23163503532555
        ],
        "power_bs1": [
            38.07902972719415,
            39.07902972719415,
            40.07902972719415,
            37.07902972719415,
            36.07902972719415,
            35.07902972719415,
            36.07902972719415,
            37.07902972719415,
            34.07902972719415,
            31.079029727194147,
            30.079029727194147,
            33.07902972719415,
            32.07902972719415,
            31.079029727194147,
            28.079029727194147,
            25.079029727194143,
            26.079029727194147,
            29.079029727194143,
            28.079029727194147,
            31.079029727194147
        ],
        "power_bs2": [
            35.81439113351712,
            32.81439113351711,
            35.81439113351712,
            38.81439113351711,
            35.81439113351712,
            34.81439113351711,
            35.81439113351712,
            34.81439113351711,
            37.81439113351711,
            38.81439113351711,
            39.81439113351711,
            42.81439113351712,
            39.81439113351711,
            42.81439113351712,
            39.81439113351711,
            42.814391133517105,
            39.81439113351711,
            40.81439113351712,
            39.81439113351711,
            42.814391133517105
        ]
    }
}