{
    "episode": 1690,
    "seed": 1690,
    "metrics": {
        "sinr_ue1": [
            17.00792959740362,
            17.0008586109966,
            10.978485761031989,
            10.955086169883565,
            26.150696967590928,
            21.819690651008617,
            6.922407255324041,
            24.57782233177913,
            17.655121545753403,
            2.932329130384206,
            20.757692580247856,
            0.9924675370846139,
            2.9400433401611052,
            21.028307610113934,
            8.91433723384507,
            23.405995609019385,
            12.851956163168774,
            12.867116905185602,
            2.8732269036202536,
            -1.0524064982510615
        ],
        "sinr_ue2": [
            25.891351466052058,
            29.657776856662544,
            32.356448714240386,
            29.47702859133961,
            19.38631246992334,
            23.466463058450223,
            35.11875244040632,
            25.417961948438187,
            27.43631965549305,
            45.111880481700474,
            40.3416125953239,
            48.32189577667663,
            39.24152640650754,
            33.36226378086541,
            35.33128780399332,
            25.061854576484727,
            31.33930329114896,
            28.85314870894912,
            36.65695169243037,
            39.82664211061585
        ],
        "power_bs1": [
            41.382367065155236,
            42.38236706515523,
            39.382367065155236,
            42.38236706515523,
            41.382367065155236,
            38.38236706515523,
            39.382367065155236,
            36.38236706515523,
            35.382367065155236,
            36.38236706515523,
            33.38236706515523,
            30.38236706515523,
            29.382367065155233,
            30.38236706515523,
            33.38236706515523,
            30.38236706515523,
            29.382367065155233,
            32.38236706515523,
            29.382367065155233,
            26.38236706515523
        ],
        "power_bs2": [
            31.77891937843297,
            32.778919378432974,
            35.77891937843297,
            38.778919378432974,
            39.778919378432974,
            40.778919378432974,
            39.778919378432974,
            40.778919378432974,
            41.778919378432974,
            40.778919378432974,
            37.778919378432974,
            36.778919378432974,
            33.778919378432974,
            30.77891937843297,
            31.77891937843297,
            34.778919378432974,
            31.77891937843297,
            34.77891937843297,
            33.778919378432974,
            34.778919378432974
        ]
    }
}