{
    "episode": 1016,
    "seed": 1016,
    "metrics": {
        "sinr_ue1": [
            40.560461440232174,
            32.016218100687595,
            24.742941035637887,
            43.78624998764302,
            22.838315939097175,
            35.42960434547132,
            15.540041919981194,
            37.9872517171011,
            34.78234754681705,
            35.998407697420625,
            41.164117802563005,
            30.713985304608183,
            41.26304792835402,
            45.70633042922373,
            31.983705176132162,
            37.442963163415435,
            39.1398745653411,
            42.235110392207254,
            37.706662766368545,
            35.943913934359685
        ],
        "sinr_ue2": [
            12.595679944072291,
            14.456321026752653,
            21.520923765897507,
            5.875827912998335,
            29.02462646624118,
            12.77936427222754,
            26.146942137237424,
            14.811671423536614,
            14.730156678199167,
            26.023793508019992,
            11.00792051127177,
            6.8524450524481475,
            8.983352210667007,
            6.8689165359713105,
            20.546224814718833,
            13.115136667012733,
            9.312307900386246,
            12.754562680378644,
            -2.697430443925751,
            3.7388123017492454
        ],
        "power_bs1": [
            39.64838770868109,
            42.64838770868109,
            41.64838770868109,
            40.648387708681085,
            41.64838770868109,
            40.648387708681085,
            43.648387708681085,
            40.648387708681085,
            39.64838770868109,
            38.64838770868109,
            39.64838770868109,
            40.648387708681085,
            37.64838770868109,
            38.64838770868109,
            41.64838770868109,
            44.64838770868109,
            45.648387708681085,
            44.64838770868109,
            45.648387708681085,
            44.64838770868109
        ],
        "power_bs2": [
            27.416388709380612,
            28.416388709380612,
            27.416388709380612,
            26.416388709380616,
            29.416388709380612,
            28.416388709380612,
            27.416388709380612,
            30.416388709380616,
            29.416388709380612,
            26.416388709380612,
            25.416388709380616,
            22.416388709380612,
            21.416388709380612,
            20.416388709380612,
            19.416388709380612,
            16.416388709380612,
            15.416388709380612,
            14.416388709380612,
            17.416388709380612,
            18.416388709380612
        ]
    }
}