{
    "episode": 3542,
    "seed": 3542,
    "metrics": {
        "sinr_ue1": [
            10.486963003202854,
            8.516351592952283,
            8.460733876453052,
            24.115925638772527,
            4.272001422136423,
            4.1878876123651505,
            10.78890816626333,
            12.8772509394874,
            4.263604655066926,
            4.345375654426996,
            17.71368280801483,
            4.301903247592714,
            6.2213497116757255,
            24.96169883435105,
            23.177196154218834,
            4.220935032923293,
            24.64192683797871,
            17.43286073206058,
            2.1680050632640375,
            8.125594298737004
        ],
        "sinr_ue2": [
            29.33565747474145,
            37.842466105122526,
            37.17687572087803,
            34.36323126149217,
            39.04601550875539,
            46.06365059227012,
            40.634979806014286,
            23.472067451676107,
            41.13258824993997,
            33.99483627784103,
            27.491235878570826,
            29.758790944562932,
            21.66378379709198,
            17.716177780095954,
            19.650180932227812,
            41.07944750470696,
            36.10645021740196,
            23.489412467298934,
            48.25826324535924,
            45.05626258717214
        ],
        "power_bs1": [
            39.174986032688075,
            38.174986032688075,
            37.174986032688075,
            36.174986032688075,
            33.174986032688075,
            32.174986032688075,
            29.174986032688075,
            30.174986032688075,
            31.174986032688075,
            32.174986032688075,
            31.174986032688075,
            32.174986032688075,
            35.174986032688075,
            36.174986032688075,
            33.174986032688075,
            30.174986032688075,
            33.174986032688075,
            30.174986032688075,
            27.174986032688075,
            30.174986032688075
        ],
        "power_bs2": [
            43.15848515322706,
            42.15848515322706,
            43.15848515322706,
            42.15848515322706,
            43.15848515322706,
            42.15848515322706,
            41.15848515322707,
            40.15848515322706,
            41.15848515322707,
            42.15848515322706,
            45.15848515322706,
            42.15848515322706,
            43.15848515322706,
            40.15848515322706,
            39.15848515322706,
            40.15848515322706,
            39.15848515322707,
            40.15848515322706,
            39.15848515322707,
            36.15848515322706
        ]
    }
}