{
    "episode": 4422,
    "seed": 4422,
    "metrics": {
        "sinr_ue1": [
            12.669848662585741,
            22.491343860422276,
            4.727313413844599,
            17.645750334094487,
            6.754675374156077,
            26.634335876447004,
            29.60913446111402,
            28.740897221090528,
            21.837083208458882,
            37.16351443121506,
            30.031276053942086,
            29.312544529739675,
            14.667762487215143,
            31.529479963393882,
            8.691856754684217,
            14.63330065144918,
            23.77616699049277,
            24.60730056370235,
            29.34043530553202,
            24.05218743579015
        ],
        "sinr_ue2": [
            49.472948625270725,
            33.20315625834936,
            52.54167173367958,
            33.437448400956896,
            53.53934720526829,
            27.519280925567685,
            29.400632900375562,
            29.234608033009945,
            33.87404684783283,
            23.20289002592483,
            27.233274497527358,
            29.08218899139196,
            40.77811504582905,
            27.023789353474328,
            44.95185393268766,
            39.48229654872443,
            38.60970012053879,
            32.25404660381216,
            21.354889195293254,
            23.301108640650018
        ],
        "power_bs1": [
            35.165035999672234,
            32.16503599967224,
            33.16503599967224,
            32.16503599967224,
            33.16503599967224,
            36.165035999672234,
            35.165035999672234,
            32.16503599967224,
            35.165035999672234,
            38.16503599967224,
            35.165035999672234,
            32.16503599967224,
            33.16503599967224,
            34.165035999672234,
            33.16503599967224,
            36.165035999672234,
            37.16503599967224,
            36.165035999672234,
            33.165035999672234,
            30.165035999672234
        ],
        "power_bs2": [
            36.80756968623311,
            39.80756968623311,
            42.80756968623311,
            39.80756968623311,
            40.80756968623311,
            37.80756968623311,
            38.80756968623311,
            35.80756968623311,
            34.80756968623311,
            35.80756968623311,
            36.80756968623311,
            35.80756968623311,
            32.80756968623311,
            35.80756968623311,
            38.80756968623311,
            35.80756968623311,
            34.80756968623311,
            31.807569686233105,
            28.80756968623311,
            27.80756968623311
        ]
    }
}