{
    "episode": 740,
    "seed": 740,
    "metrics": {
        "sinr_ue1": [
            24.284269630622624,
            34.63989103302082,
            20.23583652158724,
            35.08369719254642,
            29.440339705245805,
            35.43118278740364,
            39.45537551626273,
            20.281446296682553,
            37.228069657171105,
            14.383120417271254,
            33.740756056556485,
            18.189538278052737,
            36.680162400691366,
            14.175847436009777,
            22.12713671826167,
            40.57065058780993,
            25.426927489793325,
            28.740379117670713,
            36.697394739227846,
            23.595992707038587
        ],
        "sinr_ue2": [
            40.62670718446516,
            28.636767763203984,
            39.277854177171285,
            30.253917838105927,
            34.25035592099792,
            28.05067736075868,
            42.03735856268786,
            42.69887796409635,
            30.171413517846197,
            51.113756891207984,
            32.342024693673956,
            36.91813298209796,
            32.5253196395272,
            45.221999971798894,
            43.77998016667074,
            44.685099320080425,
            40.39724387405287,
            33.54547994210715,
            24.40547310304659,
            41.22297231145587
        ],
        "power_bs1": [
            35.77087551581232,
            34.77087551581232,
            31.770875515812314,
            28.770875515812318,
            27.770875515812318,
            30.77087551581232,
            31.770875515812314,
            30.77087551581232,
            31.77087551581232,
            28.770875515812318,
            29.770875515812318,
            28.770875515812318,
            29.770875515812318,
            30.77087551581232,
            31.77087551581232,
            28.770875515812318,
            29.770875515812318,
            30.77087551581232,
            27.770875515812318,
            28.770875515812318
        ],
        "power_bs2": [
            30.013703662767128,
            33.01370366276713,
            30.013703662767128,
            29.013703662767124,
            32.01370366276713,
            29.013703662767124,
            28.013703662767124,
            29.013703662767124,
            32.01370366276713,
            33.01370366276713,
            32.01370366276713,
            29.013703662767124,
            30.013703662767128,
            29.013703662767124,
            28.013703662767128,
            25.013703662767128,
            22.013703662767128,
            19.013703662767124,
            22.013703662767128,
            23.013703662767124
        ]
    }
}