{
    "episode": 1138,
    "seed": 1138,
    "metrics": {
        "sinr_ue1": [
            25.29330927075541,
            12.675631744680553,
            3.5928636795369635,
            5.545025427151302,
            7.493367772845634,
            7.553380892465105,
            20.154226972635936,
            5.594493310850837,
            11.03201552275797,
            11.819987780783748,
            12.918645989752932,
            5.725909502913309,
            17.447509669703006,
            15.555266210538552,
            23.234411107410992,
            22.17021661659139,
            21.793960484567965,
            5.750871251776175,
            7.776365942706402,
            5.814104434605493
        ],
        "sinr_ue2": [
            7.315872044155109,
            17.570235933988737,
            18.252261059282485,
            23.81676942124079,
            18.307237870050837,
            21.187821484505406,
            1.2831937587477136,
            17.488437313798322,
            9.302067179201304,
            19.637124815347725,
            9.319722635048299,
            11.205307889823537,
            5.328049383348868,
            9.285716313116863,
            19.874789063985048,
            5.231644614642002,
            1.2036435550388371,
            23.69884670952015,
            18.898007412843555,
            18.76482228817479
        ],
        "power_bs1": [
            43.03134530918364,
            40.03134530918365,
            39.03134530918364,
            42.031345309183635,
            43.03134530918364,
            44.03134530918364,
            45.03134530918365,
            44.03134530918364,
            43.03134530918364,
            40.03134530918365,
            39.03134530918364,
            42.031345309183635,
            41.03134530918364,
            40.031345309183635,
            43.03134530918364,
            40.031345309183635,
            43.03134530918364,
            40.031345309183635,
            41.03134530918364,
            40.031345309183635
        ],
        "power_bs2": [
            37.81278140569831,
            34.8127814056983,
            33.81278140569831,
            34.8127814056983,
            33.81278140569831,
            34.8127814056983,
            33.81278140569831,
            36.81278140569831,
            39.8127814056983,
            36.81278140569831,
            35.8127814056983,
            34.8127814056983,
            33.8127814056983,
            36.81278140569831,
            35.8127814056983,
            32.8127814056983,
            31.812781405698306,
            32.8127814056983,
            31.812781405698306,
            32.8127814056983
        ]
    }
}