{
    "episode": 2464,
    "seed": 2464,
    "metrics": {
        "sinr_ue1": [
            29.707072143230864,
            33.3614421854292,
            27.827291103286367,
            19.992679569462368,
            31.77712735964129,
            8.071743462530023,
            28.351140199928437,
            27.18446320282005,
            25.738619069797423,
            13.975412002943187,
            17.07047315881528,
            33.118386746231586,
            17.847929357260963,
            17.945597505393245,
            23.851819651784865,
            19.95201295069532,
            38.72062973117647,
            16.045457186780972,
            22.368778648828588,
            29.671089673393965
        ],
        "sinr_ue2": [
            9.754795925297174,
            17.526431251119114,
            15.521995903169326,
            24.838402726474182,
            11.65958464560488,
            32.85390328179814,
            15.579558392389739,
            15.597647320562519,
            15.556309355700574,
            30.494346552874042,
            9.654162165089529,
            5.691913504978007,
            37.284866388118004,
            26.1346438670245,
            19.423913604906303,
            25.919219183195242,
            5.796436008245372,
            19.95230186625969,
            11.33653248616219,
            9.788308914149308
        ],
        "power_bs1": [
            39.329901132833726,
            36.329901132833726,
            35.329901132833726,
            38.32990113283373,
            35.329901132833726,
            32.329901132833726,
            33.32990113283373,
            34.329901132833726,
            33.32990113283373,
            36.329901132833726,
            37.329901132833726,
            38.32990113283373,
            37.329901132833726,
            40.329901132833726,
            43.329901132833726,
            42.329901132833726,
            43.329901132833726,
            40.329901132833726,
            39.329901132833726,
            38.32990113283373
        ],
        "power_bs2": [
            36.590021846106126,
            35.590021846106126,
            34.590021846106126,
            31.590021846106126,
            34.590021846106126,
            37.590021846106126,
            36.590021846106126,
            37.590021846106126,
            36.590021846106126,
            35.590021846106126,
            34.590021846106126,
            31.590021846106126,
            32.590021846106126,
            35.590021846106126,
            32.590021846106126,
            35.590021846106126,
            36.590021846106126,
            37.590021846106126,
            38.590021846106126,
            35.590021846106126
        ]
    }
}