{
    "episode": 952,
    "seed": 952,
    "metrics": {
        "sinr_ue1": [
            47.6449591536709,
            36.90630338999352,
            27.1717165506426,
            27.388477146455358,
            48.41232401804798,
            45.98927837388399,
            54.32525545295661,
            49.734328151301526,
            44.52413469731735,
            17.173088212311335,
            34.81882279133313,
            48.932208916196636,
            33.04232770652071,
            51.877749957437175,
            48.503940313335775,
            39.33337318827817,
            57.51919218066128,
            58.104135263634916,
            48.369413199374975,
            55.28170210193146
        ],
        "sinr_ue2": [
            15.889297108229073,
            32.97849236892078,
            31.473119400514125,
            15.767900900132974,
            11.778908549318501,
            9.815743554602241,
            7.817303691994191,
            7.850765170079448,
            11.865150636786057,
            26.11363457467241,
            13.923621334261169,
            11.905786762646889,
            28.604224619834167,
            11.910685638821569,
            26.192140555333378,
            17.072223551878768,
            3.817460369894196,
            1.8397643352029134,
            5.755959456589381,
            3.836228771545315
        ],
        "power_bs1": [
            36.17420586760122,
            33.17420586760122,
            32.17420586760122,
            35.17420586760122,
            38.17420586760122,
            37.17420586760122,
            38.17420586760122,
            37.17420586760122,
            36.17420586760122,
            39.17420586760122,
            38.17420586760122,
            37.17420586760122,
            38.17420586760122,
            35.17420586760122,
            34.17420586760122,
            37.174205867601216,
            36.17420586760122,
            35.17420586760122,
            32.174205867601216,
            35.17420586760122
        ],
        "power_bs2": [
            37.990890644325354,
            36.990890644325354,
            33.99089064432536,
            36.990890644325354,
            35.990890644325354,
            32.990890644325354,
            31.990890644325354,
            30.990890644325354,
            33.99089064432536,
            36.990890644325354,
            37.990890644325354,
            34.990890644325354,
            33.99089064432536,
            32.990890644325354,
            29.990890644325354,
            26.990890644325354,
            25.990890644325354,
            22.990890644325354,
            23.990890644325354,
            24.990890644325354
        ]
    }
}