{
    "episode": 1015,
    "seed": 1015,
    "metrics": {
        "sinr_ue1": [
            37.620110752551035,
            26.429897418486146,
            48.756347238821334,
            42.87219909297893,
            45.044309214513504,
            30.52809915830415,
            34.39658576636706,
            45.13499339459493,
            30.404879750204866,
            24.544106901632894,
            22.44320375604852,
            34.64412872069394,
            34.05421960850988,
            41.301090095024335,
            39.148270039351054,
            14.17987569920765,
            14.240503354595864,
            20.10316463903756,
            16.196492311973806,
            31.48743701882417
        ],
        "sinr_ue2": [
            23.897647627516815,
            15.589193307403189,
            7.444319024092787,
            15.502460399771902,
            13.479441512456935,
            26.827104050512702,
            12.891653282763382,
            16.735453974499393,
            28.424116214836598,
            34.25486244812533,
            33.92296014488064,
            33.73115394135076,
            31.211838603899015,
            19.400223530659247,
            21.356710077180555,
            37.03504741425107,
            46.87567658020056,
            38.27027669898146,
            29.032096472713164,
            29.10213814451121
        ],
        "power_bs1": [
            35.17396084417597,
            38.173960844175966,
            39.17396084417597,
            38.17396084417597,
            41.173960844175966,
            42.17396084417597,
            43.173960844175966,
            44.17396084417597,
            43.173960844175966,
            40.17396084417597,
            37.17396084417597,
            34.17396084417597,
            35.17396084417597,
            36.17396084417597,
            35.17396084417597,
            32.17396084417597,
            29.17396084417597,
            32.173960844175966,
            31.173960844175973,
            28.17396084417597
        ],
        "power_bs2": [
            34.68584152757379,
            37.685841527573785,
            34.685841527573785,
            37.685841527573785,
            38.68584152757379,
            37.685841527573785,
            34.685841527573785,
            37.685841527573785,
            38.685841527573785,
            41.685841527573785,
            40.685841527573785,
            39.68584152757379,
            36.685841527573785,
            39.68584152757379,
            40.685841527573785,
            43.685841527573785,
            40.685841527573785,
            37.685841527573785,
            40.685841527573785,
            41.68584152757379
        ]
    }
}