{
    "episode": 4337,
    "seed": 4337,
    "metrics": {
        "sinr_ue1": [
            1.6743870598687038,
            23.37192809933439,
            7.67572649784494,
            9.621162094350417,
            7.543012208085498,
            26.699167966059605,
            23.51843514099693,
            3.3876637634498783,
            23.30938574221868,
            5.225440868696833,
            7.235566874006273,
            5.183798627349355,
            7.046071027166939,
            26.173301982194147,
            20.644469586724952,
            6.9561343322565525,
            28.754930337577967,
            6.753853924003033,
            8.718967951563316,
            32.57642638979316
        ],
        "sinr_ue2": [
            12.50042113064534,
            6.582512342678054,
            29.747748530376953,
            21.082936488463325,
            23.419708307827875,
            8.813054044208782,
            8.651275039082604,
            21.171598175634333,
            6.5524310883341474,
            26.22845907190173,
            24.047377531718887,
            24.225989921504567,
            21.92404408571472,
            4.501362358069361,
            10.49429883009167,
            18.728156436857567,
            2.5710169056010646,
            22.922364363913562,
            24.956447599991364,
            9.109884991808542
        ],
        "power_bs1": [
            37.6235994921456,
            40.6235994921456,
            37.6235994921456,
            38.6235994921456,
            35.6235994921456,
            36.6235994921456,
            33.6235994921456,
            30.6235994921456,
            33.6235994921456,
            30.6235994921456,
            29.623599492145605,
            28.623599492145605,
            27.6235994921456,
            30.6235994921456,
            27.6235994921456,
            28.623599492145605,
            29.623599492145605,
            26.6235994921456,
            27.6235994921456,
            28.623599492145605
        ],
        "power_bs2": [
            35.6784500261818,
            32.6784500261818,
            29.6784500261818,
            28.6784500261818,
            27.6784500261818,
            26.6784500261818,
            27.6784500261818,
            26.6784500261818,
            25.6784500261818,
            24.6784500261818,
            21.678450026181796,
            22.6784500261818,
            19.678450026181796,
            20.6784500261818,
            23.6784500261818,
            20.6784500261818,
            17.6784500261818,
            18.6784500261818,
            17.6784500261818,
            14.6784500261818
        ]
    }
}