{
    "episode": 1388,
    "seed": 1388,
    "metrics": {
        "sinr_ue1": [
            16.40107993272026,
            16.3412227887045,
            18.368784547414087,
            19.90362898486804,
            17.154289185323798,
            16.431362219312764,
            2.6657684498451406,
            9.109088026733366,
            18.10610355198324,
            17.99152874767044,
            22.40905200152353,
            17.145313161525856,
            2.704848918146881,
            6.630589606986455,
            4.5659018646268335,
            6.507427878799791,
            6.461946511824861,
            6.520570800936144,
            20.439531604249723,
            4.419601712789884
        ],
        "sinr_ue2": [
            18.92797935987907,
            0.3287705143536474,
            4.238696028013107,
            4.209032625190513,
            6.286039935192783,
            2.3779959783934297,
            17.653518482095432,
            4.402564867170456,
            -1.718141536308376,
            0.3873402076004709,
            2.5047706811489254,
            22.902434267541317,
            19.305128869559255,
            2.9101215052826372,
            21.175198772055293,
            15.872857730956504,
            14.839436338368701,
            17.310227217787585,
            0.21354957139292907,
            10.149401220362915
        ],
        "power_bs1": [
            33.92360921250307,
            32.92360921250307,
            31.923609212503067,
            30.923609212503067,
            27.923609212503067,
            28.923609212503067,
            29.923609212503067,
            28.923609212503067,
            31.923609212503067,
            30.923609212503067,
            27.923609212503067,
            26.923609212503067,
            29.923609212503063,
            32.92360921250307,
            31.923609212503067,
            32.92360921250307,
            29.923609212503063,
            26.923609212503067,
            23.923609212503063,
            22.923609212503067
        ],
        "power_bs2": [
            44.19525958492301,
            41.195259584923,
            44.195259584923,
            43.195259584923,
            42.19525958492301,
            39.195259584923,
            40.19525958492301,
            41.195259584923,
            38.195259584923,
            39.195259584923,
            38.195259584923,
            37.19525958492301,
            40.19525958492301,
            39.195259584923,
            40.19525958492301,
            39.195259584923,
            36.19525958492301,
            33.195259584923,
            32.195259584923,
            31.195259584923
        ]
    }
}