{
    "episode": 4490,
    "seed": 4490,
    "metrics": {
        "sinr_ue1": [
            16.75185416932739,
            30.351078081595166,
            14.60446175060672,
            30.08710916061185,
            6.592999963778746,
            19.218520263295297,
            10.501898863350158,
            10.558496568765056,
            12.509273099129741,
            23.77359211032852,
            8.465331563263073,
            12.51156646370903,
            14.44131341292948,
            31.11755880509829,
            10.558360467165553,
            16.675169831594953,
            14.476778989536916,
            25.48518098412595,
            12.407676435666382,
            18.359246925593816
        ],
        "sinr_ue2": [
            23.877976414902243,
            13.50550786610601,
            21.69375999648985,
            11.330234395535907,
            30.457936360221648,
            15.15409280631147,
            22.597559695129007,
            23.247893803955986,
            25.94466421625137,
            18.880267160276446,
            13.152035543939238,
            24.552053978920124,
            26.876976154852382,
            7.234893026795327,
            30.23886318657029,
            13.215260503152631,
            18.097181280030497,
            7.227397000661064,
            23.80266651584991,
            17.481162454867242
        ],
        "power_bs1": [
            40.747914278787356,
            37.747914278787356,
            36.747914278787356,
            35.747914278787356,
            32.747914278787356,
            29.747914278787356,
            32.747914278787356,
            35.747914278787356,
            36.747914278787356,
            33.747914278787356,
            36.747914278787356,
            37.747914278787356,
            38.747914278787356,
            41.74791427878736,
            40.747914278787356,
            41.74791427878736,
            44.747914278787356,
            45.747914278787356,
            42.747914278787356,
            45.747914278787356
        ],
        "power_bs2": [
            31.322414716585723,
            28.322414716585726,
            29.32241471658572,
            32.322414716585726,
            33.322414716585726,
            30.322414716585723,
            29.32241471658572,
            32.322414716585726,
            31.322414716585723,
            32.322414716585726,
            35.32241471658572,
            32.322414716585726,
            31.322414716585723,
            34.32241471658572,
            37.322414716585726,
            40.32241471658572,
            37.32241471658572,
            38.32241471658572,
            37.32241471658572,
            34.32241471658572
        ]
    }
}