{
    "episode": 3072,
    "seed": 3072,
    "metrics": {
        "sinr_ue1": [
            37.210869906345195,
            34.775720837510555,
            13.397592214605519,
            33.77104073608245,
            21.387625533395045,
            36.577191297275384,
            40.909039260800675,
            27.380624240830443,
            27.509638563133393,
            48.58923260915647,
            31.236661311080802,
            25.362587382497594,
            36.884002769963864,
            43.73584247102456,
            27.143612274782235,
            38.07369146576035,
            36.16238755759831,
            17.30184858184396,
            37.65038782017059,
            36.20474139196833
        ],
        "sinr_ue2": [
            5.4418843208185885,
            11.403270400685102,
            32.120591261832395,
            11.396267079012388,
            22.958388972995394,
            22.798744006954855,
            3.454898856900688,
            21.523200578913478,
            12.468759237745424,
            -0.48097184136628035,
            9.916746832187787,
            13.240933725679893,
            5.443116832295725,
            1.474523261778577,
            18.57476206349558,
            3.4747935882703067,
            7.44520022395601,
            25.535699766588337,
            19.163434256606582,
            3.4322899837426375
        ],
        "power_bs1": [
            37.962948966990766,
            34.962948966990766,
            31.962948966990766,
            30.962948966990766,
            33.962948966990766,
            36.962948966990766,
            35.962948966990766,
            36.962948966990766,
            39.962948966990766,
            42.962948966990766,
            43.962948966990766,
            40.962948966990766,
            39.962948966990766,
            40.962948966990766,
            39.962948966990766,
            38.962948966990766,
            37.962948966990766,
            34.962948966990766,
            37.962948966990766,
            38.962948966990766
        ],
        "power_bs2": [
            35.36393417632281,
            38.36393417632281,
            37.36393417632281,
            34.36393417632281,
            31.363934176322807,
            32.3639341763228,
            31.363934176322807,
            28.363934176322804,
            31.363934176322807,
            34.36393417632281,
            31.363934176322804,
            34.36393417632281,
            37.3639341763228,
            34.36393417632281,
            35.3639341763228,
            34.36393417632281,
            37.3639341763228,
            36.3639341763228,
            33.36393417632281,
            34.36393417632281
        ]
    }
}