{
    "episode": 841,
    "seed": 841,
    "metrics": {
        "sinr_ue1": [
            30.296003870393868,
            44.06406809573027,
            43.58036992550638,
            45.98875330325407,
            39.761172516945024,
            25.681118983277557,
            27.56242026671732,
            39.797146396968834,
            46.47752253179266,
            29.425021979475634,
            35.45290815789098,
            53.0261343228564,
            37.17880172369006,
            37.23879551855585,
            53.846212864555724,
            37.05279400673146,
            34.86565299436978,
            53.33625839901678,
            46.888798573320216,
            29.33470006328301
        ],
        "sinr_ue2": [
            33.29372334820028,
            14.328404594086878,
            12.382776689647844,
            16.41000703155982,
            31.536337779804768,
            31.56952363365853,
            34.29991071878299,
            16.309589351551622,
            27.620280870735954,
            29.555652672155084,
            21.88659835145092,
            2.315663157843289,
            16.634395085763252,
            14.491025102408035,
            11.021529829089316,
            19.62074870697446,
            26.956648236479946,
            8.236597307058883,
            22.96493494769365,
            33.93043857900536
        ],
        "power_bs1": [
            39.02140743245712,
            38.02140743245712,
            41.02140743245712,
            40.02140743245712,
            37.02140743245712,
            34.02140743245712,
            35.02140743245712,
            34.02140743245712,
            35.02140743245712,
            36.02140743245712,
            39.02140743245712,
            42.021407432457124,
            39.02140743245712,
            36.02140743245712,
            33.02140743245712,
            36.02140743245712,
            35.02140743245712,
            36.02140743245712,
            33.02140743245712,
            32.02140743245712
        ],
        "power_bs2": [
            39.67599976141699,
            38.67599976141699,
            39.67599976141699,
            42.67599976141699,
            39.67599976141699,
            38.67599976141699,
            37.67599976141699,
            36.67599976141699,
            35.67599976141699,
            36.67599976141699,
            33.67599976141699,
            30.675999761416985,
            31.675999761416985,
            28.67599976141699,
            25.675999761416985,
            28.675999761416982,
            29.67599976141699,
            30.675999761416985,
            31.675999761416985,
            32.67599976141699
        ]
    }
}