{
    "episode": 2915,
    "seed": 2915,
    "metrics": {
        "sinr_ue1": [
            32.71197011340138,
            30.237027233474194,
            24.323350806085674,
            37.02743408615363,
            24.339122953458357,
            20.35345450938211,
            42.91913416079541,
            35.47773204239758,
            33.791604349069566,
            39.42780499329724,
            38.438535613419035,
            41.50368706191222,
            37.30982477156541,
            22.323662964325074,
            42.85855965464458,
            33.694207161395184,
            39.27787109401678,
            26.10600366052993,
            40.648799098206666,
            24.297513259968653
        ],
        "sinr_ue2": [
            10.688662055383112,
            26.27452402709126,
            19.127977203955794,
            4.682928776209078,
            24.719398454957137,
            26.52230284133457,
            3.7819831502300345,
            6.60560105737413,
            6.621824621796365,
            6.575750822512224,
            3.3941318709988706,
            2.6068487501799686,
            0.6252157153432131,
            23.139483641177442,
            6.587091156437062,
            6.63904973021455,
            6.633761808836849,
            16.137836878533747,
            4.651504813565595,
            24.098478053958612
        ],
        "power_bs1": [
            44.72019105980798,
            43.72019105980797,
            44.72019105980798,
            45.72019105980797,
            42.72019105980797,
            39.72019105980797,
            42.72019105980797,
            39.72019105980797,
            36.72019105980797,
            35.72019105980797,
            34.72019105980797,
            37.72019105980797,
            40.72019105980797,
            37.72019105980797,
            36.72019105980797,
            39.72019105980797,
            38.72019105980797,
            39.72019105980797,
            36.72019105980797,
            39.72019105980797
        ],
        "power_bs2": [
            39.95216149077682,
            36.95216149077682,
            33.95216149077682,
            34.95216149077682,
            31.952161490776817,
            32.95216149077682,
            29.952161490776813,
            30.952161490776817,
            27.952161490776817,
            26.952161490776817,
            23.952161490776813,
            24.952161490776813,
            25.952161490776817,
            28.952161490776817,
            27.952161490776817,
            30.952161490776817,
            29.952161490776813,
            26.952161490776817,
            25.952161490776817,
            28.952161490776813
        ]
    }
}