{
    "episode": 2591,
    "seed": 2591,
    "metrics": {
        "sinr_ue1": [
            25.160125100418853,
            6.937003098212086,
            6.922944259017138,
            23.041939863738232,
            27.28181076443787,
            32.987266030753716,
            26.91619732354216,
            19.270304776211344,
            18.621555317843857,
            16.704903847880317,
            16.756313365987925,
            10.872454620718653,
            20.14205491763738,
            26.482680204187034,
            10.817490430497756,
            21.27490512376756,
            31.5430742139918,
            28.105305905280552,
            24.65569356280465,
            25.36152496445453
        ],
        "sinr_ue2": [
            28.87593440099465,
            47.40264718572579,
            45.40580667136965,
            36.277893803519554,
            40.31061457320382,
            22.64358529919109,
            26.691061582444185,
            20.723002106453748,
            17.878996697552658,
            34.56879323297281,
            36.72497397399842,
            45.96249299347279,
            24.99031590909592,
            27.13664518763501,
            38.88183731426447,
            27.265395176625823,
            27.145410207879067,
            25.302830867498287,
            25.254954785735517,
            39.947510941772954
        ],
        "power_bs1": [
            34.96434834350326,
            31.96434834350326,
            30.96434834350326,
            31.96434834350326,
            32.96434834350326,
            33.96434834350326,
            30.96434834350326,
            33.96434834350326,
            34.96434834350326,
            33.96434834350326,
            34.96434834350326,
            31.96434834350326,
            30.96434834350326,
            29.96434834350326,
            30.96434834350326,
            31.96434834350326,
            30.96434834350326,
            29.96434834350326,
            30.96434834350326,
            27.964348343503257
        ],
        "power_bs2": [
            40.62811871663703,
            37.62811871663703,
            36.62811871663703,
            33.62811871663703,
            36.62811871663703,
            33.62811871663703,
            34.62811871663703,
            31.62811871663703,
            28.628118716637033,
            29.628118716637033,
            30.628118716637033,
            33.62811871663703,
            32.62811871663703,
            33.62811871663703,
            32.62811871663703,
            35.62811871663703,
            34.62811871663703,
            31.62811871663703,
            32.62811871663703,
            29.62811871663703
        ]
    }
}