{
    "episode": 1043,
    "seed": 1043,
    "metrics": {
        "sinr_ue1": [
            43.49134111145503,
            24.020264349414006,
            26.02708748913098,
            43.52525682271488,
            46.51634792190043,
            31.86203538122181,
            42.6968203514612,
            25.733166780685526,
            29.81501988928962,
            31.77557497116561,
            43.540322112787344,
            31.729753428123075,
            50.304844288862995,
            29.74953512204057,
            47.45650546918078,
            39.53531873885497,
            44.63932716943823,
            29.51674060867564,
            33.553103181951286,
            27.4385757439758
        ],
        "sinr_ue2": [
            20.272375357974845,
            29.838896134960976,
            16.595936608434126,
            11.370735029735943,
            9.43889935122862,
            25.416078046596997,
            21.25881904091694,
            11.490326946169214,
            22.7838889255659,
            21.492542414353764,
            11.45291978937127,
            26.938438139082656,
            5.470732471583187,
            26.758086397179625,
            14.042516870620164,
            11.393444213874949,
            11.350125183461142,
            22.91836959221272,
            5.37248053334865,
            27.099036783348147
        ],
        "power_bs1": [
            41.14816915703728,
            38.14816915703728,
            37.14816915703728,
            34.14816915703728,
            37.14816915703728,
            40.14816915703727,
            37.14816915703728,
            38.14816915703728,
            41.14816915703728,
            42.14816915703728,
            39.14816915703728,
            42.14816915703728,
            39.14816915703727,
            40.14816915703727,
            41.14816915703727,
            38.14816915703727,
            35.14816915703727,
            36.14816915703728,
            37.14816915703728,
            34.14816915703727
        ],
        "power_bs2": [
            36.45035677203629,
            39.45035677203629,
            36.45035677203629,
            33.45035677203629,
            34.45035677203629,
            33.45035677203629,
            34.45035677203629,
            37.45035677203629,
            36.45035677203629,
            35.45035677203628,
            38.45035677203629,
            35.45035677203628,
            32.45035677203629,
            35.45035677203628,
            38.45035677203628,
            37.45035677203628,
            34.45035677203628,
            31.450356772036283,
            30.450356772036283,
            31.450356772036283
        ]
    }
}