{
    "episode": 633,
    "seed": 633,
    "metrics": {
        "sinr_ue1": [
            3.7288953830897142,
            13.918447557584699,
            9.831940805488088,
            18.1978666325367,
            7.780643826205848,
            5.83971311261311,
            24.339211251811644,
            20.312118129355795,
            15.720948352336194,
            36.903120714452704,
            39.60851908131548,
            46.91923158695079,
            29.638400630248725,
            43.018585158016805,
            46.16229482040847,
            46.82614026437363,
            47.61624777912,
            29.4707870235862,
            47.84677363423674,
            29.5822289953652
        ],
        "sinr_ue2": [
            41.58458092330299,
            44.075041045443584,
            43.558764905796124,
            47.95979669394743,
            44.11318758131084,
            45.205607160406096,
            35.22551093043338,
            36.947109654744125,
            19.273749876473367,
            31.063064918068257,
            9.070891065811072,
            5.225110630509784,
            22.28878334621685,
            5.2584985973977805,
            5.22912183399996,
            11.280130518115524,
            9.415176374065414,
            15.188725111158526,
            20.95047074478761,
            5.6005697127178555
        ],
        "power_bs1": [
            29.69903617751671,
            30.699036177516707,
            27.69903617751671,
            24.699036177516707,
            27.69903617751671,
            24.699036177516707,
            25.699036177516707,
            28.69903617751671,
            31.69903617751671,
            34.6990361775167,
            35.69903617751671,
            36.69903617751671,
            39.6990361775167,
            38.69903617751671,
            37.69903617751671,
            34.6990361775167,
            33.6990361775167,
            36.69903617751671,
            37.6990361775167,
            40.6990361775167
        ],
        "power_bs2": [
            40.89636797348797,
            39.896367973487976,
            40.89636797348797,
            43.89636797348798,
            42.896367973487976,
            41.896367973487976,
            40.89636797348797,
            37.896367973487976,
            38.896367973487976,
            35.89636797348797,
            32.896367973487976,
            29.896367973487976,
            32.896367973487976,
            31.896367973487973,
            30.896367973487976,
            33.896367973487976,
            30.896367973487976,
            29.896367973487976,
            30.896367973487976,
            33.896367973487976
        ]
    }
}