{
    "episode": 1206,
    "seed": 1206,
    "metrics": {
        "sinr_ue1": [
            31.054763749901216,
            45.25570269870289,
            44.65906161677002,
            40.527439506042626,
            23.38325911170061,
            47.21902029872207,
            25.441652309019133,
            19.327781294877234,
            33.75378455875272,
            37.76601611747319,
            17.005044137767786,
            18.902200836757608,
            18.792036057927977,
            16.900245997816196,
            22.857639526002103,
            39.33724083251013,
            22.973173674539744,
            45.79848528839727,
            36.31249250388612,
            36.202500682570275
        ],
        "sinr_ue2": [
            24.93019135244646,
            18.324208689142406,
            11.895913184222135,
            11.939694750895702,
            32.77184214468215,
            11.964950811493766,
            30.844961759690655,
            38.077362805513715,
            30.615026738820937,
            15.852691108730621,
            34.5702151890848,
            34.01726255649666,
            29.952257070368205,
            34.38544238214666,
            34.05353996706265,
            30.07074932872075,
            29.143206850339105,
            9.919139966386222,
            15.918130342935717,
            13.94359891380632
        ],
        "power_bs1": [
            37.458411331162516,
            36.458411331162516,
            33.458411331162516,
            36.45841133116251,
            37.458411331162516,
            40.458411331162516,
            39.458411331162516,
            36.45841133116251,
            37.458411331162516,
            34.458411331162516,
            33.458411331162516,
            36.45841133116251,
            39.45841133116251,
            36.45841133116251,
            39.45841133116251,
            36.45841133116251,
            39.45841133116251,
            42.45841133116251,
            39.45841133116251,
            42.45841133116251
        ],
        "power_bs2": [
            30.778729950770824,
            31.778729950770824,
            32.778729950770824,
            35.778729950770824,
            38.778729950770824,
            39.778729950770824,
            38.778729950770824,
            41.77872995077082,
            38.778729950770824,
            37.77872995077082,
            40.778729950770824,
            41.77872995077082,
            44.77872995077082,
            43.778729950770824,
            40.778729950770824,
            43.778729950770824,
            40.778729950770824,
            39.778729950770824,
            42.778729950770824,
            43.778729950770824
        ]
    }
}