{
    "episode": 2353,
    "seed": 2353,
    "metrics": {
        "sinr_ue1": [
            3.567119377341372,
            7.67483929549607,
            7.729358994702732,
            10.869336106299269,
            28.157927510833982,
            15.899511728779343,
            1.686255905516473,
            2.39760207611945,
            18.717250016994853,
            -0.23020180183709132,
            1.6348186579337287,
            7.647957928537561,
            9.521326522546246,
            14.695922947592216,
            5.369667223546674,
            23.89537616477879,
            3.3864826995755637,
            17.372428181714344,
            26.25303722252946,
            23.988331458414308
        ],
        "sinr_ue2": [
            32.66508942584715,
            29.395309756218538,
            26.318091839432924,
            20.922912242402198,
            7.608750481775966,
            13.577253470335789,
            33.177259477461185,
            33.30189537806048,
            17.27381486324058,
            27.91288550298701,
            31.477237470621247,
            29.84280685789618,
            16.31578871176034,
            13.49112417041531,
            24.302478645989076,
            9.501145428498528,
            30.881441952969002,
            13.12517863703155,
            9.258327487288739,
            8.834561411967076
        ],
        "power_bs1": [
            32.316796665711536,
            35.316796665711536,
            36.316796665711536,
            35.316796665711536,
            38.316796665711536,
            35.316796665711536,
            32.316796665711536,
            31.316796665711536,
            28.316796665711536,
            29.316796665711536,
            28.316796665711536,
            31.316796665711536,
            34.316796665711536,
            31.316796665711536,
            32.316796665711536,
            31.316796665711536,
            28.316796665711536,
            25.316796665711536,
            26.316796665711536,
            23.316796665711536
        ],
        "power_bs2": [
            33.15412205859475,
            32.15412205859476,
            33.15412205859475,
            30.15412205859476,
            33.15412205859475,
            36.15412205859476,
            35.15412205859476,
            34.15412205859476,
            33.15412205859475,
            34.15412205859476,
            31.15412205859476,
            28.15412205859476,
            29.154122058594755,
            32.15412205859476,
            31.15412205859476,
            28.154122058594755,
            29.154122058594755,
            26.15412205859476,
            23.154122058594755,
            20.15412205859476
        ]
    }
}