{
    "episode": 1512,
    "seed": 1512,
    "metrics": {
        "sinr_ue1": [
            18.187814160445456,
            27.518154260734583,
            28.649563897271996,
            37.54897719971329,
            31.273917075622197,
            19.36266448045391,
            34.34488941353905,
            12.317083890483252,
            22.812246871619987,
            26.962206858978206,
            25.799609343517492,
            8.277595152434195,
            31.09666068292803,
            28.070678503982514,
            24.04502355737129,
            2.354457025231037,
            24.155090465668184,
            25.205831400467357,
            6.3032765255507215,
            21.492698585732054
        ],
        "sinr_ue2": [
            23.007067716156225,
            10.785529445612864,
            12.801325611983428,
            10.849293264065023,
            10.859563042370892,
            12.817952999803651,
            14.760454486778158,
            14.759029045315035,
            18.843693791270443,
            16.794371330001496,
            18.821220923279263,
            32.78940030545484,
            30.349981481711875,
            14.732863879253681,
            20.816426329285612,
            41.966128470976656,
            18.685213957477046,
            20.729017238688673,
            36.89649801565849,
            24.824388432437736
        ],
        "power_bs1": [
            38.72866305332179,
            35.72866305332179,
            32.72866305332179,
            31.728663053321785,
            34.72866305332179,
            35.72866305332179,
            34.72866305332179,
            37.72866305332179,
            36.72866305332179,
            37.72866305332179,
            34.72866305332179,
            37.72866305332179,
            40.72866305332178,
            39.72866305332179,
            36.72866305332179,
            33.72866305332179,
            36.72866305332179,
            35.72866305332178,
            32.72866305332179,
            29.728663053321785
        ],
        "power_bs2": [
            34.26005699829119,
            33.26005699829119,
            32.26005699829119,
            29.26005699829119,
            32.26005699829119,
            35.26005699829119,
            36.26005699829119,
            39.26005699829119,
            42.26005699829119,
            41.26005699829119,
            40.2600569982912,
            43.26005699829119,
            40.26005699829119,
            41.26005699829119,
            44.26005699829119,
            45.2600569982912,
            42.26005699829119,
            43.26005699829119,
            40.26005699829119,
            41.26005699829119
        ]
    }
}