{
    "episode": 390,
    "seed": 390,
    "metrics": {
        "sinr_ue1": [
            24.531584807646595,
            30.08464206556016,
            19.348355185299372,
            41.410877647229555,
            25.235198536606486,
            44.36888320551233,
            33.008244737532976,
            25.14955187985356,
            33.09383763541607,
            13.40182381604733,
            11.48134002433775,
            7.533391036998501,
            7.5134386285148675,
            13.507537826872458,
            19.44841616424754,
            19.458633409143907,
            30.879950142528223,
            17.420444167287062,
            28.926847659746578,
            15.340140683791642
        ],
        "sinr_ue2": [
            25.592545513620067,
            8.736988754876817,
            25.44674934276609,
            0.6144586398236954,
            16.782728688325648,
            10.857945164230461,
            -1.2999361029091252,
            15.449426518472006,
            6.79830935855504,
            19.979375787664118,
            33.602195904151834,
            35.40305851620933,
            18.846354130345027,
            26.316781406568502,
            21.73734008507326,
            6.751959127634864,
            4.82181659182492,
            28.114119874968694,
            10.78814205297548,
            25.122378628570928
        ],
        "power_bs1": [
            41.04196709572227,
            38.04196709572226,
            39.04196709572226,
            42.04196709572226,
            41.04196709572227,
            42.04196709572226,
            41.04196709572227,
            38.041967095722256,
            35.04196709572226,
            32.04196709572226,
            33.041967095722256,
            30.041967095722264,
            33.041967095722256,
            36.041967095722256,
            39.04196709572226,
            42.04196709572226,
            41.041967095722256,
            38.041967095722256,
            35.041967095722256,
            32.041967095722256
        ],
        "power_bs2": [
            39.47877384750177,
            36.47877384750177,
            35.47877384750177,
            32.47877384750177,
            31.478773847501774,
            28.47877384750177,
            29.47877384750177,
            28.47877384750177,
            31.478773847501774,
            34.47877384750177,
            37.47877384750177,
            38.47877384750178,
            41.47877384750177,
            38.47877384750177,
            35.47877384750177,
            38.47877384750177,
            35.47877384750177,
            36.47877384750177,
            35.47877384750177,
            32.47877384750177
        ]
    }
}