{
    "episode": 2676,
    "seed": 2676,
    "metrics": {
        "sinr_ue1": [
            37.858441193164346,
            12.742112254156863,
            12.743594427104563,
            21.93018071347627,
            10.659597385318477,
            12.64940115733193,
            32.04817442422298,
            24.64383084937324,
            42.75143832965085,
            26.583436456873763,
            41.062692388656245,
            50.13352097596561,
            32.55201694215698,
            30.57918367308307,
            26.540337529345315,
            47.62181985417656,
            28.35087280496748,
            25.54839351456215,
            26.537221182658193,
            45.436948532742896
        ],
        "sinr_ue2": [
            26.765379087413415,
            44.11520378272616,
            49.94894132488405,
            34.71702551263321,
            50.9451402780187,
            48.69009188295805,
            24.729623310405564,
            29.216325011624352,
            16.738308086082853,
            30.60978475784974,
            7.663760561686734,
            14.54606455764721,
            27.766590721895284,
            25.236011854749304,
            38.17938461249688,
            14.385954944221492,
            34.846465052684074,
            32.65877929161246,
            36.0135099934799,
            10.122555358888434
        ],
        "power_bs1": [
            38.37297397125336,
            37.37297397125336,
            34.37297397125336,
            33.37297397125336,
            34.37297397125336,
            37.37297397125336,
            40.37297397125336,
            43.37297397125336,
            42.37297397125336,
            39.37297397125336,
            38.37297397125336,
            41.37297397125336,
            42.37297397125336,
            39.37297397125336,
            36.37297397125336,
            37.37297397125336,
            34.37297397125336,
            35.37297397125335,
            36.37297397125336,
            39.37297397125336
        ],
        "power_bs2": [
            42.183686556142106,
            45.183686556142106,
            42.183686556142106,
            45.183686556142106,
            44.1836865561421,
            45.183686556142106,
            42.183686556142106,
            39.183686556142106,
            36.183686556142106,
            33.183686556142106,
            34.183686556142106,
            33.183686556142106,
            30.183686556142103,
            29.1836865561421,
            30.183686556142103,
            29.1836865561421,
            26.183686556142103,
            29.1836865561421,
            30.183686556142103,
            27.183686556142103
        ]
    }
}