{
    "episode": 2467,
    "seed": 2467,
    "metrics": {
        "sinr_ue1": [
            37.55533205960414,
            30.90727282181302,
            36.315007169803835,
            16.26824826639599,
            29.668894279804356,
            26.340601648066794,
            42.96822989463938,
            53.62318634757329,
            32.40899299357906,
            32.237106031020495,
            47.73850642990502,
            28.159439145986433,
            32.17472602391885,
            24.116012456727614,
            48.89416817060475,
            26.044324747912484,
            26.152896631608115,
            31.77438925257745,
            43.180411129112315,
            32.106161325280446
        ],
        "sinr_ue2": [
            11.138007916894345,
            15.24188495303871,
            15.282206072905018,
            31.22387328546944,
            11.335696844803715,
            24.967412279941538,
            1.3740087032567714,
            -2.6759628111528864,
            2.4749953561451137,
            13.65079928988049,
            8.835517403570128,
            26.113649474253634,
            22.67049679514453,
            23.121364185345392,
            3.471620313291937,
            20.85912929530778,
            16.925632054973857,
            23.023030131949213,
            1.6179930294443399,
            20.826045062338714
        ],
        "power_bs1": [
            32.491902980292814,
            31.491902980292814,
            28.491902980292814,
            27.491902980292814,
            28.491902980292814,
            31.491902980292814,
            32.491902980292814,
            35.491902980292814,
            36.491902980292814,
            35.491902980292814,
            38.491902980292814,
            37.491902980292814,
            36.491902980292814,
            39.49190298029281,
            42.49190298029281,
            41.491902980292814,
            40.491902980292814,
            39.49190298029281,
            42.49190298029281,
            41.491902980292814
        ],
        "power_bs2": [
            35.98579882941047,
            38.98579882941047,
            35.98579882941047,
            34.98579882941047,
            31.98579882941047,
            28.98579882941047,
            25.98579882941047,
            24.985798829410474,
            27.98579882941047,
            26.98579882941047,
            29.98579882941047,
            32.98579882941047,
            35.98579882941047,
            38.98579882941047,
            37.98579882941047,
            38.98579882941047,
            37.98579882941047,
            38.98579882941047,
            35.98579882941047,
            32.98579882941047
        ]
    }
}