{
    "episode": 4877,
    "seed": 4877,
    "metrics": {
        "sinr_ue1": [
            53.657896087626504,
            32.28200786503527,
            44.99759481116776,
            30.28379277329734,
            37.7168195631297,
            32.47753858897731,
            48.10527202902187,
            37.21608618814312,
            47.438236130266915,
            30.45296990472261,
            45.87433894183001,
            49.649585567647314,
            53.91358211900689,
            50.514279485672944,
            32.40124785315819,
            34.13558259188722,
            54.97888420261647,
            51.92845085052593,
            58.35100321992692,
            40.56269676377922
        ],
        "sinr_ue2": [
            14.204636384154185,
            36.91652511231092,
            36.80452161090406,
            34.29875160372722,
            22.091362204964327,
            34.07404766043362,
            18.089108643657386,
            18.04791674471272,
            17.97619629753577,
            35.3249071578499,
            40.147052527465945,
            21.952337398110842,
            17.957711605499412,
            20.92937154352788,
            31.295137342546873,
            34.994963371834075,
            14.08060256344535,
            14.121334184958648,
            8.15047050461795,
            22.914870559410012
        ],
        "power_bs1": [
            42.65940537226236,
            39.65940537226237,
            36.65940537226237,
            35.65940537226237,
            36.65940537226237,
            39.65940537226237,
            40.65940537226236,
            39.65940537226237,
            36.65940537226237,
            33.65940537226236,
            34.65940537226237,
            31.65940537226237,
            34.65940537226237,
            37.65940537226236,
            38.65940537226236,
            39.65940537226237,
            40.65940537226236,
            37.65940537226236,
            40.65940537226236,
            37.65940537226236
        ],
        "power_bs2": [
            39.36940301155686,
            40.36940301155687,
            41.36940301155686,
            38.36940301155686,
            41.36940301155686,
            40.36940301155687,
            41.36940301155686,
            40.36940301155687,
            37.36940301155686,
            36.36940301155686,
            39.36940301155686,
            36.36940301155686,
            35.36940301155686,
            36.36940301155686,
            39.36940301155686,
            38.36940301155686,
            37.36940301155686,
            34.36940301155686,
            31.369403011556862,
            30.369403011556862
        ]
    }
}