{
    "episode": 959,
    "seed": 959,
    "metrics": {
        "sinr_ue1": [
            23.218482379578063,
            28.112436870871555,
            43.23426351958908,
            24.881531664490765,
            29.044227195618653,
            23.226270534482772,
            28.32326932336834,
            43.70453725025389,
            37.47620188740094,
            43.98442229746516,
            44.439656403661104,
            33.179499696880654,
            48.10025256047011,
            49.46141954653751,
            47.07663224646816,
            26.868200130696692,
            34.43026233983227,
            22.845896523345672,
            28.957551728393504,
            34.88926591913912
        ],
        "sinr_ue2": [
            23.769909001513348,
            15.544718090891585,
            15.64948840840201,
            28.593189206178494,
            32.570829975220306,
            36.85559407620096,
            19.591776913157165,
            19.4828825452344,
            30.759997433334902,
            15.709677560057948,
            13.705779790981303,
            8.073151291815698,
            7.790374957581481,
            20.989760672896484,
            9.761146981728244,
            32.978359400186406,
            11.644057933559795,
            35.369475950206585,
            25.181215952897237,
            24.106784635619256
        ],
        "power_bs1": [
            33.14705987094589,
            32.14705987094589,
            35.14705987094588,
            34.14705987094588,
            37.14705987094589,
            34.14705987094588,
            33.14705987094588,
            30.147059870945885,
            33.14705987094588,
            36.14705987094589,
            37.14705987094588,
            40.14705987094588,
            41.14705987094588,
            40.14705987094588,
            37.14705987094588,
            34.14705987094588,
            33.14705987094588,
            30.147059870945885,
            33.14705987094588,
            36.14705987094588
        ],
        "power_bs2": [
            40.07988704032877,
            37.07988704032878,
            40.07988704032877,
            39.07988704032877,
            38.07988704032877,
            41.07988704032877,
            42.07988704032878,
            39.07988704032877,
            42.07988704032878,
            41.07988704032877,
            40.07988704032877,
            37.07988704032878,
            38.07988704032877,
            37.07988704032878,
            36.07988704032878,
            37.07988704032878,
            34.07988704032877,
            37.07988704032878,
            34.07988704032877,
            31.079887040328774
        ]
    }
}