{
    "episode": 4188,
    "seed": 4188,
    "metrics": {
        "sinr_ue1": [
            21.115633747369284,
            4.048091546481059,
            2.0550328019496664,
            4.077638186859987,
            9.454126112280507,
            20.442176632459805,
            20.885804264896603,
            20.427143993862124,
            22.7938997768701,
            24.575335836050805,
            13.872766120249016,
            12.10506553048005,
            15.978196260961507,
            16.092708036050173,
            28.252750672262255,
            26.504272756521825,
            29.698772553001284,
            10.232549053351935,
            30.95155020112452,
            15.688702720107466
        ],
        "sinr_ue2": [
            11.190870815755913,
            33.40470201072398,
            32.821194780208074,
            15.117590623695493,
            33.812956608866756,
            17.08232769350901,
            13.164319943138473,
            13.101322887745496,
            13.045847586691348,
            11.118680725377295,
            18.18075847881577,
            24.704911315898833,
            21.518479517362596,
            17.423977978858858,
            0.9825140112532403,
            6.943326600190173,
            8.86519107707051,
            20.519694566738444,
            4.927732250740858,
            25.443638109351294
        ],
        "power_bs1": [
            36.69886256917845,
            33.69886256917845,
            32.69886256917845,
            35.69886256917845,
            32.69886256917845,
            31.698862569178452,
            34.69886256917845,
            31.698862569178452,
            32.698862569178445,
            35.69886256917845,
            32.698862569178445,
            33.69886256917845,
            34.69886256917845,
            37.69886256917845,
            38.69886256917845,
            35.69886256917845,
            32.698862569178445,
            35.69886256917845,
            38.69886256917845,
            39.69886256917845
        ],
        "power_bs2": [
            40.43946963350776,
            41.43946963350777,
            42.43946963350776,
            43.43946963350777,
            44.43946963350776,
            41.43946963350777,
            40.43946963350776,
            37.43946963350776,
            38.43946963350776,
            39.43946963350776,
            36.43946963350776,
            33.43946963350776,
            30.439469633507766,
            33.43946963350776,
            32.43946963350776,
            35.43946963350776,
            34.43946963350776,
            37.43946963350776,
            36.43946963350776,
            39.43946963350776
        ]
    }
}