{
    "episode": 2320,
    "seed": 2320,
    "metrics": {
        "sinr_ue1": [
            37.36431439346241,
            46.07226030059792,
            42.357186200541214,
            30.660809954403142,
            43.64822726178268,
            46.846607797290545,
            46.793104274447956,
            30.719958291892965,
            30.782362670871628,
            26.829697145380003,
            22.636966478188416,
            48.61620194246656,
            39.06401510314767,
            40.980858992537144,
            34.38548458472752,
            20.724932206465475,
            19.501568295442727,
            28.81601004948616,
            33.333775218509224,
            23.118091160053858
        ],
        "sinr_ue2": [
            39.795756868154896,
            19.267976527830555,
            17.352177998224946,
            32.01892711301169,
            19.201043207397273,
            19.188041948050632,
            19.255949881591285,
            23.96900056454921,
            15.302127942385361,
            38.86409416346705,
            33.11006363364949,
            17.311258313736328,
            21.313049814436546,
            25.35940077165097,
            27.347354651483876,
            47.627644031429654,
            37.59535310946413,
            34.67458822038922,
            27.15670923927469,
            37.406638368303796
        ],
        "power_bs1": [
            35.059324523321045,
            34.05932452332105,
            37.05932452332105,
            36.059324523321045,
            33.059324523321045,
            30.059324523321045,
            31.05932452332105,
            34.059324523321045,
            37.059324523321045,
            36.059324523321045,
            33.059324523321045,
            36.059324523321045,
            35.059324523321045,
            34.059324523321045,
            33.059324523321045,
            34.059324523321045,
            37.059324523321045,
            38.059324523321045,
            37.059324523321045,
            36.059324523321045
        ],
        "power_bs2": [
            39.50215127923536,
            36.50215127923536,
            37.50215127923536,
            34.50215127923536,
            35.50215127923536,
            32.50215127923536,
            33.50215127923536,
            32.50215127923536,
            35.502151279235356,
            38.50215127923536,
            39.50215127923536,
            36.50215127923536,
            39.50215127923536,
            42.502151279235356,
            43.50215127923536,
            42.502151279235356,
            39.502151279235356,
            38.502151279235356,
            41.50215127923536,
            42.502151279235356
        ]
    }
}