{
    "episode": 2104,
    "seed": 2104,
    "metrics": {
        "sinr_ue1": [
            29.425672671736905,
            17.46340494602404,
            17.521559287059162,
            30.933360368650078,
            35.223622724994314,
            25.675070933398082,
            26.34848448624758,
            13.536047615561653,
            35.87876189079313,
            30.189664333203034,
            15.597877376329734,
            13.614054715941018,
            13.565281428323516,
            24.744572977010996,
            23.645547460702225,
            21.06514719167476,
            5.581740635641754,
            5.5411570922116535,
            25.70543692959332,
            9.568396495628503
        ],
        "sinr_ue2": [
            10.640896249877954,
            27.209468011505752,
            10.544501622969303,
            12.60372841107676,
            12.644992419239834,
            16.659410492752784,
            16.641076318344947,
            34.695643575304544,
            12.73841746549353,
            21.310104773995533,
            24.706441243180805,
            36.592039042517335,
            26.443315963569894,
            18.665764164631334,
            20.629276815846005,
            38.59506978063396,
            39.79784098473574,
            34.72421430862575,
            18.639115690019157,
            36.45566676172831
        ],
        "power_bs1": [
            39.702499161301084,
            40.702499161301084,
            43.70249916130109,
            42.702499161301084,
            41.70249916130109,
            40.702499161301084,
            37.702499161301084,
            38.702499161301084,
            39.702499161301084,
            38.702499161301084,
            39.702499161301084,
            38.702499161301084,
            37.702499161301084,
            34.702499161301084,
            33.702499161301084,
            30.702499161301088,
            31.702499161301084,
            30.702499161301088,
            33.702499161301084,
            36.702499161301084
        ],
        "power_bs2": [
            37.79038847565268,
            38.79038847565268,
            41.79038847565268,
            42.79038847565268,
            41.79038847565268,
            44.79038847565268,
            41.79038847565268,
            40.79038847565268,
            39.79038847565268,
            36.79038847565268,
            39.79038847565268,
            40.79038847565268,
            39.79038847565268,
            40.79038847565268,
            41.79038847565268,
            40.79038847565268,
            41.79038847565268,
            40.79038847565268,
            39.79038847565268,
            42.79038847565268
        ]
    }
}