{
    "episode": 3860,
    "seed": 3860,
    "metrics": {
        "sinr_ue1": [
            9.243305504089282,
            9.175205381313237,
            18.148058745947672,
            7.219191673248652,
            26.989261501027542,
            28.561891934063198,
            11.192376219214692,
            31.632717554090345,
            27.92658002733362,
            29.512430426099154,
            30.804733999316056,
            10.94905449249497,
            25.81192257676171,
            24.604653841947545,
            1.0215197959670983,
            7.094203136234799,
            22.12724048556354,
            1.2657640970648878,
            -2.6375846211347302,
            16.761449303044724
        ],
        "sinr_ue2": [
            37.11102913757302,
            33.99154361827064,
            21.397228210438715,
            37.07477896902532,
            15.486397851341842,
            15.471593468841364,
            15.576688965758482,
            15.593491478377274,
            25.26069649332863,
            23.349665327641954,
            9.62667108789742,
            35.070558242273655,
            15.51296414451282,
            19.53551079933452,
            39.843386382505976,
            39.9984023767627,
            23.278078321908747,
            43.85175285932755,
            41.563053082614985,
            27.297596669582745
        ],
        "power_bs1": [
            35.3120481330263,
            32.3120481330263,
            31.312048133026302,
            30.312048133026302,
            33.3120481330263,
            32.3120481330263,
            35.3120481330263,
            32.3120481330263,
            35.3120481330263,
            34.312048133026295,
            35.3120481330263,
            32.3120481330263,
            29.3120481330263,
            28.312048133026302,
            25.3120481330263,
            28.312048133026302,
            25.3120481330263,
            24.3120481330263,
            23.3120481330263,
            26.312048133026302
        ],
        "power_bs2": [
            32.63240038097476,
            29.632400380974758,
            32.63240038097476,
            29.63240038097475,
            28.632400380974758,
            27.632400380974754,
            30.632400380974754,
            27.632400380974754,
            26.632400380974754,
            23.63240038097475,
            24.63240038097475,
            27.632400380974754,
            24.63240038097475,
            27.63240038097475,
            30.632400380974754,
            27.63240038097475,
            28.63240038097475,
            29.63240038097475,
            32.63240038097475,
            33.63240038097475
        ]
    }
}