{
    "episode": 4951,
    "seed": 4951,
    "metrics": {
        "sinr_ue1": [
            21.949420356352594,
            20.87315043632488,
            12.11735651907123,
            18.303103788330016,
            3.0272018519963044,
            4.9613748523974195,
            8.908135212266183,
            8.949111822060564,
            35.609154751760585,
            12.862301413105502,
            8.853693691439794,
            14.85725778395123,
            27.128706951911205,
            24.356199358096813,
            16.86294599545295,
            15.006656823039169,
            24.37304432240672,
            35.319163950747246,
            39.53477775989796,
            20.984020440762805
        ],
        "sinr_ue2": [
            31.43679551637109,
            29.27667669625904,
            25.34588740213524,
            44.95798281756089,
            53.48527513519904,
            48.207306505637305,
            37.805465743729265,
            35.839656282783075,
            19.342744873272018,
            39.531180168869675,
            46.4189544651677,
            28.943557493497245,
            23.45884036112782,
            19.606085561954313,
            33.622555312130004,
            19.29413069225773,
            32.241092087451676,
            24.984806643267984,
            13.459773461521849,
            13.621177016387252
        ],
        "power_bs1": [
            30.755544320870555,
            29.755544320870555,
            30.755544320870555,
            31.755544320870555,
            30.755544320870555,
            31.755544320870555,
            32.755544320870555,
            31.755544320870555,
            34.755544320870555,
            31.755544320870555,
            30.755544320870555,
            33.755544320870555,
            32.755544320870555,
            33.755544320870555,
            32.755544320870555,
            33.755544320870555,
            36.755544320870555,
            39.755544320870555,
            42.755544320870555,
            45.755544320870555
        ],
        "power_bs2": [
            34.80076848279726,
            31.80076848279726,
            28.800768482797263,
            31.80076848279726,
            34.80076848279726,
            33.80076848279726,
            30.80076848279726,
            29.80076848279726,
            26.80076848279726,
            25.80076848279726,
            28.80076848279726,
            25.80076848279726,
            28.80076848279726,
            25.80076848279726,
            22.80076848279726,
            25.800768482797256,
            26.800768482797256,
            27.80076848279726,
            28.80076848279726,
            31.800768482797256
        ]
    }
}