{
    "episode": 1466,
    "seed": 1466,
    "metrics": {
        "sinr_ue1": [
            -0.7603479925894369,
            -0.626453257252879,
            1.2781267487039498,
            1.151216374858457,
            1.0193566372253968,
            22.727925026841902,
            16.189011639297995,
            15.59413842307529,
            20.957564857049512,
            7.303375668495857,
            18.230600915449536,
            5.285483747341509,
            7.422994869609088,
            7.299153931704368,
            7.429205862411282,
            5.028896380601308,
            20.883096719293945,
            11.257723327649556,
            9.33980224863385,
            5.313679280872819
        ],
        "sinr_ue2": [
            35.140657821010144,
            19.149639483627436,
            34.58105330514395,
            33.25290885912445,
            32.074372168698176,
            15.093244599212618,
            18.956532327506114,
            13.01159125583263,
            32.58888445705339,
            25.95697421073126,
            14.871236116422505,
            26.64928408874946,
            12.262648834898734,
            29.8116138101311,
            23.691860029224927,
            33.731440808231255,
            10.97652078894749,
            26.11386281838427,
            28.599268926648733,
            27.60572954397616
        ],
        "power_bs1": [
            32.39095158444024,
            35.39095158444024,
            34.390951584440245,
            31.390951584440238,
            32.39095158444024,
            33.39095158444024,
            32.39095158444024,
            33.39095158444024,
            30.39095158444024,
            31.390951584440238,
            30.39095158444024,
            29.39095158444024,
            32.39095158444024,
            31.390951584440238,
            30.39095158444024,
            29.39095158444024,
            32.39095158444024,
            33.39095158444024,
            34.390951584440245,
            33.39095158444024
        ],
        "power_bs2": [
            36.149513519732096,
            39.14951351973209,
            36.149513519732096,
            33.14951351973209,
            34.14951351973209,
            33.14951351973209,
            32.149513519732096,
            31.149513519732093,
            30.149513519732093,
            27.14951351973209,
            30.149513519732093,
            27.14951351973209,
            28.14951351973209,
            27.14951351973209,
            26.14951351973209,
            29.14951351973209,
            28.14951351973209,
            25.14951351973209,
            28.14951351973209,
            31.14951351973209
        ]
    }
}