{
    "episode": 2086,
    "seed": 2086,
    "metrics": {
        "sinr_ue1": [
            18.60912408455918,
            26.299537242752557,
            22.572511285957816,
            28.572395588603335,
            26.52477385465627,
            43.291689369634724,
            45.892925808240804,
            51.21039650260292,
            47.49244409945546,
            30.330989207479426,
            54.863075403002256,
            39.088086441056504,
            52.63885408773884,
            49.22237884477133,
            57.26966587584811,
            53.48001066167177,
            35.83523887797105,
            56.375782557169465,
            29.82911637007929,
            29.118364757690998
        ],
        "sinr_ue2": [
            41.224423478173186,
            23.114730299619787,
            40.21609092079763,
            31.77103767307541,
            32.12829710662571,
            16.800840451206803,
            22.452450392890505,
            12.74023128952898,
            12.840659343916371,
            21.87199917192324,
            6.740595295576681,
            18.049442424446795,
            6.891286130966542,
            2.888024503561732,
            2.9973928024362877,
            6.9646372877674665,
            7.097660157077811,
            7.046430277668102,
            22.89019452697807,
            28.170838394887916
        ],
        "power_bs1": [
            35.63857469635924,
            36.63857469635924,
            35.63857469635924,
            38.63857469635924,
            37.63857469635924,
            36.63857469635924,
            37.63857469635924,
            34.63857469635924,
            35.63857469635924,
            34.63857469635924,
            37.63857469635924,
            38.63857469635924,
            35.63857469635924,
            38.63857469635924,
            37.63857469635924,
            34.63857469635924,
            37.63857469635924,
            34.63857469635924,
            31.638574696359242,
            28.638574696359242
        ],
        "power_bs2": [
            37.72173266577287,
            36.72173266577287,
            33.72173266577287,
            30.72173266577287,
            31.72173266577287,
            30.72173266577287,
            27.72173266577287,
            24.721732665772866,
            25.72173266577287,
            24.721732665772866,
            21.72173266577287,
            18.721732665772866,
            19.721732665772866,
            18.72173266577287,
            17.721732665772866,
            18.72173266577287,
            21.72173266577287,
            18.72173266577287,
            21.72173266577287,
            18.72173266577287
        ]
    }
}