{
    "episode": 2146,
    "seed": 2146,
    "metrics": {
        "sinr_ue1": [
            30.751684820753177,
            15.167511711135589,
            17.072406826660796,
            15.006883383096792,
            33.46579515119424,
            39.986296209575826,
            32.299442384776725,
            29.910927910033767,
            11.130763706811011,
            12.94235436799066,
            29.64137587397059,
            24.98252690130821,
            29.500392580167333,
            36.87828989346502,
            14.345876388052897,
            8.777857888432006,
            12.352524217309277,
            12.854859822573449,
            19.090090603642867,
            11.141194774596803
        ],
        "sinr_ue2": [
            34.76492866939275,
            37.231110112584716,
            37.91796592543054,
            37.46817015041636,
            14.62471727142702,
            16.596040984965214,
            20.68925557455603,
            26.53099429964495,
            38.40790111519867,
            26.593321654764072,
            20.359968384100817,
            33.94902342357739,
            18.057720463289716,
            14.318468914701983,
            28.02125530324458,
            39.9621260489878,
            43.61216998510068,
            32.20680881606918,
            38.05221758009255,
            39.692871248283836
        ],
        "power_bs1": [
            39.32041873707645,
            36.32041873707645,
            35.32041873707645,
            32.320418737076444,
            35.32041873707645,
            34.32041873707645,
            33.320418737076444,
            30.320418737076448,
            29.320418737076448,
            28.320418737076448,
            27.320418737076444,
            24.320418737076448,
            25.320418737076444,
            28.320418737076448,
            25.320418737076444,
            22.320418737076444,
            23.320418737076448,
            26.320418737076444,
            25.320418737076444,
            28.320418737076448
        ],
        "power_bs2": [
            36.113568551275506,
            33.113568551275506,
            30.113568551275502,
            29.113568551275506,
            26.113568551275502,
            27.113568551275506,
            30.113568551275502,
            33.113568551275506,
            30.113568551275502,
            27.113568551275506,
            24.113568551275502,
            23.1135685512755,
            20.113568551275502,
            19.113568551275502,
            22.1135685512755,
            25.113568551275502,
            22.1135685512755,
            25.1135685512755,
            28.1135685512755,
            29.113568551275502
        ]
    }
}