{
    "episode": 4716,
    "seed": 4716,
    "metrics": {
        "sinr_ue1": [
            10.091933019707815,
            18.670447396779725,
            22.151419721539156,
            20.143631503995977,
            23.59531038810191,
            8.107633790937745,
            24.545314357453275,
            24.00843157060144,
            6.207401754104894,
            26.58038483716826,
            6.24060763791793,
            23.959216693880055,
            22.549154584774904,
            8.266594968266439,
            24.901438174821546,
            23.252407599521913,
            6.235346816002096,
            8.205966426785844,
            8.190388418531423,
            8.190258897842096
        ],
        "sinr_ue2": [
            27.874593679297163,
            11.346677023183776,
            11.457011101013492,
            9.586153133477694,
            34.51766879376492,
            28.802341425184323,
            9.794039328434017,
            13.700608463233078,
            31.00115559900179,
            11.771700812459606,
            30.088119873943544,
            11.723253431066723,
            9.78402299095162,
            28.08092773314805,
            7.569529892857709,
            11.411305577577187,
            11.269155969563476,
            27.204588142054757,
            25.573196714967153,
            22.07228553235552
        ],
        "power_bs1": [
            37.751746225743474,
            34.751746225743474,
            35.751746225743474,
            34.751746225743474,
            37.751746225743474,
            34.751746225743474,
            33.751746225743474,
            32.751746225743474,
            31.751746225743474,
            30.751746225743474,
            31.751746225743474,
            30.751746225743474,
            31.751746225743474,
            30.751746225743474,
            29.75174622574347,
            26.751746225743474,
            29.75174622574347,
            28.75174622574347,
            31.751746225743474,
            34.751746225743474
        ],
        "power_bs2": [
            42.627229833298344,
            43.627229833298344,
            44.627229833298344,
            41.627229833298344,
            44.627229833298344,
            41.627229833298344,
            40.627229833298344,
            43.627229833298344,
            40.627229833298344,
            39.627229833298344,
            40.627229833298344,
            39.627229833298344,
            38.627229833298344,
            37.627229833298344,
            34.627229833298344,
            35.627229833298344,
            38.627229833298344,
            35.627229833298344,
            38.627229833298344,
            41.627229833298344
        ]
    }
}