{
    "episode": 3251,
    "seed": 3251,
    "metrics": {
        "sinr_ue1": [
            34.322237508482075,
            28.336572018237888,
            32.734328992412124,
            15.53937646076906,
            24.618295986249148,
            15.529153234779077,
            19.94483377441939,
            29.155597084731333,
            9.513619917440208,
            29.200806886341223,
            24.564302440756045,
            9.487534855406805,
            13.463892546521961,
            26.529493279992376,
            25.10603317174685,
            20.341614161570828,
            20.50294785579888,
            14.854976674038955,
            16.944953831358138,
            37.77140779661886
        ],
        "sinr_ue2": [
            12.299072890352088,
            12.337694918864026,
            12.384901557798965,
            26.842177959636743,
            16.55918125291793,
            31.322188161963965,
            24.341722867436,
            18.812133908240142,
            38.40876641807957,
            16.893725462416008,
            31.690254078992055,
            31.495118787770593,
            30.913350187781184,
            14.942213394182694,
            32.76408068137187,
            30.536381737552674,
            16.540731576943756,
            25.809546822721803,
            15.903421658407005,
            16.586813087379433
        ],
        "power_bs1": [
            40.59596187712397,
            37.59596187712397,
            36.59596187712397,
            35.59596187712397,
            34.59596187712397,
            35.59596187712397,
            32.59596187712397,
            31.59596187712397,
            28.595961877123965,
            27.59596187712397,
            30.59596187712397,
            29.595961877123965,
            30.59596187712397,
            27.59596187712397,
            24.595961877123965,
            21.59596187712397,
            22.59596187712397,
            23.595961877123965,
            26.59596187712397,
            29.595961877123965
        ],
        "power_bs2": [
            32.217062899584356,
            29.21706289958436,
            28.217062899584356,
            27.217062899584356,
            30.217062899584356,
            27.217062899584356,
            26.217062899584356,
            29.217062899584356,
            26.217062899584356,
            23.217062899584352,
            26.217062899584356,
            27.217062899584356,
            24.217062899584356,
            21.217062899584356,
            18.217062899584352,
            21.217062899584352,
            18.217062899584352,
            15.217062899584352,
            16.217062899584352,
            19.217062899584356
        ]
    }
}