{
    "episode": 2939,
    "seed": 2939,
    "metrics": {
        "sinr_ue1": [
            10.168644349265799,
            12.205459334104132,
            27.177609066940146,
            27.7470849184213,
            8.14337892602565,
            27.963425247357083,
            10.402011115632156,
            6.546432621575856,
            14.979945397920737,
            2.8248795582056903,
            11.546698912494119,
            13.575637147689747,
            11.868617722240892,
            8.575593156111958,
            15.780755878632878,
            12.231182164864357,
            15.76839049617028,
            10.43198146079325,
            -2.882035042190853,
            17.845528634988796
        ],
        "sinr_ue2": [
            27.567604176384613,
            24.180860307440483,
            12.056825744734036,
            12.041182459602258,
            33.86787604155827,
            12.044025214130873,
            25.835788110766316,
            35.232272460021974,
            20.050743625368113,
            28.419377702942228,
            19.95932440168263,
            25.858506712811526,
            25.83404149449786,
            38.66797741018635,
            42.1878511184528,
            23.740485866484818,
            40.20203405905785,
            25.850548131706997,
            40.26363311734316,
            21.83302316283843
        ],
        "power_bs1": [
            41.99385795024996,
            40.99385795024997,
            41.99385795024996,
            42.99385795024996,
            43.99385795024997,
            42.99385795024996,
            41.99385795024996,
            38.99385795024996,
            37.99385795024997,
            36.99385795024996,
            35.99385795024996,
            32.99385795024996,
            31.993857950249964,
            30.993857950249964,
            29.99385795024996,
            28.99385795024996,
            29.99385795024996,
            30.993857950249964,
            27.993857950249964,
            30.993857950249964
        ],
        "power_bs2": [
            38.999472964935826,
            35.999472964935826,
            38.999472964935826,
            39.999472964935826,
            42.99947296493583,
            39.999472964935826,
            38.999472964935826,
            39.999472964935826,
            42.99947296493583,
            41.999472964935826,
            40.999472964935826,
            43.999472964935826,
            42.99947296493582,
            39.99947296493582,
            40.999472964935826,
            37.999472964935826,
            40.999472964935826,
            41.999472964935826,
            38.999472964935826,
            37.999472964935826
        ]
    }
}