{
    "episode": 1344,
    "seed": 1344,
    "metrics": {
        "sinr_ue1": [
            17.57218844831842,
            31.619615733106052,
            19.50079046055128,
            34.54535105015267,
            40.566823727390386,
            38.43823037033828,
            41.43527343183383,
            29.015324991175227,
            34.44388463083643,
            21.446416888861194,
            33.096854433598885,
            37.90277113655402,
            30.11600012214755,
            37.8112994795509,
            32.504532633180474,
            10.938201657956581,
            30.94138192836114,
            30.082074045180587,
            27.07598817426956,
            21.826652216270233
        ],
        "sinr_ue2": [
            27.025604620751302,
            15.726181890491262,
            30.95532446765678,
            11.735092939466067,
            9.716952855854093,
            5.750849289457241,
            26.472016595318742,
            35.318477165406726,
            15.719077604044639,
            27.31675640507926,
            13.725943595823747,
            15.670775497030402,
            15.75503068297619,
            13.751370454916621,
            15.709979826739309,
            40.59186339826283,
            21.521652818328853,
            19.489323547464455,
            25.182784970650467,
            27.282697223431715
        ],
        "power_bs1": [
            38.36872932821732,
            37.36872932821732,
            38.36872932821732,
            39.36872932821732,
            38.36872932821732,
            39.36872932821732,
            36.36872932821732,
            35.36872932821731,
            36.36872932821732,
            39.36872932821731,
            36.36872932821732,
            33.36872932821732,
            36.36872932821732,
            37.36872932821732,
            36.36872932821732,
            33.36872932821732,
            30.368729328217317,
            29.368729328217317,
            26.368729328217317,
            27.36872932821732
        ],
        "power_bs2": [
            40.87083371958033,
            39.87083371958033,
            38.87083371958033,
            37.87083371958033,
            34.87083371958033,
            31.870833719580325,
            34.87083371958033,
            37.870833719580325,
            38.87083371958033,
            37.870833719580325,
            36.87083371958033,
            35.87083371958033,
            38.87083371958033,
            37.870833719580325,
            38.87083371958033,
            39.87083371958033,
            38.87083371958033,
            35.87083371958033,
            38.87083371958033,
            41.870833719580325
        ]
    }
}