{
    "episode": 14,
    "seed": 14,
    "metrics": {
        "sinr_ue1": [
            29.313747686851134,
            40.489596823797314,
            33.90002073847477,
            19.579990394570373,
            33.16957037930091,
            34.036974727332556,
            27.821339929029083,
            34.75373599358936,
            26.90768921335847,
            34.30036049919816,
            28.564260906831542,
            17.629750571869245,
            38.499019396507954,
            39.372350181795326,
            23.64871463990516,
            38.017905687582854,
            17.810132288953163,
            19.7913551105624,
            25.61796182988045,
            49.22234647157359
        ],
        "sinr_ue2": [
            45.86303483862079,
            35.86664687520145,
            36.269829896393134,
            47.361441390474226,
            40.77165130125577,
            46.42839195579282,
            48.398478172300884,
            46.295510796615446,
            50.66951001684751,
            44.651744944725266,
            49.05646168479667,
            62.12785880317338,
            39.7164382540724,
            62.715933050062546,
            56.62785003587914,
            42.39421370758215,
            58.30844754514595,
            59.66577281860975,
            48.24024511504192,
            31.56207616007691
        ],
        "power_bs1": [
            39.370594178386604,
            36.37059417838661,
            33.370594178386604,
            30.370594178386604,
            31.370594178386604,
            28.370594178386604,
            27.370594178386604,
            28.370594178386604,
            27.370594178386604,
            30.370594178386604,
            27.370594178386604,
            28.370594178386604,
            31.370594178386604,
            32.370594178386604,
            33.370594178386604,
            30.370594178386604,
            27.370594178386604,
            26.370594178386604,
            29.370594178386604,
            32.370594178386604
        ],
        "power_bs2": [
            35.423653294104575,
            36.423653294104575,
            33.423653294104575,
            36.423653294104575,
            35.423653294104575,
            38.423653294104575,
            39.423653294104575,
            38.423653294104575,
            41.42365329410458,
            38.423653294104575,
            39.423653294104575,
            36.423653294104575,
            35.423653294104575,
            36.423653294104575,
            35.423653294104575,
            36.423653294104575,
            35.423653294104575,
            32.423653294104575,
            29.423653294104575,
            28.423653294104575
        ]
    }
}