{
    "episode": 2000,
    "seed": 2000,
    "metrics": {
        "sinr_ue1": [
            29.12798533710979,
            14.487303000092126,
            26.068707801225553,
            20.197074669748144,
            6.528199339242744,
            10.55793796819586,
            12.585725994077926,
            10.529542846214454,
            10.599589610776103,
            34.316337920759814,
            18.52543798352967,
            14.522344813174339,
            18.470431037481937,
            20.541576789247166,
            25.601366181185114,
            32.53990823909165,
            24.263032741563634,
            36.32473047528357,
            38.740551601255206,
            38.21053499853341
        ],
        "sinr_ue2": [
            17.145903081657575,
            30.675705279534228,
            20.97351354291121,
            24.922670305998018,
            41.741085293107936,
            35.47207478075457,
            36.70824530331478,
            36.350350426076574,
            33.24311463407472,
            15.215443815311062,
            24.120861531167872,
            30.169111645224387,
            28.71465944306768,
            9.331684810913643,
            7.352360980474964,
            20.30423626027007,
            15.67003257432644,
            5.211942118442013,
            5.285440167299788,
            9.2338402130644
        ],
        "power_bs1": [
            33.649961107520234,
            32.649961107520234,
            29.649961107520237,
            28.649961107520237,
            29.649961107520237,
            30.649961107520234,
            31.649961107520234,
            30.649961107520234,
            31.649961107520234,
            32.649961107520234,
            33.649961107520234,
            32.649961107520234,
            35.649961107520234,
            38.649961107520234,
            37.649961107520234,
            34.64996110752024,
            35.649961107520234,
            32.649961107520234,
            35.649961107520234,
            34.649961107520234
        ],
        "power_bs2": [
            38.19797310820402,
            35.19797310820402,
            38.19797310820402,
            41.19797310820402,
            40.19797310820402,
            37.19797310820402,
            36.19797310820402,
            37.19797310820402,
            38.19797310820402,
            35.19797310820402,
            32.19797310820402,
            35.19797310820402,
            34.19797310820401,
            35.19797310820402,
            32.19797310820402,
            29.197973108204014,
            28.197973108204017,
            25.197973108204014,
            28.197973108204014,
            31.197973108204017
        ]
    }
}