{
    "episode": 391,
    "seed": 391,
    "metrics": {
        "sinr_ue1": [
            44.11363430116666,
            27.11637703045339,
            46.20050617532079,
            27.09180881308861,
            44.36401219173398,
            24.896117335755726,
            22.66486164199966,
            43.351081513892744,
            45.44605513849507,
            36.551028377332095,
            43.873954817313745,
            24.24797221990465,
            43.10452894382185,
            26.576190040633456,
            44.26163458829713,
            36.82908245521816,
            26.55601566706367,
            26.514938608795706,
            45.62033906421569,
            30.310238850175452
        ],
        "sinr_ue2": [
            -0.2714666155303032,
            9.472241129932438,
            -0.3686029472609519,
            18.520349493315216,
            -0.47180641466556156,
            18.978655488997717,
            21.53650370981374,
            3.4368846342399975,
            -2.491021431085595,
            -0.5200572313005449,
            -0.567573011822415,
            18.424762397318503,
            -0.5688280666309758,
            13.29488708944462,
            4.63466743327986,
            -0.5018976304285052,
            19.89465487649164,
            -0.48264000268367346,
            -0.569532110127582,
            1.4418909725868343
        ],
        "power_bs1": [
            40.38922133839033,
            37.38922133839032,
            36.38922133839032,
            35.38922133839032,
            36.38922133839032,
            33.38922133839032,
            30.38922133839032,
            27.38922133839032,
            30.38922133839032,
            27.38922133839032,
            26.38922133839032,
            25.38922133839032,
            26.38922133839032,
            25.38922133839032,
            28.38922133839032,
            25.38922133839032,
            24.38922133839032,
            27.38922133839032,
            24.38922133839032,
            27.38922133839032
        ],
        "power_bs2": [
            42.36164830160955,
            39.36164830160955,
            38.36164830160955,
            37.36164830160955,
            38.36164830160955,
            37.36164830160955,
            36.36164830160955,
            33.36164830160955,
            30.361648301609545,
            29.36164830160955,
            28.36164830160955,
            29.36164830160955,
            28.36164830160955,
            27.36164830160955,
            24.36164830160955,
            27.36164830160955,
            26.361648301609545,
            29.361648301609545,
            26.361648301609545,
            25.361648301609545
        ]
    }
}