{
    "episode": 2073,
    "seed": 2073,
    "metrics": {
        "sinr_ue1": [
            42.44388553941181,
            23.471594063170485,
            39.72694541954381,
            27.341227718781834,
            25.67537783219037,
            12.756986681532823,
            39.27087396547889,
            35.04200900695198,
            31.17162184921323,
            15.674074980860295,
            35.66248729971119,
            16.146790896296817,
            18.371307085535175,
            29.51733053374834,
            20.082052003883057,
            36.70595297404514,
            23.166780058030724,
            17.632281491004697,
            14.010901628821149,
            30.158809126567114
        ],
        "sinr_ue2": [
            36.34270478401558,
            60.762777826959294,
            38.01616949612359,
            56.86636789092093,
            56.826470083853984,
            54.92232158287302,
            42.05382203585984,
            45.8167804406485,
            47.6140838906344,
            63.895454251526466,
            45.57340478015438,
            51.20422000588444,
            60.688287593465304,
            45.66538250514626,
            58.6219119178007,
            47.50245915027222,
            59.15819343909863,
            64.12940632838405,
            64.23970762000795,
            49.85981715571123
        ],
        "power_bs1": [
            36.2888709123245,
            35.2888709123245,
            34.2888709123245,
            33.2888709123245,
            32.2888709123245,
            29.288870912324498,
            26.288870912324498,
            23.288870912324494,
            22.288870912324494,
            21.288870912324494,
            20.288870912324498,
            17.288870912324494,
            18.288870912324494,
            21.288870912324494,
            22.288870912324494,
            19.288870912324498,
            16.288870912324494,
            17.288870912324494,
            14.288870912324496,
            11.288870912324496
        ],
        "power_bs2": [
            40.40366855176974,
            43.40366855176974,
            40.40366855176974,
            37.40366855176974,
            38.40366855176975,
            35.40366855176974,
            36.40366855176974,
            37.40366855176974,
            38.40366855176975,
            37.40366855176974,
            34.40366855176975,
            33.40366855176975,
            32.40366855176974,
            35.40366855176974,
            34.40366855176975,
            35.40366855176975,
            32.40366855176974,
            31.403668551769744,
            32.40366855176974,
            31.403668551769744
        ]
    }
}