{
    "episode": 4847,
    "seed": 4847,
    "metrics": {
        "sinr_ue1": [
            39.683278554255274,
            23.313692910318643,
            40.028094597608884,
            23.229731790507564,
            23.15770132107272,
            25.20426142593063,
            38.855226827255514,
            21.162386487247403,
            35.540160439292215,
            19.202276628238856,
            26.449981486725285,
            30.515472596195025,
            34.59623811924327,
            17.425969656734594,
            19.46869403820553,
            21.493132554442273,
            49.384957151233415,
            21.471499584427256,
            21.567397095726232,
            15.554626149493458
        ],
        "sinr_ue2": [
            8.113298883656148,
            16.86875502353102,
            14.405740134083178,
            22.62136904715032,
            19.495865067663388,
            20.75674468497308,
            6.022833140991077,
            20.4938847884604,
            5.932259956027723,
            9.912900320484185,
            13.814337931257334,
            13.867290019888438,
            11.860366767282926,
            27.45937950162825,
            21.150168240127165,
            20.25691770058537,
            1.9167695257103212,
            25.34631886466713,
            7.894636907754159,
            24.20620081621866
        ],
        "power_bs1": [
            44.91772453444345,
            43.91772453444346,
            42.91772453444345,
            41.91772453444345,
            40.91772453444345,
            41.91772453444345,
            38.91772453444345,
            35.91772453444345,
            34.91772453444345,
            33.91772453444345,
            30.917724534443455,
            33.91772453444345,
            34.91772453444345,
            35.91772453444345,
            36.91772453444345,
            37.91772453444345,
            40.91772453444345,
            37.91772453444345,
            40.91772453444345,
            37.91772453444345
        ],
        "power_bs2": [
            39.16811706864374,
            36.16811706864374,
            37.16811706864374,
            34.16811706864374,
            33.16811706864374,
            32.16811706864374,
            31.16811706864374,
            30.16811706864374,
            27.168117068643735,
            30.16811706864374,
            31.16811706864374,
            34.16811706864374,
            33.16811706864374,
            34.16811706864374,
            33.16811706864374,
            32.16811706864374,
            29.16811706864374,
            32.16811706864374,
            35.16811706864374,
            38.16811706864374
        ]
    }
}