{
    "episode": 3020,
    "seed": 3020,
    "metrics": {
        "sinr_ue1": [
            38.502335148382116,
            37.20228803461141,
            28.522212038777212,
            34.69080752865217,
            19.56314840582507,
            35.62207159816892,
            15.716317176600384,
            18.463637250400225,
            24.44670781705812,
            15.527953179228913,
            33.210357508033304,
            37.08819501429211,
            35.55334334612614,
            20.710732357340493,
            44.36100690320133,
            48.07297961515972,
            23.156979367786093,
            24.87729791915463,
            31.4493677071871,
            46.19358620116163
        ],
        "sinr_ue2": [
            28.482330846110226,
            46.08403154453063,
            22.508424186375446,
            22.56250289813871,
            46.12915647470484,
            36.85730694380195,
            46.79547598009319,
            47.66546392506918,
            30.34639711997945,
            45.37426750286495,
            27.799139694416255,
            25.944104037813673,
            25.265019825891628,
            39.50890783677734,
            38.07333638103533,
            23.475374752845973,
            37.79251603307216,
            33.54727507287761,
            33.845468845989906,
            17.939844727139857
        ],
        "power_bs1": [
            29.754788032930296,
            26.754788032930293,
            29.754788032930296,
            28.754788032930296,
            25.754788032930293,
            28.754788032930296,
            27.754788032930296,
            24.754788032930293,
            23.754788032930296,
            20.754788032930293,
            19.754788032930293,
            20.754788032930293,
            17.754788032930293,
            20.754788032930293,
            23.754788032930293,
            22.754788032930293,
            23.754788032930293,
            22.754788032930293,
            19.754788032930293,
            20.754788032930293
        ],
        "power_bs2": [
            38.59649491628477,
            35.59649491628476,
            32.59649491628477,
            31.596494916284765,
            32.59649491628477,
            35.59649491628476,
            38.59649491628477,
            35.59649491628476,
            34.59649491628476,
            31.596494916284765,
            28.59649491628476,
            27.596494916284765,
            24.59649491628476,
            25.596494916284765,
            24.59649491628476,
            23.59649491628476,
            26.596494916284765,
            23.59649491628476,
            22.59649491628476,
            19.59649491628476
        ]
    }
}