{
    "episode": 2259,
    "seed": 2259,
    "metrics": {
        "sinr_ue1": [
            13.671035236158367,
            17.64276208521951,
            15.631522915663393,
            17.59508085974314,
            17.644576454246764,
            17.66735070207104,
            34.13634572900817,
            13.719765872576575,
            36.67881451460603,
            19.73140872610668,
            40.70942010929346,
            23.59101199430253,
            32.601049738137974,
            25.512004878725453,
            23.41135859467331,
            38.74742614311634,
            21.654885891564003,
            19.603746041874878,
            19.72001577991598,
            38.484973215347175
        ],
        "sinr_ue2": [
            33.436541914148215,
            33.75390100620697,
            27.437952845025947,
            27.654728986610138,
            20.11969940195938,
            24.501801740421897,
            9.694697351451504,
            32.90476981936131,
            17.726335045004586,
            24.951049089547382,
            9.61407271801513,
            20.33125806852071,
            5.836599890037064,
            22.579303456206127,
            16.29566834891971,
            7.805801726713105,
            21.504352702340483,
            18.19373957281672,
            20.30218561834601,
            3.5226614293590703
        ],
        "power_bs1": [
            38.76664117410188,
            41.76664117410188,
            40.766641174101885,
            41.76664117410188,
            44.76664117410188,
            43.76664117410188,
            42.766641174101885,
            39.766641174101885,
            42.766641174101885,
            43.76664117410188,
            40.766641174101885,
            41.76664117410188,
            38.76664117410188,
            41.76664117410188,
            38.76664117410188,
            37.76664117410188,
            40.766641174101885,
            37.76664117410188,
            40.766641174101885,
            43.76664117410188
        ],
        "power_bs2": [
            36.968847704878904,
            35.968847704878904,
            36.968847704878904,
            35.968847704878904,
            38.9688477048789,
            37.968847704878904,
            34.9688477048789,
            37.9688477048789,
            34.9688477048789,
            35.968847704878904,
            32.9688477048789,
            29.9688477048789,
            26.968847704878904,
            27.968847704878897,
            26.968847704878904,
            27.968847704878897,
            30.9688477048789,
            29.9688477048789,
            32.9688477048789,
            29.9688477048789
        ]
    }
}