{
    "episode": 119,
    "seed": 119,
    "metrics": {
        "sinr_ue1": [
            24.767978099697284,
            3.052198007025977,
            12.537376095988247,
            -1.2283437592028703,
            0.7437677085383209,
            2.884877961201851,
            22.07256899617933,
            8.755893491187404,
            4.6168994632928095,
            20.015481080747314,
            27.76459459792205,
            8.067465800393943,
            15.799075255352967,
            18.91763187135507,
            21.178803197880928,
            6.666724158894097,
            10.794523718744903,
            24.953965367351934,
            31.19729312800535,
            20.95752245469555
        ],
        "sinr_ue2": [
            19.574303166433474,
            35.75587870908621,
            21.506836719406973,
            39.63152229880305,
            30.927453978803495,
            36.931711200881466,
            19.60094838772156,
            24.210803107671083,
            25.901213199052265,
            19.497740593730143,
            15.531137137852165,
            34.22025708790389,
            19.493210818729903,
            17.470738668768476,
            17.383388366076133,
            30.942074107740826,
            11.434985096158757,
            11.262875768345722,
            11.382143680599313,
            11.240209130982269
        ],
        "power_bs1": [
            32.55821117469721,
            29.55821117469721,
            30.55821117469721,
            29.55821117469721,
            30.55821117469721,
            33.558211174697206,
            34.55821117469721,
            37.55821117469721,
            34.558211174697206,
            33.558211174697206,
            36.55821117469721,
            35.558211174697206,
            34.558211174697206,
            33.558211174697206,
            30.55821117469721,
            29.55821117469721,
            32.558211174697206,
            29.55821117469721,
            32.558211174697206,
            29.55821117469721
        ],
        "power_bs2": [
            39.019644501482524,
            36.019644501482524,
            39.019644501482524,
            40.01964450148252,
            39.019644501482524,
            40.01964450148252,
            41.019644501482524,
            38.019644501482524,
            39.019644501482524,
            40.01964450148252,
            39.019644501482524,
            42.019644501482524,
            41.019644501482524,
            38.019644501482524,
            35.019644501482524,
            32.019644501482524,
            31.01964450148252,
            28.019644501482524,
            31.01964450148252,
            28.019644501482524
        ]
    }
}