{
    "episode": 775,
    "seed": 775,
    "metrics": {
        "sinr_ue1": [
            22.601897318007943,
            3.631836969276603,
            3.5483347266391982,
            5.463255766287379,
            7.481778193243606,
            5.469773676006636,
            7.384562768799572,
            9.371320314318716,
            18.64034330656665,
            3.3131355072901068,
            20.08527902003953,
            16.269344082240302,
            31.260702356734047,
            11.396302833137405,
            29.72915755682791,
            11.519451487221797,
            21.642092640470384,
            7.395435758930022,
            19.462246578684223,
            13.332517996416694
        ],
        "sinr_ue2": [
            14.85302146031705,
            31.842592182652297,
            30.625032303907016,
            29.306633764611114,
            20.457151360696372,
            27.249518858934344,
            22.877906452006165,
            25.266167222053703,
            14.579883149739864,
            25.1430182856128,
            26.698587637680554,
            6.816310020577708,
            4.723952121229049,
            24.612810979091215,
            10.159052079631207,
            26.071911341571553,
            22.26541792021675,
            10.80296905130266,
            8.796788562401623,
            24.84924013702049
        ],
        "power_bs1": [
            34.81350574251911,
            35.81350574251911,
            34.81350574251911,
            35.81350574251911,
            34.81350574251911,
            35.81350574251911,
            34.81350574251911,
            37.81350574251911,
            34.81350574251911,
            33.81350574251911,
            32.81350574251911,
            35.81350574251911,
            34.81350574251911,
            33.81350574251911,
            36.81350574251911,
            39.81350574251911,
            36.81350574251911,
            39.81350574251911,
            40.81350574251911,
            43.81350574251911
        ],
        "power_bs2": [
            39.36128317199995,
            40.36128317199995,
            39.36128317199995,
            38.36128317199994,
            35.36128317199994,
            38.36128317199994,
            35.36128317199994,
            36.36128317199994,
            39.36128317199995,
            38.36128317199994,
            35.36128317199994,
            32.36128317199994,
            29.361283171999943,
            30.361283171999943,
            33.36128317199994,
            36.36128317199994,
            39.36128317199994,
            40.36128317199995,
            39.36128317199994,
            38.36128317199994
        ]
    }
}