{
    "episode": 2604,
    "seed": 2604,
    "metrics": {
        "sinr_ue1": [
            15.008129070647271,
            16.995025538864578,
            20.96713151672988,
            31.62188611510395,
            32.38639929737967,
            34.863109149211816,
            22.467365261811963,
            30.35785563933743,
            9.160925383994956,
            29.34499178973139,
            27.43977248252272,
            15.23994664491454,
            35.64467408031046,
            38.266168419250064,
            40.80766699440365,
            37.86030344236886,
            21.05272596165676,
            33.605075579377,
            25.01538213754103,
            36.871039664590214
        ],
        "sinr_ue2": [
            16.392560418205946,
            31.932261320086262,
            26.902153300589543,
            12.460699959232809,
            16.38704070685706,
            16.417343848369242,
            32.928579597670094,
            16.3740891098131,
            38.73441262256249,
            22.310425675997262,
            20.392155473153508,
            18.88076198071709,
            12.463255364943585,
            12.494583284405273,
            10.549998889182717,
            17.783668067707925,
            29.959770140394717,
            12.574651243808606,
            24.88587505484385,
            8.600688711647708
        ],
        "power_bs1": [
            37.96871753296584,
            38.96871753296584,
            39.96871753296584,
            38.96871753296584,
            35.96871753296584,
            34.96871753296584,
            35.96871753296584,
            32.96871753296584,
            29.96871753296584,
            28.968717532965837,
            31.96871753296584,
            34.96871753296584,
            35.96871753296584,
            32.96871753296584,
            35.96871753296584,
            38.96871753296584,
            35.96871753296584,
            36.96871753296584,
            39.96871753296584,
            36.96871753296584
        ],
        "power_bs2": [
            39.22733365164487,
            38.22733365164487,
            35.22733365164487,
            36.22733365164487,
            37.22733365164487,
            36.22733365164487,
            33.22733365164487,
            34.22733365164487,
            37.22733365164487,
            36.22733365164487,
            37.22733365164487,
            36.22733365164487,
            33.22733365164487,
            30.227333651644873,
            31.22733365164487,
            34.22733365164487,
            31.22733365164487,
            34.22733365164487,
            31.22733365164487,
            30.227333651644873
        ]
    }
}