{
    "episode": 2474,
    "seed": 2474,
    "metrics": {
        "sinr_ue1": [
            23.6994308481908,
            30.1821228233311,
            10.728138961154471,
            21.525542306462462,
            6.7866055169838315,
            15.560257799169637,
            16.90611101119701,
            18.943868510775452,
            2.838002101902753,
            15.536040287813794,
            14.352756115649846,
            16.35522530806123,
            -1.216009238516018,
            -1.2638614314179588,
            2.7261009025500633,
            14.887937150421244,
            8.735296998606255,
            6.70606589109612,
            4.693907988544223,
            -1.3773409789178994
        ],
        "sinr_ue2": [
            37.756209556238886,
            15.040817611768702,
            33.69293410774694,
            18.91206220085318,
            29.713319318878604,
            33.42216063917883,
            39.93519523731717,
            22.878879866285097,
            38.02499873258316,
            41.1470882459775,
            32.02888839160288,
            22.611446376311196,
            42.00646470415179,
            26.753977273676565,
            37.255983166361034,
            22.935709682104843,
            37.001151072450284,
            35.74662202508225,
            37.19215746753302,
            42.0622823530574
        ],
        "power_bs1": [
            39.000384750014945,
            38.000384750014945,
            35.000384750014945,
            32.000384750014945,
            31.00038475001494,
            28.000384750014945,
            31.00038475001494,
            32.000384750014945,
            29.000384750014945,
            26.00038475001494,
            25.00038475001494,
            28.000384750014945,
            27.000384750014945,
            30.00038475001494,
            33.00038475001494,
            36.000384750014945,
            39.00038475001494,
            38.00038475001494,
            35.000384750014945,
            32.000384750014945
        ],
        "power_bs2": [
            40.76077867174929,
            37.76077867174929,
            34.76077867174929,
            35.76077867174929,
            34.76077867174929,
            35.76077867174929,
            38.76077867174929,
            39.76077867174929,
            36.76077867174929,
            33.76077867174929,
            34.76077867174929,
            35.76077867174929,
            38.76077867174929,
            41.76077867174929,
            40.76077867174929,
            43.760778671749286,
            40.76077867174929,
            41.76077867174929,
            40.76077867174929,
            43.760778671749286
        ]
    }
}