{
    "episode": 344,
    "seed": 344,
    "metrics": {
        "sinr_ue1": [
            19.265177949306675,
            13.230670349433645,
            9.263726387679744,
            29.411257450714462,
            13.316032441324985,
            31.32778426445206,
            30.487971143375752,
            28.61161856553949,
            21.27810892560429,
            23.364883079405388,
            29.102170763854662,
            30.919692683896294,
            21.959695762693205,
            38.45097964695006,
            24.984024126709365,
            22.857555966662602,
            35.90712616206389,
            25.32695939181759,
            21.040730632611442,
            33.164840887797396
        ],
        "sinr_ue2": [
            29.24981822851031,
            26.16053396026445,
            36.182519751139836,
            17.775458648244513,
            36.236099250001175,
            31.42115433232803,
            28.954743908206947,
            11.870613242154889,
            21.667040999752313,
            25.477269509945188,
            9.871744515194134,
            11.746557437755065,
            11.598518158271855,
            3.9241743070333968,
            20.697267803189483,
            18.53643662006845,
            5.827707511190827,
            29.50260017537964,
            24.061525605171788,
            11.612192762909892
        ],
        "power_bs1": [
            35.90879646752626,
            32.90879646752626,
            29.90879646752626,
            30.90879646752626,
            29.90879646752626,
            30.90879646752626,
            29.90879646752626,
            32.90879646752626,
            33.90879646752626,
            36.90879646752626,
            33.90879646752626,
            30.90879646752626,
            33.90879646752626,
            36.90879646752626,
            33.90879646752626,
            30.90879646752626,
            33.90879646752626,
            30.90879646752626,
            31.90879646752626,
            28.90879646752626
        ],
        "power_bs2": [
            34.188312267095974,
            37.188312267095974,
            38.188312267095974,
            37.188312267095974,
            34.188312267095974,
            33.188312267095974,
            34.188312267095974,
            33.188312267095974,
            30.18831226709597,
            31.18831226709597,
            32.188312267095974,
            31.18831226709597,
            30.18831226709597,
            29.188312267095974,
            26.18831226709597,
            25.18831226709597,
            28.188312267095966,
            29.188312267095966,
            28.188312267095966,
            29.188312267095966
        ]
    }
}