{
    "episode": 2350,
    "seed": 2350,
    "metrics": {
        "sinr_ue1": [
            27.566285197105746,
            11.09944717777049,
            9.146302062885608,
            20.484758761415378,
            9.217514889732675,
            14.912762140882386,
            24.68913056829665,
            16.690754052873583,
            11.092720472251504,
            17.706295766806694,
            27.68379962360931,
            3.0904777275279818,
            3.170822317430175,
            3.0821107131255285,
            3.028506327982497,
            8.937827311970203,
            12.662807072903847,
            19.823150800488992,
            6.9545504679105665,
            5.037713195648852
        ],
        "sinr_ue2": [
            17.64314741970288,
            26.694348922300534,
            37.27799071547623,
            23.493315816735482,
            32.01007364993916,
            37.58491887054707,
            29.91448803903168,
            15.49526191541963,
            22.685034920375465,
            34.185252595317394,
            19.17027756308625,
            36.982067687309936,
            23.18834844023852,
            40.129155229993934,
            39.41681230979758,
            34.08221460688402,
            27.64340716864444,
            32.393402764540774,
            36.51121862177711,
            26.251709316053685
        ],
        "power_bs1": [
            36.73012283355,
            35.73012283355,
            34.73012283355,
            31.730122833549995,
            34.73012283355,
            33.73012283355,
            36.73012283354999,
            33.73012283355,
            30.73012283354999,
            29.73012283354999,
            26.730122833549995,
            23.730122833549995,
            26.730122833549995,
            23.73012283354999,
            22.730122833549995,
            25.73012283354999,
            26.730122833549995,
            25.73012283354999,
            24.73012283354999,
            25.73012283354999
        ],
        "power_bs2": [
            39.25002121169528,
            36.25002121169528,
            37.25002121169528,
            40.25002121169528,
            37.25002121169528,
            40.25002121169528,
            37.25002121169528,
            34.25002121169528,
            31.25002121169527,
            32.25002121169527,
            31.25002121169527,
            32.25002121169527,
            35.25002121169528,
            32.25002121169527,
            31.25002121169527,
            28.250021211695273,
            25.25002121169527,
            26.25002121169527,
            29.250021211695273,
            32.25002121169527
        ]
    }
}