{
    "episode": 3492,
    "seed": 3492,
    "metrics": {
        "sinr_ue1": [
            34.885530479207574,
            15.146724131052054,
            27.355678133589723,
            11.982980944281339,
            10.042234292806864,
            6.065257427909021,
            25.057279422105534,
            15.140202138183067,
            6.209366784782368,
            4.262150559275715,
            4.2266379318328315,
            6.225112042535185,
            22.577190981707282,
            16.243001297917615,
            29.467636707877464,
            29.754470441196354,
            12.466606377170697,
            21.79894404288705,
            28.363984006412608,
            30.289554012405397
        ],
        "sinr_ue2": [
            13.076162337960735,
            34.89169004766373,
            21.08755742037193,
            27.643442196894,
            29.978604094913894,
            45.16749360954995,
            26.975193148167346,
            39.149780747971036,
            42.31546800764296,
            46.03854967183522,
            45.44471942826916,
            40.422881749230356,
            21.009410857589195,
            30.812782831395022,
            17.13218335121631,
            21.124505142356096,
            33.84242981387218,
            19.183669122065815,
            17.210942915592675,
            19.1589668946321
        ],
        "power_bs1": [
            32.438626921047266,
            29.438626921047266,
            30.438626921047266,
            31.438626921047266,
            30.438626921047266,
            27.43862692104727,
            28.43862692104727,
            31.438626921047266,
            30.438626921047266,
            31.438626921047266,
            30.438626921047266,
            29.438626921047266,
            30.438626921047266,
            33.43862692104727,
            34.43862692104727,
            33.43862692104727,
            36.438626921047266,
            37.438626921047266,
            38.43862692104727,
            37.438626921047266
        ],
        "power_bs2": [
            29.192636570182078,
            32.192636570182074,
            35.192636570182074,
            34.192636570182074,
            35.19263657018208,
            36.19263657018208,
            39.192636570182074,
            38.192636570182074,
            39.192636570182074,
            42.192636570182074,
            41.19263657018208,
            38.192636570182074,
            35.192636570182074,
            32.192636570182074,
            35.192636570182074,
            38.192636570182074,
            39.192636570182074,
            40.192636570182074,
            39.192636570182074,
            40.192636570182074
        ]
    }
}