{
    "episode": 1157,
    "seed": 1157,
    "metrics": {
        "sinr_ue1": [
            27.320240145256317,
            45.32368119229733,
            53.28969840440516,
            45.49005359574059,
            23.28968764425288,
            41.060129274890286,
            40.40604517823617,
            34.95521443655161,
            39.3534237972701,
            34.1809961694339,
            21.38165067986026,
            19.48351446841306,
            17.48797318642395,
            33.27279596591981,
            40.531096952379386,
            29.694520356656092,
            35.79102780213581,
            35.75874828618265,
            38.517243524077394,
            41.295992685747116
        ],
        "sinr_ue2": [
            41.24516577190941,
            19.731278805859734,
            15.95884614080456,
            21.57672342831942,
            30.048830068987478,
            23.49083926963667,
            21.754259868101006,
            38.98112148666082,
            44.092904719360966,
            31.249295251353388,
            47.91538804014817,
            31.977881162595217,
            49.81798918247684,
            27.211267878776127,
            31.062848214751977,
            39.29397751624033,
            23.136206811855363,
            24.945414612200686,
            25.253654144715316,
            25.59533919576839
        ],
        "power_bs1": [
            40.64210881568744,
            39.64210881568744,
            40.64210881568744,
            37.64210881568744,
            34.64210881568744,
            33.64210881568744,
            36.642108815687436,
            33.64210881568744,
            34.64210881568744,
            31.64210881568744,
            34.64210881568744,
            35.642108815687436,
            32.64210881568744,
            35.642108815687436,
            38.64210881568744,
            37.64210881568744,
            34.642108815687436,
            31.64210881568744,
            32.64210881568744,
            31.64210881568744
        ],
        "power_bs2": [
            29.635389555846082,
            26.635389555846082,
            23.635389555846082,
            26.635389555846082,
            27.635389555846082,
            24.635389555846082,
            25.635389555846082,
            28.635389555846082,
            31.63538955584608,
            30.635389555846082,
            29.635389555846082,
            32.63538955584608,
            31.63538955584608,
            30.635389555846082,
            29.635389555846082,
            28.635389555846082,
            25.63538955584608,
            24.635389555846075,
            25.63538955584608,
            24.635389555846075
        ]
    }
}