{
    "episode": 2067,
    "seed": 2067,
    "metrics": {
        "sinr_ue1": [
            27.903624306069467,
            20.764739416301467,
            20.859400178868235,
            28.435357227186916,
            34.75078174369588,
            43.83192357136892,
            37.25858130856745,
            23.00178217271787,
            25.003288364373727,
            47.60832819565836,
            37.44145823263002,
            20.937596136254022,
            14.894475630692106,
            37.38040865025112,
            16.8349070548184,
            34.76818040517025,
            30.935792682712947,
            31.91512234012719,
            18.889057659797015,
            37.27361526205901
        ],
        "sinr_ue2": [
            39.392465209274555,
            33.40676525133998,
            32.1214029042692,
            36.09883508994977,
            20.03333917172272,
            14.089930514923985,
            22.855756347222226,
            31.211601719366744,
            34.70472470996677,
            10.194705084544562,
            12.229346758889534,
            32.85557265641585,
            27.268055904898013,
            22.306450068193296,
            37.918293929613384,
            22.357363016573846,
            28.27404551857395,
            37.98704331454935,
            34.57718599754609,
            23.76919469365238
        ],
        "power_bs1": [
            43.46150667421999,
            44.46150667421999,
            41.46150667421999,
            40.46150667421998,
            39.46150667421999,
            42.46150667421999,
            39.46150667421998,
            40.46150667421998,
            39.46150667421998,
            42.46150667421999,
            39.46150667421998,
            36.46150667421998,
            33.46150667421998,
            34.46150667421998,
            37.46150667421998,
            36.46150667421998,
            33.46150667421998,
            34.46150667421998,
            35.46150667421998,
            34.46150667421998
        ],
        "power_bs2": [
            42.79621650667258,
            41.79621650667257,
            38.79621650667257,
            35.79621650667257,
            38.796216506672565,
            35.79621650667257,
            38.796216506672565,
            35.79621650667257,
            32.796216506672565,
            31.79621650667257,
            30.796216506672568,
            33.796216506672565,
            36.79621650667257,
            35.79621650667257,
            38.796216506672565,
            37.796216506672565,
            40.796216506672565,
            37.796216506672565,
            34.796216506672565,
            31.796216506672565
        ]
    }
}