{
    "episode": 2832,
    "seed": 2832,
    "metrics": {
        "sinr_ue1": [
            43.49414265605895,
            43.96474698446107,
            43.48247256136399,
            39.74641695618467,
            57.02329990573087,
            43.75002112298756,
            44.193530873459686,
            42.2823988707145,
            55.71533900606555,
            60.50293254313524,
            46.95452637033148,
            66.21335356555731,
            53.89610382327274,
            45.778982442195606,
            55.64481705826247,
            51.16469442931834,
            62.313095982287436,
            45.768789987529324,
            52.293539733042984,
            39.24777509300376
        ],
        "sinr_ue2": [
            26.23051791779683,
            33.01660496376213,
            17.419667373885957,
            30.055447618053034,
            15.223353494092034,
            29.265483276755052,
            24.6203987935149,
            26.90228200809695,
            30.44372480500253,
            13.260138133982595,
            25.459524924762764,
            16.45552284681093,
            11.275564104804257,
            22.98383915010136,
            9.449359594315812,
            20.267990642835475,
            5.464375117265703,
            27.33855384311323,
            15.268842710566226,
            36.75754463143622
        ],
        "power_bs1": [
            39.408020836799906,
            36.408020836799906,
            33.408020836799906,
            30.408020836799903,
            33.408020836799906,
            34.408020836799906,
            31.408020836799903,
            32.408020836799906,
            31.408020836799903,
            30.408020836799903,
            29.408020836799903,
            26.408020836799903,
            29.408020836799903,
            30.408020836799903,
            31.408020836799903,
            34.4080208367999,
            37.408020836799906,
            34.4080208367999,
            31.408020836799903,
            30.408020836799903
        ],
        "power_bs2": [
            34.142561789939464,
            31.14256178993946,
            28.142561789939464,
            29.142561789939464,
            30.142561789939464,
            29.142561789939464,
            26.14256178993946,
            29.142561789939464,
            28.142561789939464,
            25.142561789939464,
            22.14256178993946,
            19.142561789939464,
            22.14256178993946,
            23.142561789939464,
            22.14256178993946,
            21.14256178993946,
            24.142561789939464,
            27.14256178993946,
            28.142561789939464,
            29.142561789939464
        ]
    }
}