{
    "episode": 1100,
    "seed": 1100,
    "metrics": {
        "sinr_ue1": [
            6.938499869301563,
            2.9769023311105993,
            12.90748693930055,
            9.034213161587337,
            26.349728867564032,
            7.095455847106371,
            28.512725826918675,
            13.220014470082639,
            22.76776980536082,
            13.272953787327246,
            19.33177218514033,
            35.068475459233376,
            31.01272267364916,
            13.431482175587476,
            13.376504278337977,
            31.125398961363445,
            26.134195473280105,
            25.056862464293935,
            19.551047547387128,
            30.109384645851943
        ],
        "sinr_ue2": [
            42.30655576638648,
            35.979944964118424,
            41.246883092555336,
            41.268146544767546,
            17.738951750673124,
            43.29232237780468,
            19.526317603179756,
            34.99330452508799,
            19.517751352861854,
            25.333170516125847,
            29.587570461663223,
            15.518840246889745,
            17.47050404891538,
            32.62908544572905,
            34.416109430351376,
            17.500241581086954,
            26.38816629561822,
            29.204350792192265,
            29.60931150962571,
            32.98719673781504
        ],
        "power_bs1": [
            31.695846145063385,
            30.695846145063385,
            31.695846145063385,
            32.695846145063385,
            35.695846145063385,
            32.695846145063385,
            35.695846145063385,
            38.695846145063385,
            35.695846145063385,
            34.695846145063385,
            37.695846145063385,
            36.695846145063385,
            35.695846145063385,
            36.695846145063385,
            37.695846145063385,
            38.695846145063385,
            37.695846145063385,
            40.695846145063385,
            43.69584614506338,
            40.695846145063385
        ],
        "power_bs2": [
            42.89532191863796,
            45.89532191863796,
            44.89532191863796,
            41.89532191863797,
            44.89532191863796,
            43.89532191863796,
            42.89532191863796,
            43.89532191863797,
            42.89532191863796,
            39.89532191863796,
            36.89532191863796,
            39.89532191863796,
            40.89532191863796,
            41.89532191863797,
            42.89532191863796,
            43.89532191863796,
            44.89532191863796,
            45.89532191863796,
            42.89532191863796,
            45.89532191863796
        ]
    }
}