{
    "episode": 2173,
    "seed": 2173,
    "metrics": {
        "sinr_ue1": [
            38.41303551650264,
            16.104614562804723,
            18.07492447862175,
            42.19434882221965,
            28.035937891837026,
            36.84121616991693,
            41.91073870827354,
            23.85033015241813,
            19.92635258659898,
            32.923633284353514,
            39.22981558875595,
            28.989843496302832,
            15.787209892021705,
            13.64319878061565,
            15.799516305456503,
            33.827949222573245,
            19.523925922346855,
            27.404462899022338,
            15.544802987481333,
            11.655131096137463
        ],
        "sinr_ue2": [
            20.29459899614702,
            31.783098276029868,
            40.035116600122805,
            12.238526933732848,
            23.95128090592715,
            14.151463957600196,
            10.118756195182769,
            19.840103288583705,
            30.326644822351653,
            14.11497476582448,
            25.72901933226776,
            36.99226834612868,
            33.780349409584524,
            33.80634332438529,
            37.06478105655113,
            20.10476036416396,
            20.179842311478904,
            35.09752362856856,
            41.03886144203672,
            41.34179779315574
        ],
        "power_bs1": [
            38.50658963686787,
            37.50658963686787,
            36.506589636867865,
            39.50658963686787,
            40.506589636867865,
            37.50658963686787,
            38.50658963686787,
            37.50658963686787,
            36.506589636867865,
            35.50658963686787,
            34.50658963686787,
            31.50658963686787,
            34.50658963686787,
            33.50658963686787,
            36.506589636867865,
            35.506589636867865,
            38.50658963686787,
            39.50658963686787,
            36.506589636867865,
            33.50658963686787
        ],
        "power_bs2": [
            43.07348307745663,
            42.07348307745663,
            39.07348307745663,
            36.07348307745663,
            33.07348307745663,
            36.07348307745663,
            33.07348307745663,
            34.07348307745663,
            37.07348307745663,
            34.07348307745663,
            35.07348307745663,
            36.07348307745663,
            39.07348307745663,
            40.07348307745663,
            41.07348307745663,
            40.07348307745663,
            43.07348307745663,
            40.07348307745663,
            41.07348307745663,
            42.07348307745663
        ]
    }
}