{
    "episode": 3978,
    "seed": 3978,
    "metrics": {
        "sinr_ue1": [
            11.42985844807787,
            11.984780052962467,
            11.613938684179095,
            15.076165942952297,
            10.342368948204175,
            -0.981109095661768,
            -0.8917959370274,
            23.77430320169601,
            14.059599263553167,
            16.425505159777423,
            -0.8604994943180635,
            21.913881542131914,
            24.379992121392235,
            3.2362928377915905,
            9.23976303752589,
            17.070317386696445,
            15.747531600980542,
            5.379959374283192,
            14.819235239695638,
            18.77254063736364
        ],
        "sinr_ue2": [
            34.14173028990825,
            30.25105762921853,
            28.343645874338716,
            26.375413068226308,
            32.34101258102753,
            45.5758909789964,
            45.72612265882647,
            20.567378110676927,
            24.659664752671357,
            26.756076264283628,
            45.407469252451804,
            24.735021489661342,
            20.653416021671617,
            37.340045134577075,
            33.14174652717358,
            22.61937808546324,
            41.2609848306525,
            20.653210881388876,
            20.55561232340091,
            22.436156174004406
        ],
        "power_bs1": [
            30.50550272334556,
            31.50550272334556,
            30.50550272334556,
            33.50550272334556,
            30.50550272334556,
            33.50550272334556,
            34.50550272334556,
            37.50550272334556,
            34.50550272334556,
            35.50550272334556,
            36.50550272334556,
            39.50550272334556,
            40.50550272334556,
            37.50550272334556,
            40.50550272334556,
            37.50550272334556,
            38.50550272334556,
            41.50550272334556,
            40.50550272334556,
            41.50550272334556
        ],
        "power_bs2": [
            41.20811426920496,
            38.208114269204955,
            35.208114269204955,
            36.208114269204955,
            39.208114269204955,
            36.208114269204955,
            37.208114269204955,
            34.208114269204955,
            35.208114269204955,
            38.208114269204955,
            39.208114269204955,
            40.208114269204955,
            37.208114269204955,
            36.208114269204955,
            33.208114269204955,
            36.208114269204955,
            35.208114269204955,
            38.208114269204955,
            37.208114269204955,
            40.208114269204955
        ]
    }
}