{
    "episode": 1740,
    "seed": 1740,
    "metrics": {
        "sinr_ue1": [
            17.090863227685603,
            14.294049578080754,
            30.60411605552077,
            18.15333908807372,
            23.523105725904525,
            29.83962920827651,
            34.261016684693566,
            30.71174059192041,
            32.24515573053063,
            12.043032468660018,
            10.025855624135096,
            25.586969711051495,
            30.997126152903554,
            13.82322850368167,
            15.935621985081056,
            13.925753768742535,
            9.917567136407238,
            30.21176111497667,
            27.88421015994323,
            31.185502324620174
        ],
        "sinr_ue2": [
            23.472898327079946,
            30.23136465598189,
            15.50330253713569,
            29.933411753433976,
            31.373527598862086,
            15.525835620940821,
            17.42919848716906,
            26.476128022409245,
            15.484128440985373,
            35.99517498137462,
            24.801479837683488,
            19.501589877969895,
            17.465326378175714,
            34.355650235656164,
            27.91845739966253,
            33.045991282467554,
            36.42860816759929,
            21.373015168020764,
            15.527382192878518,
            13.439118401284777
        ],
        "power_bs1": [
            35.76689699062452,
            38.76689699062452,
            37.76689699062452,
            36.76689699062452,
            35.76689699062452,
            34.76689699062452,
            31.766896990624517,
            28.766896990624517,
            29.766896990624517,
            28.766896990624517,
            27.766896990624517,
            28.766896990624517,
            29.766896990624517,
            26.766896990624517,
            29.766896990624517,
            28.766896990624517,
            25.766896990624517,
            28.766896990624517,
            31.766896990624517,
            30.766896990624517
        ],
        "power_bs2": [
            39.78874479775517,
            36.78874479775517,
            33.78874479775517,
            30.788744797755175,
            33.78874479775517,
            30.788744797755175,
            29.78874479775517,
            26.78874479775517,
            25.78874479775517,
            28.78874479775517,
            29.78874479775517,
            28.78874479775517,
            27.78874479775517,
            24.78874479775517,
            25.788744797755175,
            26.788744797755175,
            27.78874479775517,
            30.788744797755175,
            27.78874479775517,
            24.78874479775517
        ]
    }
}