{
    "episode": 2555,
    "seed": 2555,
    "metrics": {
        "sinr_ue1": [
            10.78565938018076,
            30.672254837804953,
            30.89527211984833,
            27.960692686007086,
            32.08501637279446,
            20.211283887037474,
            10.800757084547673,
            23.83063552381611,
            28.519849380779803,
            14.796499503183716,
            34.102114072818026,
            14.715259288721136,
            10.739810107011518,
            23.853757667525358,
            34.58139095591732,
            20.503892517980592,
            45.23091861927231,
            40.58683339160496,
            14.512436849012394,
            20.21799995400908
        ],
        "sinr_ue2": [
            37.50201477165249,
            34.26379681145077,
            16.51370013891787,
            20.414964531077125,
            36.27392286674195,
            18.369813715443293,
            44.004969384090764,
            34.413659416936525,
            22.298299075554333,
            29.936160633290363,
            28.626979235796806,
            29.641631362833117,
            36.440649964899606,
            33.716006576736184,
            20.12760847055749,
            33.66373796933195,
            10.035579352946698,
            30.787422866249365,
            36.6761270772546,
            33.082776923857445
        ],
        "power_bs1": [
            38.4842150114588,
            39.4842150114588,
            40.48421501145881,
            39.4842150114588,
            42.4842150114588,
            41.4842150114588,
            38.4842150114588,
            35.4842150114588,
            38.4842150114588,
            41.4842150114588,
            38.4842150114588,
            35.4842150114588,
            32.4842150114588,
            31.484215011458797,
            32.4842150114588,
            35.4842150114588,
            36.4842150114588,
            33.4842150114588,
            30.484215011458797,
            33.4842150114588
        ],
        "power_bs2": [
            41.46680023131631,
            38.46680023131632,
            35.46680023131631,
            38.46680023131631,
            41.46680023131631,
            38.46680023131631,
            41.46680023131631,
            38.46680023131631,
            39.46680023131631,
            40.46680023131631,
            37.46680023131631,
            34.46680023131631,
            35.46680023131631,
            34.46680023131631,
            31.466800231316313,
            28.466800231316313,
            25.466800231316313,
            26.466800231316313,
            29.46680023131631,
            26.466800231316313
        ]
    }
}