{
    "episode": 2635,
    "seed": 2635,
    "metrics": {
        "sinr_ue1": [
            -1.4335955317571967,
            19.685972976581873,
            12.546713277563322,
            20.95093887615219,
            17.81741825963201,
            14.946968258591898,
            6.402064149310887,
            18.99037740054554,
            18.93414879221617,
            20.423992577456154,
            10.342685746430362,
            20.04554127569859,
            2.1778921158445765,
            16.609866968704893,
            4.107210307959757,
            22.243133843737873,
            22.83488926923443,
            23.550720190981327,
            6.2445747166337195,
            27.213286045219082
        ],
        "sinr_ue2": [
            34.117908416775165,
            12.610911336309176,
            26.142933724369474,
            10.698504499085574,
            18.036041740441956,
            8.530564884742311,
            21.98238404853484,
            30.75013740947152,
            8.366863703658332,
            6.495822768174406,
            17.2359164021937,
            6.587391237638948,
            26.530545401622323,
            14.124944516531311,
            25.978925545675892,
            8.7967620908031,
            4.6681412821007875,
            4.690265129027931,
            24.44433548457124,
            21.827427950531217
        ],
        "power_bs1": [
            36.16186836187047,
            39.16186836187047,
            38.16186836187047,
            39.16186836187047,
            36.16186836187047,
            37.161868361870475,
            40.16186836187047,
            37.16186836187047,
            38.16186836187047,
            39.16186836187047,
            42.161868361870475,
            39.16186836187047,
            36.16186836187047,
            39.16186836187047,
            40.16186836187047,
            41.16186836187047,
            42.161868361870475,
            45.16186836187047,
            44.161868361870475,
            45.16186836187047
        ],
        "power_bs2": [
            33.58909156105879,
            34.58909156105879,
            35.58909156105879,
            32.58909156105879,
            29.589091561058787,
            26.589091561058783,
            29.589091561058787,
            32.58909156105879,
            29.589091561058783,
            28.589091561058787,
            27.589091561058787,
            28.589091561058787,
            29.589091561058787,
            32.58909156105879,
            31.589091561058783,
            32.58909156105879,
            29.589091561058787,
            32.58909156105879,
            33.58909156105879,
            34.58909156105879
        ]
    }
}