{
    "episode": 1934,
    "seed": 1934,
    "metrics": {
        "sinr_ue1": [
            23.76516906024113,
            13.756334965213226,
            28.483892363342637,
            13.828843797302213,
            11.858623085676781,
            15.812754160984888,
            19.807662121912994,
            39.97036999139533,
            37.41930274896252,
            23.80768500240114,
            38.2431156330322,
            31.565897394375288,
            44.98048583306307,
            45.2859364771096,
            35.04089829787294,
            23.854416998449587,
            42.59296506583324,
            21.863549652192038,
            27.21632375344631,
            16.152421655787364
        ],
        "sinr_ue2": [
            38.15189877900301,
            46.664402072877884,
            36.57227569874771,
            49.84703397308431,
            56.32977169522489,
            51.02237519465238,
            50.47293455669019,
            24.460717676088755,
            24.188759668385043,
            34.018961413141085,
            33.8335244912166,
            24.7769223231806,
            22.550148390790913,
            25.729806576837994,
            24.23632546856964,
            24.058350789370465,
            21.795706798961902,
            43.60604776262032,
            40.9043396907052,
            35.90862262367559
        ],
        "power_bs1": [
            38.46592807060656,
            39.46592807060656,
            36.46592807060656,
            37.465928070606566,
            38.46592807060656,
            41.46592807060656,
            44.46592807060655,
            45.46592807060656,
            42.465928070606566,
            41.46592807060656,
            40.46592807060656,
            37.46592807060656,
            38.46592807060656,
            41.46592807060656,
            38.46592807060656,
            41.46592807060656,
            42.465928070606566,
            41.46592807060656,
            40.46592807060656,
            37.46592807060656
        ],
        "power_bs2": [
            44.180907602559955,
            41.180907602559955,
            40.18090760255995,
            39.180907602559955,
            42.180907602559955,
            41.180907602559955,
            40.18090760255995,
            37.180907602559955,
            34.180907602559955,
            33.180907602559955,
            30.180907602559948,
            29.180907602559955,
            28.18090760255995,
            27.18090760255995,
            30.180907602559948,
            33.180907602559955,
            32.180907602559955,
            35.18090760255995,
            38.18090760255995,
            41.18090760255995
        ]
    }
}