{
    "episode": 3021,
    "seed": 3021,
    "metrics": {
        "sinr_ue1": [
            31.333002992206808,
            15.790794670029955,
            12.798058228825333,
            26.967570258134394,
            12.640326147748732,
            10.665704038119536,
            18.21519004445384,
            12.596522975267694,
            25.007389982230205,
            31.40734298150273,
            33.667433856433604,
            37.32702936437786,
            20.53018874147059,
            27.905092012712096,
            18.481572333076272,
            37.05040569420299,
            31.919593534590142,
            12.532320009060234,
            32.690007219243775,
            12.380958100985428
        ],
        "sinr_ue2": [
            12.472100838943243,
            12.40629428846672,
            25.047238805185476,
            27.424352492884868,
            20.59379658415874,
            29.787166087248767,
            22.56629131847101,
            26.42165409185674,
            6.45973704503522,
            8.398747666471909,
            6.5142074137418815,
            4.514509016802222,
            2.5369047209153366,
            6.476805508325379,
            21.294989775579054,
            -1.41854034744376,
            4.561236063584002,
            32.2429687661417,
            8.583738576751008,
            25.071372492566695
        ],
        "power_bs1": [
            38.72595781056869,
            35.72595781056869,
            34.72595781056869,
            37.72595781056869,
            34.72595781056869,
            33.72595781056869,
            30.725957810568687,
            31.725957810568687,
            34.72595781056869,
            31.725957810568687,
            34.72595781056869,
            33.72595781056869,
            36.72595781056869,
            33.72595781056869,
            36.72595781056869,
            39.72595781056869,
            36.72595781056869,
            33.72595781056869,
            34.72595781056869,
            31.725957810568687
        ],
        "power_bs2": [
            38.43403261288414,
            35.43403261288414,
            32.43403261288414,
            35.43403261288414,
            32.43403261288414,
            33.43403261288414,
            30.434032612884142,
            29.43403261288414,
            28.43403261288414,
            27.43403261288414,
            28.43403261288414,
            25.43403261288414,
            26.43403261288414,
            27.43403261288414,
            28.43403261288414,
            25.434032612884142,
            28.43403261288414,
            31.43403261288414,
            30.434032612884142,
            29.43403261288414
        ]
    }
}