{
    "episode": 1517,
    "seed": 1517,
    "metrics": {
        "sinr_ue1": [
            28.855471958524266,
            34.92125124170088,
            28.4160577928808,
            39.7775334074674,
            22.818901190852788,
            37.052937576201764,
            32.90462163264171,
            18.43904224097497,
            18.373299603597957,
            18.173767215750587,
            21.884736117420967,
            41.25665986173593,
            24.1124161361658,
            30.27400759382648,
            32.31776401385973,
            32.07698568355536,
            28.6529201664753,
            42.10245658258947,
            51.11823581930388,
            52.417116455982374
        ],
        "sinr_ue2": [
            30.599096311269015,
            21.139113954940495,
            37.60363805050024,
            21.06927979942503,
            35.302112040697715,
            22.9626389009751,
            22.900362775626046,
            40.55456198210387,
            39.8980033231655,
            36.295720262842586,
            34.00531259407347,
            19.049909193200776,
            36.40588174940256,
            23.078552055310738,
            11.890911864824936,
            26.252689895131486,
            20.034666587630113,
            19.508005700070676,
            7.211379853955969,
            7.197312873299983
        ],
        "power_bs1": [
            42.560052934980774,
            39.560052934980774,
            38.560052934980774,
            37.56005293498077,
            36.56005293498077,
            33.560052934980774,
            30.560052934980774,
            31.560052934980767,
            30.560052934980774,
            29.56005293498077,
            30.560052934980774,
            33.560052934980774,
            34.560052934980774,
            37.56005293498077,
            36.56005293498077,
            35.56005293498077,
            38.560052934980774,
            39.560052934980774,
            36.56005293498077,
            33.560052934980774
        ],
        "power_bs2": [
            42.18629463370484,
            45.18629463370484,
            44.18629463370483,
            43.18629463370484,
            42.18629463370483,
            41.18629463370483,
            38.18629463370484,
            41.18629463370483,
            40.18629463370484,
            37.18629463370484,
            36.18629463370483,
            37.18629463370484,
            38.18629463370484,
            35.18629463370483,
            32.18629463370484,
            31.186294633704836,
            28.186294633704833,
            25.186294633704836,
            28.186294633704833,
            25.186294633704836
        ]
    }
}