{
    "episode": 644,
    "seed": 644,
    "metrics": {
        "sinr_ue1": [
            10.970396333030607,
            20.787549781252807,
            29.48120591254057,
            6.872192031847283,
            23.75365338825896,
            21.47978175978693,
            23.227020158969978,
            14.237924318207655,
            11.926680683724813,
            4.919213418412723,
            8.902168762380539,
            24.44870183855509,
            25.51859581745623,
            4.801836264930493,
            4.817113346751901,
            6.765579367030385,
            10.114447451193245,
            27.074954098022438,
            20.008491760071454,
            8.58719902608695
        ],
        "sinr_ue2": [
            32.521534912115314,
            38.551627044072724,
            29.425841858689573,
            44.76210831767492,
            26.31333925380431,
            26.23249580488615,
            30.179251314264988,
            36.04134244636779,
            51.4085746489912,
            35.766405559105515,
            39.856117923868524,
            24.306562295614825,
            24.10120817943229,
            44.610032303479194,
            47.74851108275948,
            39.84103695156201,
            26.122893157280057,
            24.148081170446282,
            35.63578872829186,
            42.155868215103595
        ],
        "power_bs1": [
            36.72924192414657,
            35.72924192414657,
            38.72924192414657,
            35.72924192414657,
            34.72924192414657,
            31.72924192414657,
            28.729241924146574,
            25.72924192414657,
            26.72924192414657,
            29.729241924146574,
            32.72924192414657,
            29.72924192414657,
            26.72924192414657,
            25.72924192414657,
            28.72924192414657,
            31.72924192414657,
            32.72924192414657,
            31.72924192414657,
            28.72924192414657,
            29.72924192414657
        ],
        "power_bs2": [
            38.299997839790926,
            41.29999783979093,
            40.299997839790926,
            41.29999783979093,
            40.299997839790926,
            37.299997839790926,
            38.299997839790926,
            41.29999783979093,
            38.299997839790926,
            37.299997839790926,
            36.29999783979093,
            33.299997839790926,
            30.29999783979093,
            33.299997839790926,
            36.299997839790926,
            37.299997839790926,
            38.299997839790926,
            35.299997839790926,
            32.299997839790926,
            33.299997839790926
        ]
    }
}