{
    "episode": 3457,
    "seed": 3457,
    "metrics": {
        "sinr_ue1": [
            36.439126751634,
            24.167372026994677,
            24.937585788746965,
            19.254183644392597,
            12.281579987887074,
            39.29808392696968,
            18.17520708399623,
            22.112686408344622,
            22.051130359463166,
            25.958084241483732,
            20.07508267088432,
            34.85787287063667,
            37.638782441016694,
            22.391499150960243,
            8.213616205812317,
            14.400582025994616,
            10.191302704968383,
            12.234025289901453,
            12.214961647883895,
            12.088436691076192
        ],
        "sinr_ue2": [
            22.985490256792765,
            36.51863894038742,
            22.235137375124637,
            28.23196977157973,
            38.889581073909135,
            24.29472229343051,
            42.229535807085995,
            39.774534863054065,
            38.89934718891648,
            32.38817459659578,
            37.22425130874268,
            27.140103899112557,
            25.461463596449583,
            31.718331201499232,
            51.091794711764614,
            39.49529971623428,
            50.233870471599246,
            42.32687963725127,
            45.61269618729107,
            44.87558309383128
        ],
        "power_bs1": [
            41.524666717627795,
            42.52466671762779,
            41.524666717627795,
            38.52466671762779,
            37.524666717627795,
            40.52466671762779,
            39.52466671762779,
            40.52466671762779,
            39.52466671762779,
            40.52466671762779,
            37.52466671762779,
            34.52466671762779,
            35.52466671762779,
            32.52466671762779,
            29.524666717627788,
            26.524666717627788,
            29.524666717627788,
            32.52466671762779,
            29.524666717627788,
            26.524666717627788
        ],
        "power_bs2": [
            31.311487756477355,
            28.31148775647735,
            31.311487756477355,
            34.311487756477355,
            35.311487756477355,
            32.31148775647735,
            31.311487756477348,
            28.31148775647735,
            27.31148775647735,
            24.31148775647735,
            27.31148775647735,
            28.31148775647735,
            27.31148775647735,
            30.311487756477348,
            31.311487756477348,
            32.31148775647735,
            29.31148775647735,
            30.311487756477355,
            27.31148775647735,
            24.31148775647735
        ]
    }
}