{
    "episode": 3770,
    "seed": 3770,
    "metrics": {
        "sinr_ue1": [
            42.95249681194528,
            41.31570225167613,
            23.661602312303103,
            23.605644363103117,
            23.727056203484125,
            42.11962612018971,
            42.13806758077773,
            27.548963053956754,
            23.630197673595923,
            25.504372790056664,
            25.4555532175641,
            41.11534763462346,
            31.38384887380542,
            31.233536375105572,
            27.170404106739415,
            42.33878641138536,
            53.27716962307042,
            32.832852826107,
            43.11065823182108,
            47.55701357352304
        ],
        "sinr_ue2": [
            39.36458475830356,
            22.642226611546175,
            44.73593835075824,
            35.379219363854396,
            40.069611135604326,
            32.57719216022127,
            18.055363587108484,
            32.814236904360854,
            41.43613227790297,
            36.67777274314552,
            22.994367047664866,
            23.041309013827046,
            34.30561918733922,
            38.39341186128985,
            30.230538321400605,
            36.31901655500752,
            13.246498385080887,
            27.052840296266965,
            19.224021715156844,
            17.32499965728967
        ],
        "power_bs1": [
            39.92111178744649,
            36.92111178744649,
            35.92111178744649,
            32.92111178744649,
            35.92111178744649,
            38.921111787446485,
            37.921111787446485,
            36.92111178744649,
            35.92111178744649,
            34.92111178744649,
            37.921111787446485,
            34.92111178744649,
            37.921111787446485,
            34.92111178744649,
            31.921111787446485,
            34.92111178744649,
            37.921111787446485,
            36.921111787446485,
            33.921111787446485,
            32.921111787446485
        ],
        "power_bs2": [
            36.936175642444255,
            35.936175642444255,
            36.936175642444255,
            33.936175642444255,
            36.936175642444255,
            33.936175642444255,
            34.936175642444255,
            33.936175642444255,
            36.936175642444255,
            33.936175642444255,
            36.936175642444255,
            33.936175642444255,
            30.93617564244425,
            27.93617564244425,
            28.936175642444255,
            29.936175642444255,
            26.93617564244425,
            27.93617564244425,
            28.936175642444255,
            25.93617564244425
        ]
    }
}