{
    "episode": 3631,
    "seed": 3631,
    "metrics": {
        "sinr_ue1": [
            27.603140084048906,
            9.815258767697365,
            19.17206926926366,
            -0.242875525374879,
            1.7909636761101886,
            25.118130031493124,
            25.616148459957557,
            5.758268070941092,
            5.811212333399217,
            20.01444571566671,
            0.19528916388744225,
            3.9016396261513564,
            3.939589756214368,
            16.07640736625124,
            3.8894707584463735,
            5.923841569317123,
            5.908676746913231,
            19.385788565770774,
            14.614217222561141,
            22.2923173289222
        ],
        "sinr_ue2": [
            13.176364123224186,
            38.03729846661244,
            36.84500787947415,
            39.45239153267153,
            29.852851278055276,
            19.10024036383948,
            17.25442959190811,
            33.29589291783786,
            19.21204487658231,
            21.374272890100944,
            43.77222412358928,
            37.357717136081504,
            35.083939666805186,
            17.42061257953384,
            38.77323837027189,
            37.292307509697686,
            38.05248879850805,
            17.90025348995655,
            23.72551796950357,
            23.873998051113713
        ],
        "power_bs1": [
            43.539182970572476,
            40.539182970572476,
            37.539182970572476,
            34.53918297057247,
            37.539182970572476,
            40.53918297057247,
            39.53918297057247,
            36.53918297057247,
            39.53918297057247,
            36.53918297057247,
            35.53918297057247,
            36.53918297057247,
            35.53918297057247,
            38.53918297057247,
            35.53918297057247,
            34.53918297057247,
            37.53918297057247,
            36.53918297057247,
            33.53918297057247,
            32.53918297057247
        ],
        "power_bs2": [
            40.81980021827462,
            39.81980021827462,
            40.81980021827462,
            43.81980021827462,
            44.81980021827462,
            43.81980021827462,
            40.81980021827462,
            39.81980021827462,
            42.81980021827462,
            41.81980021827462,
            44.81980021827462,
            41.81980021827462,
            40.81980021827462,
            39.81980021827462,
            40.81980021827462,
            37.81980021827462,
            40.81980021827462,
            37.81980021827462,
            40.81980021827462,
            39.819800218274615
        ]
    }
}