{
    "episode": 4848,
    "seed": 4848,
    "metrics": {
        "sinr_ue1": [
            13.144384920105816,
            25.971966586174716,
            11.12144764105004,
            24.880766732158342,
            28.543231091125094,
            11.334519483158426,
            26.02180719553303,
            7.2233757391770705,
            7.214243192642984,
            21.84658165300723,
            5.265630709968875,
            17.504570722003752,
            6.196050403259813,
            9.884429081398597,
            9.267108441029203,
            7.1728138417321,
            32.7641779385439,
            37.58505047327266,
            28.25578882101423,
            21.577098531834565
        ],
        "sinr_ue2": [
            43.33914741589592,
            47.63290831666914,
            48.45516131892654,
            30.57072980196793,
            30.728010019665014,
            30.65982307970234,
            30.518575641060455,
            36.24750128986191,
            52.70927354519237,
            36.52201134908263,
            51.14042603158274,
            42.47215922409179,
            57.99481143798453,
            45.56522780810888,
            49.19163389161186,
            47.36691463071472,
            28.345442816475767,
            24.571730172418643,
            26.46865693713363,
            28.649339457336986
        ],
        "power_bs1": [
            34.343293995187125,
            35.343293995187125,
            32.343293995187125,
            29.343293995187125,
            28.343293995187125,
            31.343293995187125,
            28.34329399518712,
            25.343293995187125,
            26.343293995187125,
            25.343293995187125,
            24.343293995187125,
            21.34329399518712,
            20.343293995187125,
            23.34329399518712,
            24.343293995187125,
            23.34329399518712,
            26.343293995187125,
            27.34329399518712,
            26.343293995187125,
            25.343293995187125
        ],
        "power_bs2": [
            36.197957019021814,
            39.19795701902181,
            36.197957019021814,
            33.19795701902181,
            32.197957019021814,
            35.197957019021814,
            32.19795701902181,
            35.197957019021814,
            34.19795701902181,
            35.197957019021814,
            34.19795701902181,
            37.19795701902181,
            34.19795701902181,
            31.197957019021807,
            30.19795701902181,
            31.19795701902181,
            28.197957019021807,
            25.19795701902181,
            26.197957019021807,
            27.197957019021807
        ]
    }
}