{
    "episode": 4699,
    "seed": 4699,
    "metrics": {
        "sinr_ue1": [
            40.40631507369322,
            37.72539743125135,
            32.721976444731,
            34.211736957808476,
            18.27865551915741,
            39.10692149204591,
            22.369456224015757,
            24.95681701444951,
            20.227192094881723,
            22.099673239520783,
            29.34062176868412,
            20.309204245004903,
            39.373706195566136,
            33.71219476452186,
            12.092824152572073,
            16.217597653181397,
            26.629716798056705,
            18.218711441125524,
            35.05051713629112,
            42.30077388076572
        ],
        "sinr_ue2": [
            13.052671744550551,
            29.162777692599708,
            17.01718567740019,
            14.935184129323826,
            33.9798011272683,
            28.219489628781908,
            28.14389359259046,
            17.033586339356386,
            20.25349971309145,
            29.62975558044965,
            14.937447033229097,
            31.220593123999446,
            10.851892345936323,
            16.895854918788476,
            38.07858427741156,
            33.742959800804016,
            16.957368678046617,
            27.372416082207877,
            30.34236061725337,
            13.044528265120015
        ],
        "power_bs1": [
            41.24408185699466,
            44.24408185699466,
            43.24408185699467,
            42.24408185699467,
            41.24408185699466,
            42.24408185699467,
            43.24408185699467,
            40.24408185699467,
            41.24408185699466,
            42.24408185699467,
            39.24408185699467,
            40.24408185699467,
            39.24408185699467,
            36.24408185699466,
            33.24408185699467,
            36.24408185699466,
            37.24408185699466,
            38.24408185699467,
            39.24408185699467,
            40.24408185699467
        ],
        "power_bs2": [
            39.05126666067102,
            42.05126666067102,
            45.05126666067102,
            42.05126666067102,
            41.05126666067102,
            38.05126666067102,
            39.05126666067102,
            42.05126666067102,
            39.05126666067102,
            38.05126666067102,
            39.05126666067102,
            38.05126666067102,
            35.05126666067102,
            38.05126666067102,
            39.05126666067102,
            38.05126666067102,
            39.05126666067102,
            38.05126666067102,
            35.05126666067102,
            38.05126666067102
        ]
    }
}