{
    "episode": 2361,
    "seed": 2361,
    "metrics": {
        "sinr_ue1": [
            22.086225289320144,
            1.7639367858602313,
            3.8208810663151773,
            22.793104589422608,
            -0.29408207029980526,
            -0.24335889210262096,
            16.65138209066098,
            -2.24039653952472,
            -2.1933568781622013,
            -2.15477657814003,
            -0.12477983832984119,
            1.8547696498028934,
            5.783833909440087,
            19.255449953221838,
            26.90864239190905,
            21.003130994260534,
            17.340534749762313,
            22.24060175056185,
            11.728030587578576,
            16.53031843771849
        ],
        "sinr_ue2": [
            31.49663678771047,
            42.382641175984986,
            44.58745096089403,
            32.22579710419371,
            49.76134478018567,
            53.287782174140766,
            34.167372100083384,
            49.40450844355703,
            46.5209854155854,
            51.709663521805226,
            34.977056288630614,
            50.63078382341057,
            49.01504979724636,
            30.859217209434163,
            24.650916240266998,
            28.68403994105424,
            30.694136119768665,
            30.639667188253288,
            46.48149569694947,
            37.13081085810866
        ],
        "power_bs1": [
            36.01547190102541,
            33.01547190102541,
            32.01547190102541,
            33.01547190102541,
            32.01547190102541,
            31.015471901025407,
            32.01547190102541,
            29.01547190102541,
            28.01547190102541,
            25.015471901025407,
            28.01547190102541,
            31.015471901025407,
            32.01547190102541,
            33.01547190102541,
            36.01547190102541,
            33.01547190102541,
            32.01547190102541,
            35.01547190102541,
            34.01547190102541,
            31.015471901025407
        ],
        "power_bs2": [
            42.34615173034959,
            39.34615173034958,
            36.34615173034958,
            39.34615173034958,
            40.34615173034958,
            39.34615173034958,
            40.34615173034958,
            39.34615173034958,
            38.34615173034958,
            35.34615173034958,
            36.34615173034958,
            37.34615173034958,
            34.34615173034958,
            37.34615173034958,
            34.34615173034958,
            35.34615173034958,
            36.34615173034958,
            39.34615173034958,
            40.34615173034958,
            41.34615173034958
        ]
    }
}