{
    "episode": 3505,
    "seed": 3505,
    "metrics": {
        "sinr_ue1": [
            61.098213004824515,
            45.40125418505626,
            63.82882176033091,
            47.50417191841389,
            46.92951901513099,
            41.03727616078366,
            42.76090780639353,
            44.3292684879109,
            40.10475231475726,
            53.04627913648967,
            50.90096324249693,
            37.01298343239101,
            38.47885284704717,
            34.92927012777288,
            32.3845352514362,
            41.049885179096975,
            29.020775942069314,
            42.41825132033715,
            27.81507032816844,
            25.245695101639885
        ],
        "sinr_ue2": [
            13.845305055602669,
            32.8619416693971,
            20.9665087758699,
            13.829838100363137,
            30.319981944735428,
            30.24538239328198,
            31.37591589868797,
            36.129190818947606,
            39.11694070801404,
            23.790090964361838,
            23.703083592387628,
            37.956333501323165,
            39.197072520446575,
            45.30424726849649,
            44.26748179769252,
            31.43523340229231,
            31.59922414317913,
            33.348131282765806,
            50.60682880031304,
            52.92566661744588
        ],
        "power_bs1": [
            41.837494105928855,
            38.837494105928855,
            39.83749410592886,
            40.83749410592886,
            39.83749410592886,
            36.83749410592886,
            35.83749410592886,
            36.83749410592886,
            35.83749410592886,
            32.837494105928855,
            31.83749410592886,
            32.837494105928855,
            31.83749410592886,
            28.837494105928858,
            27.837494105928858,
            24.837494105928858,
            27.837494105928858,
            24.837494105928858,
            25.837494105928855,
            22.837494105928858
        ],
        "power_bs2": [
            37.08177458378551,
            36.0817745837855,
            33.0817745837855,
            36.0817745837855,
            35.0817745837855,
            38.0817745837855,
            35.0817745837855,
            34.0817745837855,
            37.0817745837855,
            38.0817745837855,
            37.0817745837855,
            38.0817745837855,
            35.0817745837855,
            36.0817745837855,
            37.0817745837855,
            38.0817745837855,
            41.0817745837855,
            40.0817745837855,
            41.0817745837855,
            40.0817745837855
        ]
    }
}