{
    "episode": 3531,
    "seed": 3531,
    "metrics": {
        "sinr_ue1": [
            11.18362219773488,
            34.77321760284082,
            36.88548958196172,
            36.487805818427944,
            17.30207583241843,
            19.382207433494973,
            21.453021344634017,
            19.33647342419138,
            40.39457047116913,
            33.77198090791529,
            21.243623543354047,
            36.54863032984315,
            43.22592579534814,
            36.69449667969049,
            19.338409865458605,
            28.974947666213954,
            27.034158638644122,
            7.320956986814141,
            25.668482445436275,
            23.256346065053904
        ],
        "sinr_ue2": [
            30.371492423226393,
            9.739957614362726,
            5.777935427481779,
            5.742180600597195,
            7.8021010691792885,
            20.736324224403262,
            3.800129415163902,
            23.421489829302118,
            5.804253292928636,
            7.8186820634870715,
            18.87482532844178,
            5.8029057440299905,
            15.944373769644484,
            5.809232502767692,
            19.141716809072218,
            5.752676437781847,
            27.32672979236789,
            35.30613716247502,
            17.81406187802165,
            40.18750997791956
        ],
        "power_bs1": [
            37.117656266510856,
            40.11765626651085,
            41.117656266510856,
            42.117656266510856,
            43.11765626651086,
            42.117656266510856,
            41.117656266510856,
            38.117656266510856,
            39.117656266510856,
            36.117656266510856,
            37.117656266510856,
            34.117656266510856,
            33.117656266510856,
            34.117656266510856,
            37.117656266510856,
            38.11765626651086,
            35.117656266510856,
            32.117656266510856,
            29.117656266510856,
            28.117656266510856
        ],
        "power_bs2": [
            36.0634426655853,
            35.0634426655853,
            32.0634426655853,
            33.0634426655853,
            36.0634426655853,
            33.0634426655853,
            30.0634426655853,
            29.0634426655853,
            30.0634426655853,
            29.0634426655853,
            26.0634426655853,
            25.0634426655853,
            22.0634426655853,
            25.0634426655853,
            28.063442665585296,
            29.0634426655853,
            32.0634426655853,
            35.0634426655853,
            32.0634426655853,
            35.0634426655853
        ]
    }
}