{
    "episode": 3990,
    "seed": 3990,
    "metrics": {
        "sinr_ue1": [
            14.445746872066014,
            14.427905288419273,
            14.426557462282982,
            14.400487378774676,
            14.382491236522899,
            1.626552309536306,
            14.33343231676536,
            14.269023596203972,
            14.233605966817432,
            14.1895257779924,
            9.309378139819394,
            14.126948556464002,
            8.836941314330112,
            8.740077407131468,
            8.490616621088414,
            8.297846901272978,
            8.058359525385253,
            7.784392529701499,
            7.276006911636928,
            10.862286461311221
        ],
        "sinr_ue2": [
            0.8674693987365165,
            0.8934196757975279,
            0.934148575547411,
            0.8639281304075719,
            0.9182287097687558,
            0.9257664103312968,
            7.5346635624277,
            0.7591286053252349,
            0.7747405863292331,
            0.7625937514330352,
            0.6185595434197224,
            0.5861641570090517,
            6.128289204644998,
            5.880164754786313,
            5.5820140368428275,
            5.225993849576046,
            4.873042401200999,
            4.491815778803929,
            3.98774914212813,
            1.1082971978253895
        ],
        "power_bs1": [
            37.638074540356484,
            34.638074540356484,
            31.638074540356484,
            28.63807454035648,
            25.638074540356484,
            22.63807454035648,
            19.638074540356484,
            16.63807454035648,
            15.638074540356481,
            14.638074540356483,
            13.638074540356481,
            12.638074540356481,
            9.638074540356481,
            8.638074540356481,
            7.638074540356481,
            6.638074540356481,
            5.638074540356481,
            4.638074540356481,
            3.638074540356481,
            6.63807454035648
        ],
        "power_bs2": [
            39.3341893108265,
            36.3341893108265,
            33.3341893108265,
            30.3341893108265,
            27.3341893108265,
            24.334189310826503,
            21.3341893108265,
            18.3341893108265,
            17.3341893108265,
            16.3341893108265,
            15.3341893108265,
            14.334189310826499,
            17.3341893108265,
            16.3341893108265,
            15.3341893108265,
            14.334189310826499,
            13.334189310826499,
            12.334189310826497,
            11.334189310826499,
            10.334189310826499
        ]
    }
}