{
    "episode": 3014,
    "seed": 3014,
    "metrics": {
        "sinr_ue1": [
            14.2701968660527,
            14.289149106598327,
            14.313605229624532,
            7.656871758045606,
            13.528665417586803,
            13.39588299730083,
            13.370381781471885,
            9.486794208538232,
            11.397566040499958,
            11.235136279527993,
            11.334689206859808,
            9.234841541889015,
            9.173789057297899,
            9.009744885577943,
            8.54267710069455,
            7.9413914934046055,
            7.73247442078796,
            6.418123963168281,
            4.821061941539049,
            2.5717346165177095
        ],
        "sinr_ue2": [
            7.921926629178125,
            7.841025299916911,
            7.749747231365859,
            9.674161448754997,
            9.633294004630626,
            9.695384245932573,
            12.75275361992779,
            13.68003084559236,
            11.7317366344902,
            11.604345092862841,
            11.455864233145716,
            13.411638933999765,
            13.055154004879608,
            12.579683232212169,
            5.067602999853017,
            10.51053627004302,
            9.904909808767073,
            7.9782542855423895,
            5.649040843726766,
            3.064844095316811
        ],
        "power_bs1": [
            39.923886379948755,
            36.923886379948755,
            33.923886379948755,
            32.92388637994875,
            29.92388637994875,
            26.923886379948748,
            23.92388637994875,
            22.92388637994875,
            23.92388637994875,
            20.923886379948755,
            17.92388637994875,
            14.92388637994875,
            11.92388637994875,
            8.92388637994875,
            5.9238863799487484,
            2.923886379948748,
            1.923886379948748,
            -1.076113620051252,
            -4.076113620051252,
            -7.076113620051253
        ],
        "power_bs2": [
            42.99895449521988,
            39.99895449521988,
            36.99895449521988,
            37.99895449521988,
            34.99895449521988,
            31.998954495219877,
            28.998954495219877,
            31.998954495219877,
            30.998954495219877,
            27.998954495219873,
            24.998954495219877,
            23.998954495219877,
            20.998954495219877,
            17.998954495219873,
            14.998954495219873,
            11.998954495219873,
            10.998954495219875,
            7.998954495219874,
            4.9989544952198735,
            1.9989544952198732
        ]
    }
}