{
    "episode": 461,
    "seed": 461,
    "metrics": {
        "sinr_ue1": [
            11.606129031946399,
            11.568838446403158,
            3.5207153732719862,
            14.33808501204034,
            14.341377021240959,
            14.883453110726926,
            11.616416630046473,
            13.680909590854672,
            13.659644375073537,
            11.69231114185115,
            13.717784295553392,
            13.650094540541327,
            11.590393442067345,
            11.530707261058133,
            14.339421474568567,
            13.646791097915534,
            14.90375022755582,
            14.353773555611742,
            13.600010163525367,
            13.638737586849047
        ],
        "sinr_ue2": [
            14.85467637609809,
            14.840687408501182,
            14.318171601449388,
            13.5296600713982,
            13.49920832635581,
            11.54110934339054,
            14.842370558262024,
            14.326926153736474,
            14.335986717662806,
            14.848536777879694,
            14.317906597144878,
            14.325166896270709,
            1.5625551382916754,
            14.841222561051781,
            13.551982562296455,
            14.341821700235588,
            11.568751243214447,
            13.503165854739187,
            14.330662375597958,
            14.316243779082034
        ],
        "power_bs1": [
            39.59807711998466,
            36.59807711998465,
            39.59807711998466,
            40.59807711998466,
            43.59807711998465,
            42.59807711998466,
            39.59807711998466,
            42.59807711998465,
            39.59807711998465,
            36.59807711998465,
            35.59807711998465,
            34.59807711998465,
            33.59807711998465,
            34.59807711998465,
            35.59807711998465,
            34.59807711998465,
            37.59807711998465,
            34.59807711998465,
            35.59807711998465,
            32.59807711998465
        ],
        "power_bs2": [
            42.96851942641652,
            39.96851942641652,
            40.96851942641653,
            39.96851942641652,
            42.96851942641652,
            39.96851942641652,
            42.96851942641652,
            43.96851942641653,
            40.96851942641652,
            39.96851942641652,
            36.96851942641652,
            35.96851942641652,
            36.96851942641652,
            37.96851942641652,
            34.96851942641652,
            35.96851942641652,
            34.96851942641652,
            33.96851942641652,
            36.96851942641652,
            33.96851942641652
        ]
    }
}