{
    "episode": 1911,
    "seed": 1911,
    "metrics": {
        "sinr_ue1": [
            14.250077438610075,
            13.168586318489787,
            13.118672729321993,
            13.088427951022975,
            13.033205390757733,
            14.248459272592443,
            14.23572450648659,
            14.22369099636107,
            2.979464953003963,
            14.168854869082342,
            14.128876218369314,
            10.363271919043111,
            14.374836548296944,
            14.19798273741365,
            13.411669758159544,
            11.566000729738732,
            9.265972421793093,
            7.618506242804723,
            5.480456961607593,
            3.5213558825963798
        ],
        "sinr_ue2": [
            9.885003817169526,
            11.908013701289452,
            11.932817144927414,
            11.981426190276965,
            12.02281313994853,
            10.098530144973196,
            10.032990404763586,
            10.0480750099186,
            10.025883152322102,
            9.874117779542102,
            9.716347595028324,
            13.369370374246532,
            7.746785822554822,
            7.346029078648775,
            6.631021031505268,
            5.524548313793558,
            3.858008946330014,
            7.235914926018347,
            10.491239795909244,
            8.124078062050105
        ],
        "power_bs1": [
            42.60601959280944,
            39.60601959280944,
            36.60601959280944,
            33.60601959280944,
            30.60601959280944,
            33.60601959280944,
            30.60601959280944,
            27.60601959280944,
            24.606019592809435,
            21.60601959280944,
            18.606019592809435,
            15.606019592809437,
            18.606019592809435,
            15.606019592809437,
            12.606019592809437,
            9.606019592809435,
            6.606019592809435,
            5.606019592809435,
            4.606019592809435,
            1.6060195928094347
        ],
        "power_bs2": [
            44.8580406064245,
            43.8580406064245,
            40.85804060642451,
            37.8580406064245,
            34.8580406064245,
            35.8580406064245,
            32.8580406064245,
            29.858040606424503,
            26.858040606424503,
            23.8580406064245,
            20.858040606424503,
            21.858040606424503,
            18.8580406064245,
            15.858040606424499,
            12.8580406064245,
            9.858040606424499,
            6.858040606424499,
            9.858040606424499,
            12.858040606424499,
            9.858040606424499
        ]
    }
}