{
    "episode": 431,
    "seed": 431,
    "metrics": {
        "sinr_ue1": [
            10.923166393906492,
            10.925703682350708,
            10.845965080579177,
            10.881615918482247,
            8.917487607966105,
            2.555165243575245,
            4.770961454732111,
            2.7757175491766723,
            6.737732412600602,
            0.7344327163581017,
            0.7197846613111363,
            0.6891367950910241,
            2.693654800295127,
            4.589956852202263,
            0.6740709820561932,
            6.751518949212538,
            10.794064654832166,
            14.764763667988648,
            10.888623579051004,
            8.987365880665688
        ],
        "sinr_ue2": [
            5.0612351081519735,
            4.970861411525514,
            5.060953061443319,
            4.982609396469624,
            7.038733668312321,
            11.054056873757611,
            10.983786191977615,
            12.95309568183843,
            9.044457606551857,
            14.228168333989226,
            3.0031467608086855,
            14.214840172674517,
            3.3059436506931243,
            10.853417039594763,
            14.216887683944513,
            9.00682427514525,
            4.976208306092019,
            7.066733719269379,
            5.031594714572744,
            5.662697940936969
        ],
        "power_bs1": [
            38.765499232161524,
            37.765499232161524,
            38.765499232161524,
            37.765499232161524,
            36.765499232161524,
            33.765499232161524,
            32.765499232161524,
            31.765499232161524,
            32.765499232161524,
            29.765499232161524,
            28.765499232161527,
            27.765499232161524,
            28.765499232161527,
            31.765499232161524,
            30.765499232161524,
            33.765499232161524,
            36.765499232161524,
            37.765499232161524,
            40.765499232161524,
            41.76549923216152
        ],
        "power_bs2": [
            39.73001652378079,
            38.73001652378079,
            39.73001652378079,
            38.73001652378079,
            39.73001652378079,
            40.73001652378079,
            39.73001652378079,
            40.73001652378079,
            37.73001652378079,
            40.73001652378079,
            39.73001652378079,
            38.73001652378079,
            37.73001652378079,
            38.73001652378079,
            41.73001652378079,
            38.73001652378079,
            37.73001652378079,
            40.73001652378079,
            41.73001652378079,
            44.73001652378079
        ]
    }
}