{
    "episode": 3232,
    "seed": 3232,
    "metrics": {
        "sinr_ue1": [
            3.822953485966848,
            5.8954943763559085,
            3.8745482003013754,
            9.951545824049568,
            9.926544088992664,
            14.40768868912949,
            14.422180240265394,
            14.402653772419491,
            13.93392894156003,
            14.087608474615191,
            1.893632323682207,
            12.211884225653806,
            10.058252786372988,
            10.036097645812264,
            8.131658333519287,
            8.00467978495497,
            14.725126163860697,
            6.054760712675692,
            6.13843729102938,
            5.9835361729526255
        ],
        "sinr_ue2": [
            14.424584296006167,
            14.072807459077527,
            14.438439962624848,
            9.924451573315743,
            9.89120386651755,
            3.9632394227142664,
            3.850734383487727,
            3.9569807760935864,
            5.8705194231107765,
            7.0334832497532265,
            7.768046138346735,
            7.731815607492689,
            9.750272222822069,
            9.705235917854022,
            11.676835095751054,
            11.78752742211862,
            13.676513487493606,
            13.636080784110808,
            13.601009447351313,
            13.536682910838778
        ],
        "power_bs1": [
            36.27207824299098,
            37.272078242990986,
            38.272078242990986,
            41.272078242990986,
            38.272078242990986,
            41.272078242990986,
            38.272078242990986,
            37.272078242990986,
            38.272078242990986,
            37.272078242990986,
            38.272078242990986,
            37.272078242990986,
            38.272078242990986,
            37.272078242990986,
            38.272078242990986,
            37.272078242990986,
            38.272078242990986,
            39.272078242990986,
            40.27207824299098,
            41.272078242990986
        ],
        "power_bs2": [
            38.882010115723546,
            37.882010115723546,
            40.882010115723546,
            37.882010115723546,
            34.882010115723546,
            31.882010115723546,
            28.882010115723546,
            27.882010115723546,
            30.88201011572355,
            29.882010115723546,
            32.882010115723546,
            31.882010115723546,
            34.882010115723546,
            33.882010115723546,
            36.882010115723546,
            35.882010115723546,
            38.882010115723546,
            39.882010115723546,
            40.882010115723546,
            41.882010115723546
        ]
    }
}