{
    "episode": 4429,
    "seed": 4429,
    "metrics": {
        "sinr_ue1": [
            14.263401782995942,
            11.201426046521927,
            3.331942818828627,
            5.2196977237622875,
            5.227827693654108,
            5.213163739658105,
            5.238509362730662,
            5.228329158010437,
            11.213123385863796,
            11.201661413859762,
            6.016116535603047,
            11.185505052522032,
            13.14440694072804,
            13.127122151991262,
            13.112655324960238,
            13.101260869047294,
            13.001062186625308,
            13.004787640093394,
            1.380028456588746,
            13.047798574011246
        ],
        "sinr_ue2": [
            5.223708253908245,
            9.271731115242076,
            14.301165059096958,
            14.29067511327603,
            14.299855515818015,
            14.276579463129682,
            14.262063218437252,
            14.247170780902263,
            1.0632763709112922,
            9.198545413430693,
            9.24747025589918,
            9.142046802225792,
            7.155019044718394,
            7.091751745106142,
            7.183065964126182,
            7.226598529243367,
            7.344440448833538,
            7.266004451361917,
            7.251977165111142,
            7.313587102976629
        ],
        "power_bs1": [
            39.32295962740688,
            38.32295962740688,
            35.322959627406874,
            32.322959627406874,
            29.322959627406874,
            26.322959627406878,
            27.322959627406878,
            28.322959627406878,
            31.322959627406878,
            32.322959627406874,
            33.32295962740688,
            34.322959627406874,
            35.322959627406874,
            36.322959627406874,
            37.322959627406874,
            34.322959627406874,
            31.322959627406878,
            32.322959627406874,
            33.32295962740688,
            34.322959627406874
        ],
        "power_bs2": [
            39.21775666343447,
            42.21775666343447,
            45.21775666343447,
            42.21775666343447,
            39.21775666343447,
            36.21775666343447,
            37.217756663434464,
            38.21775666343447,
            35.21775666343447,
            36.21775666343447,
            37.217756663434464,
            38.21775666343447,
            37.217756663434464,
            38.21775666343447,
            39.21775666343447,
            36.21775666343447,
            33.21775666343447,
            34.21775666343447,
            35.21775666343447,
            36.21775666343447
        ]
    }
}