{
    "episode": 3343,
    "seed": 3343,
    "metrics": {
        "sinr_ue1": [
            10.788555596129646,
            14.285600981611372,
            10.72460664729678,
            10.6623349079351,
            10.728097927088946,
            10.658182053496386,
            10.605037479475012,
            10.58463290071256,
            10.631856924593347,
            7.936190519006972,
            10.755902178082378,
            10.703805233386024,
            10.772042128041097,
            12.809395766665642,
            14.211391471860093,
            12.854934414565859,
            10.83721557586,
            10.900343969070363,
            10.972833776469885,
            10.927635255522304
        ],
        "sinr_ue2": [
            14.207478279377968,
            14.204685768003774,
            14.193957697397284,
            14.204497982324463,
            14.21327850226616,
            14.200934895069047,
            14.204563580897666,
            14.19655558358539,
            14.688270058469238,
            14.174820096742955,
            14.185195035521666,
            14.196086707996805,
            14.192285390777116,
            1.9345555963086611,
            10.764888415070196,
            12.793102076415297,
            14.206448971473394,
            14.197862340284074,
            14.187310534647834,
            14.198392911835722
        ],
        "power_bs1": [
            38.63389306772304,
            39.63389306772304,
            40.63389306772304,
            39.63389306772304,
            40.63389306772304,
            41.63389306772303,
            38.63389306772304,
            39.63389306772304,
            40.63389306772304,
            41.63389306772303,
            38.63389306772304,
            39.63389306772304,
            40.63389306772304,
            41.63389306772303,
            40.63389306772304,
            39.63389306772304,
            38.63389306772304,
            39.63389306772304,
            40.63389306772304,
            41.63389306772303
        ],
        "power_bs2": [
            38.68923899760419,
            39.6892389976042,
            40.6892389976042,
            39.6892389976042,
            40.6892389976042,
            41.68923899760419,
            38.68923899760419,
            39.6892389976042,
            40.6892389976042,
            41.68923899760419,
            38.68923899760419,
            39.6892389976042,
            40.6892389976042,
            39.6892389976042,
            36.68923899760419,
            37.68923899760419,
            38.68923899760419,
            39.6892389976042,
            40.6892389976042,
            41.68923899760419
        ]
    }
}