{
    "episode": 2847,
    "seed": 2847,
    "metrics": {
        "sinr_ue1": [
            1.8727177205885217,
            1.9865395751329977,
            1.845845084172475,
            1.7436153436001436,
            1.6899925090184038,
            1.6985405813560668,
            1.8046035964421063,
            1.9514014453723967,
            1.8497753055966746,
            1.7859362925840399,
            1.8440988002973187,
            1.9838634602124687,
            2.073205203216868,
            2.1725269798496822,
            2.1566513760516024,
            2.2324477530492453,
            2.377935675669178,
            2.2537201953746013,
            2.1845343147601564,
            2.283923364421187
        ],
        "sinr_ue2": [
            0.27053018821060215,
            0.32011522968130457,
            0.44355211641339487,
            0.5684097609523326,
            0.423975884899801,
            0.5699742159845598,
            0.4856486579716113,
            13.744093340237143,
            0.38675204995432155,
            0.25087477434846095,
            0.2675977275768302,
            0.16930698238457564,
            0.29279255857919484,
            0.4140980195001438,
            0.2748529983405241,
            0.3855156410219265,
            0.45988379844527305,
            10.573885286179182,
            14.538929340639594,
            0.36148111960675156
        ],
        "power_bs1": [
            38.442185952058054,
            38.442185952058054,
            38.442185952058054,
            38.442185952058054,
            38.442185952058054,
            38.442185952058054,
            38.442185952058054,
            38.442185952058054,
            38.442185952058054,
            38.442185952058054,
            38.442185952058054,
            38.442185952058054,
            38.442185952058054,
            38.442185952058054,
            38.442185952058054,
            38.442185952058054,
            38.442185952058054,
            38.442185952058054,
            38.442185952058054,
            38.442185952058054
        ],
        "power_bs2": [
            34.452974284296104,
            34.452974284296104,
            34.452974284296104,
            34.452974284296104,
            34.452974284296104,
            34.452974284296104,
            34.452974284296104,
            34.452974284296104,
            34.452974284296104,
            34.452974284296104,
            34.452974284296104,
            34.452974284296104,
            34.452974284296104,
            34.452974284296104,
            34.452974284296104,
            34.452974284296104,
            34.452974284296104,
            34.452974284296104,
            34.452974284296104,
            34.452974284296104
        ]
    }
}