{
    "episode": 2529,
    "seed": 2529,
    "metrics": {
        "sinr_ue1": [
            11.151815866548365,
            11.291162119777804,
            11.3192452395692,
            11.455146436389455,
            11.582154742473698,
            11.69831782138081,
            11.68667854650524,
            11.563536259472038,
            14.473819146365422,
            11.692425815604373,
            11.79645514561364,
            11.65292115502151,
            11.50037688474737,
            11.501523248760694,
            11.411366067070915,
            11.342718271291458,
            11.496979769018589,
            11.615777973835026,
            11.626522391287024,
            11.507029384359594
        ],
        "sinr_ue2": [
            1.0083271735403436,
            0.9534255434376284,
            0.8933649061349591,
            7.103000800615417,
            0.9090221289363862,
            0.8542074216231761,
            0.8380135234493933,
            0.8271822725918554,
            0.8867748731020533,
            0.9018021050788971,
            0.8728894916150374,
            0.8381307649938639,
            0.8083013071729552,
            0.7484091869448961,
            0.7626269908130299,
            0.7148402668718887,
            0.6566689095132925,
            0.5957600630369311,
            11.883122795068397,
            0.5075686436736953
        ],
        "power_bs1": [
            42.952081813446924,
            42.952081813446924,
            42.952081813446924,
            42.952081813446924,
            42.952081813446924,
            42.952081813446924,
            42.952081813446924,
            42.952081813446924,
            42.952081813446924,
            42.952081813446924,
            42.952081813446924,
            42.952081813446924,
            42.952081813446924,
            42.952081813446924,
            42.952081813446924,
            42.952081813446924,
            42.952081813446924,
            42.952081813446924,
            42.952081813446924,
            42.952081813446924
        ],
        "power_bs2": [
            36.296061168784604,
            36.296061168784604,
            36.296061168784604,
            36.296061168784604,
            36.296061168784604,
            36.296061168784604,
            36.296061168784604,
            36.296061168784604,
            36.296061168784604,
            36.296061168784604,
            36.296061168784604,
            36.296061168784604,
            36.296061168784604,
            36.296061168784604,
            36.296061168784604,
            36.296061168784604,
            36.296061168784604,
            36.296061168784604,
            36.296061168784604,
            36.296061168784604
        ]
    }
}