{
    "episode": 2478,
    "seed": 2478,
    "metrics": {
        "sinr_ue1": [
            8.037633237340561,
            8.025837437020325,
            8.070749399208507,
            7.9919540189069895,
            8.078487396085587,
            4.225888559519793,
            8.097773401471958,
            8.184961369841602,
            8.203086400879045,
            8.154386583107025,
            8.137731004563761,
            8.059455157657666,
            8.011848593874141,
            7.95574206655572,
            14.309812069620607,
            8.087659782346591,
            8.165698052363311,
            8.087307388944758,
            8.13554528484032,
            8.050190221245813
        ],
        "sinr_ue2": [
            4.132752839148543,
            14.177358251894887,
            14.177701221624833,
            14.18147338512063,
            14.185212850039306,
            14.18573840342044,
            14.182032880414353,
            14.178254833974245,
            14.180086197110118,
            14.183593396449572,
            14.185793869919484,
            14.648244653197857,
            14.183758062296922,
            14.180196865709672,
            14.176445716826795,
            14.177905997713449,
            14.181606005796132,
            14.178436129652315,
            14.175091303384477,
            14.174546432820495
        ],
        "power_bs1": [
            40.24358261471345,
            40.24358261471345,
            40.24358261471345,
            40.24358261471345,
            40.24358261471345,
            40.24358261471345,
            40.24358261471345,
            40.24358261471345,
            40.24358261471345,
            40.24358261471345,
            40.24358261471345,
            40.24358261471345,
            40.24358261471345,
            40.24358261471345,
            40.24358261471345,
            40.24358261471345,
            40.24358261471345,
            40.24358261471345,
            40.24358261471345,
            40.24358261471345
        ],
        "power_bs2": [
            40.96056204701004,
            40.96056204701004,
            40.96056204701004,
            40.96056204701004,
            40.96056204701004,
            40.96056204701004,
            40.96056204701004,
            40.96056204701004,
            40.96056204701004,
            40.96056204701004,
            40.96056204701004,
            40.96056204701004,
            40.96056204701004,
            40.96056204701004,
            40.96056204701004,
            40.96056204701004,
            40.96056204701004,
            40.96056204701004,
            40.96056204701004,
            40.96056204701004
        ]
    }
}