{
    "episode": 271,
    "seed": 271,
    "metrics": {
        "sinr_ue1": [
            14.547121129992124,
            14.557622414121072,
            14.567090725009056,
            14.561486363520853,
            14.549222907822582,
            14.556369473606763,
            3.469094661435959,
            14.550852449060255,
            14.538685005742721,
            14.540117568168816,
            5.3540014072984725,
            14.540309656122066,
            14.541362098803065,
            14.5516748198072,
            14.541438167749853,
            14.544293237239067,
            14.538253838564616,
            14.54796519507486,
            8.96423821602184,
            14.544337505668603
        ],
        "sinr_ue2": [
            14.726854359840592,
            14.733210906810202,
            14.724792921876775,
            14.720567441526416,
            14.712221122364372,
            14.710965019067176,
            14.710470524291695,
            14.706226330343057,
            1.1672374995386168,
            14.705852492433255,
            14.710642765480651,
            6.694383329410586,
            14.711043072351332,
            14.719459198986847,
            14.71484821238589,
            14.716610227952781,
            14.7157851750553,
            14.711724175852769,
            14.704945046631652,
            14.713252965639132
        ],
        "power_bs1": [
            34.887768297205504,
            34.887768297205504,
            34.887768297205504,
            34.887768297205504,
            34.887768297205504,
            34.887768297205504,
            34.887768297205504,
            34.887768297205504,
            34.887768297205504,
            34.887768297205504,
            34.887768297205504,
            34.887768297205504,
            34.887768297205504,
            34.887768297205504,
            34.887768297205504,
            34.887768297205504,
            34.887768297205504,
            34.887768297205504,
            34.887768297205504,
            34.887768297205504
        ],
        "power_bs2": [
            37.902888949530194,
            37.902888949530194,
            37.902888949530194,
            37.902888949530194,
            37.902888949530194,
            37.902888949530194,
            37.902888949530194,
            37.902888949530194,
            37.902888949530194,
            37.902888949530194,
            37.902888949530194,
            37.902888949530194,
            37.902888949530194,
            37.902888949530194,
            37.902888949530194,
            37.902888949530194,
            37.902888949530194,
            37.902888949530194,
            37.902888949530194,
            37.902888949530194
        ]
    }
}