{
    "episode": 1814,
    "seed": 1814,
    "metrics": {
        "sinr_ue1": [
            14.738482405210743,
            14.746722966142132,
            14.756398302917347,
            14.763236973411402,
            14.75328424105161,
            14.759447415651614,
            14.750638639600785,
            2.093553465614992,
            14.752672488417232,
            14.757835242849108,
            14.74882053675914,
            14.741624485387891,
            14.735631935204328,
            14.730737354934366,
            14.72900944070225,
            14.71952231410592,
            14.709904185651915,
            14.717637452730372,
            14.712126719663829,
            14.702858273148978
        ],
        "sinr_ue2": [
            14.02901088307053,
            14.019031133155694,
            13.926493709917757,
            13.958721359430514,
            13.995144271439061,
            13.908718580745347,
            14.003155883947393,
            13.900668238954195,
            13.920973191387372,
            4.15021946139796,
            13.917099055280133,
            13.83208349766523,
            13.873827955378577,
            13.966607510007,
            4.2838961740551085,
            14.057392287658923,
            14.11261096311527,
            14.117744785311224,
            14.118116930386304,
            14.12301234687904
        ],
        "power_bs1": [
            42.27633214064947,
            42.27633214064947,
            42.27633214064947,
            42.27633214064947,
            42.27633214064947,
            42.27633214064947,
            42.27633214064947,
            42.27633214064947,
            42.27633214064947,
            42.27633214064947,
            42.27633214064947,
            42.27633214064947,
            42.27633214064947,
            42.27633214064947,
            42.27633214064947,
            42.27633214064947,
            42.27633214064947,
            42.27633214064947,
            42.27633214064947,
            42.27633214064947
        ],
        "power_bs2": [
            40.25194469030333,
            40.25194469030333,
            40.25194469030333,
            40.25194469030333,
            40.25194469030333,
            40.25194469030333,
            40.25194469030333,
            40.25194469030333,
            40.25194469030333,
            40.25194469030333,
            40.25194469030333,
            40.25194469030333,
            40.25194469030333,
            40.25194469030333,
            40.25194469030333,
            40.25194469030333,
            40.25194469030333,
            40.25194469030333,
            40.25194469030333,
            40.25194469030333
        ]
    }
}