{
    "episode": 3647,
    "seed": 3647,
    "metrics": {
        "sinr_ue1": [
            18.890514207658107,
            17.002953798867264,
            7.932845373449089,
            22.43965421680452,
            11.929091092463132,
            11.687204211552814,
            23.604974692086714,
            26.00618037580187,
            19.110475175530105,
            4.208670712051013,
            10.081996320753694,
            26.59952293150209,
            12.165437139598511,
            29.216639160290686,
            31.637975637482576,
            22.818934938935527,
            13.835306238325959,
            24.47296561768092,
            5.9618698431261485,
            11.81406241484705
        ],
        "sinr_ue2": [
            13.423444692399947,
            11.393706439268643,
            29.185917640750457,
            17.06007914107858,
            17.09119576426663,
            22.13362238263937,
            9.453327538423043,
            9.565262546901259,
            9.554413157161894,
            30.68097007293271,
            26.086078101001714,
            5.447439696743494,
            5.466112048143568,
            1.370875011474473,
            5.330318822903246,
            5.368744689690393,
            22.089515771275735,
            25.835685360793686,
            24.30300788538714,
            33.095351972783746
        ],
        "power_bs1": [
            31.90964087815523,
            32.90964087815523,
            35.90964087815523,
            36.90964087815523,
            39.90964087815523,
            36.90964087815523,
            35.90964087815523,
            36.90964087815523,
            39.90964087815523,
            36.90964087815523,
            39.90964087815523,
            40.90964087815523,
            43.90964087815523,
            44.90964087815523,
            43.90964087815523,
            40.90964087815523,
            39.90964087815523,
            36.90964087815523,
            33.90964087815523,
            30.90964087815523
        ],
        "power_bs2": [
            41.24180249574877,
            40.24180249574877,
            41.24180249574877,
            40.24180249574877,
            41.24180249574877,
            38.24180249574877,
            41.24180249574877,
            42.24180249574877,
            45.24180249574877,
            46.24180249574877,
            43.24180249574877,
            42.24180249574877,
            45.241802495748765,
            42.24180249574877,
            45.241802495748765,
            42.24180249574877,
            39.24180249574877,
            40.241802495748765,
            41.24180249574877,
            44.24180249574877
        ]
    }
}