{
    "episode": 4049,
    "seed": 4049,
    "metrics": {
        "sinr_ue1": [
            15.136305947092124,
            16.74953494208275,
            18.541859585127003,
            30.281609938145326,
            30.758742081229897,
            33.381024722525616,
            13.20931021268601,
            29.116393650009034,
            29.858209503646023,
            12.297522662493826,
            12.010871250716363,
            21.356302006000973,
            8.421607767564314,
            29.07204169995297,
            12.448714268203588,
            11.682838749923691,
            24.175171151882893,
            8.6401748797424,
            15.744756508882938,
            16.655644609881442
        ],
        "sinr_ue2": [
            25.065342201107036,
            25.206074896017327,
            24.225302973334454,
            9.662592125455818,
            18.0271553030158,
            11.726432263084456,
            29.21753923599278,
            24.00889798255923,
            9.654319289876938,
            28.24282222307401,
            25.386841878510346,
            17.02796271549376,
            32.33378368849963,
            22.447006842660407,
            17.330868137181092,
            21.42223576279501,
            20.37551912989034,
            27.911855683018715,
            17.522264905800768,
            34.9310311030648
        ],
        "power_bs1": [
            43.00129286343243,
            42.00129286343244,
            43.00129286343243,
            40.00129286343244,
            41.00129286343244,
            44.00129286343244,
            43.00129286343243,
            40.00129286343244,
            39.00129286343244,
            36.00129286343244,
            35.00129286343244,
            32.00129286343244,
            33.00129286343244,
            34.00129286343244,
            37.00129286343244,
            34.00129286343243,
            31.001292863432436,
            34.00129286343243,
            35.00129286343244,
            32.00129286343244
        ],
        "power_bs2": [
            40.2232598738197,
            37.2232598738197,
            36.2232598738197,
            37.2232598738197,
            40.2232598738197,
            43.2232598738197,
            42.22325987381971,
            39.2232598738197,
            36.2232598738197,
            35.2232598738197,
            34.2232598738197,
            37.2232598738197,
            36.2232598738197,
            37.2232598738197,
            36.2232598738197,
            33.2232598738197,
            36.2232598738197,
            37.2232598738197,
            40.2232598738197,
            37.2232598738197
        ]
    }
}