{
    "episode": 4602,
    "seed": 4602,
    "metrics": {
        "sinr_ue1": [
            13.731023973580962,
            9.917358523505893,
            25.876186483029784,
            23.280075479259587,
            10.093846048441634,
            32.02748874766301,
            26.690062677399663,
            26.280696386153124,
            27.1067520944626,
            4.079498648573852,
            12.557100931670405,
            19.048846947698536,
            2.111305203592262,
            14.755118445313474,
            20.650885657054335,
            6.37073034342821,
            14.310291751137186,
            21.99551113699559,
            14.041475787951153,
            25.930701417434765
        ],
        "sinr_ue2": [
            40.1721638850446,
            46.22849091970995,
            37.96283957895122,
            25.93720548310734,
            35.25643120250723,
            22.16734331552829,
            26.54837689138553,
            24.158424487077728,
            25.70113304326357,
            31.425173255021868,
            27.067522528607256,
            26.640093905686975,
            41.96987480746236,
            39.965041334279526,
            23.70545155839734,
            38.56214919059858,
            22.911480163842548,
            20.179002459111803,
            34.249891661378186,
            20.102000998602833
        ],
        "power_bs1": [
            34.84172672944804,
            31.84172672944804,
            28.84172672944804,
            25.841726729448045,
            28.84172672944804,
            29.841726729448045,
            26.84172672944804,
            29.841726729448045,
            28.84172672944804,
            27.84172672944804,
            24.84172672944804,
            21.84172672944804,
            20.84172672944804,
            19.84172672944804,
            20.84172672944804,
            23.84172672944804,
            24.84172672944804,
            23.84172672944804,
            24.84172672944804,
            23.84172672944804
        ],
        "power_bs2": [
            42.80578424480701,
            43.805784244807,
            42.80578424480701,
            41.805784244807,
            40.805784244807,
            39.805784244807,
            42.80578424480701,
            41.805784244807,
            42.80578424480701,
            45.805784244807,
            42.80578424480701,
            41.805784244807,
            40.805784244807,
            39.805784244807,
            38.805784244807,
            39.805784244807,
            38.805784244807,
            35.805784244807,
            32.805784244807,
            35.805784244807
        ]
    }
}