{
    "episode": 4066,
    "seed": 4066,
    "metrics": {
        "sinr_ue1": [
            19.482043979539196,
            38.31230915546342,
            21.417924961384887,
            27.255955078446092,
            37.92741561855561,
            25.154625883127775,
            23.00885493208703,
            43.07748947348518,
            23.1822390149688,
            38.81157827596646,
            25.14343685306994,
            47.191762588643506,
            44.060950854079834,
            47.0067248978532,
            51.279999853534946,
            34.62152618015648,
            58.13406597639605,
            48.49194691865066,
            27.380785913079663,
            37.05952455776333
        ],
        "sinr_ue2": [
            23.563555365002372,
            39.499503027235484,
            36.035506525937386,
            30.549459588395887,
            35.33501634418252,
            17.011081436996644,
            33.77833635859992,
            17.005363056745924,
            37.02563939966409,
            17.0149034904216,
            17.131828538721024,
            16.99138405619013,
            14.873037764474635,
            12.982423832698391,
            10.97335117544228,
            18.48914353902876,
            7.025474752907598,
            11.035441856601613,
            25.377213320156294,
            14.895408779962416
        ],
        "power_bs1": [
            33.12169752565114,
            36.12169752565114,
            37.12169752565114,
            40.12169752565114,
            37.12169752565114,
            40.12169752565114,
            37.12169752565114,
            40.12169752565114,
            39.12169752565114,
            40.12169752565114,
            43.12169752565114,
            40.12169752565114,
            39.121697525651136,
            42.121697525651136,
            41.12169752565114,
            42.121697525651136,
            45.12169752565114,
            44.121697525651136,
            43.12169752565114,
            40.12169752565114
        ],
        "power_bs2": [
            39.010073014518724,
            40.01007301451872,
            41.010073014518724,
            38.010073014518724,
            37.010073014518724,
            40.010073014518724,
            39.010073014518724,
            40.010073014518724,
            41.010073014518724,
            40.010073014518724,
            43.010073014518724,
            40.01007301451872,
            37.010073014518724,
            38.010073014518724,
            35.010073014518724,
            32.010073014518724,
            35.010073014518724,
            38.010073014518724,
            41.010073014518724,
            38.010073014518724
        ]
    }
}