{
    "episode": 1249,
    "seed": 1249,
    "metrics": {
        "sinr_ue1": [
            32.584170853003755,
            37.964101736019565,
            37.24352841703131,
            16.08111996983266,
            14.129539643575775,
            8.306265823524363,
            28.380251779882393,
            10.318288146501828,
            30.45923946891393,
            13.985208233736843,
            15.941494380340032,
            27.29591654549285,
            13.917616045204905,
            26.02474456041035,
            31.39654590507198,
            25.955050288941855,
            20.850843147863216,
            29.857191278791962,
            6.364181344826589,
            23.70798975846027
        ],
        "sinr_ue2": [
            3.4913764342427758,
            1.5298463017521844,
            7.524815287910858,
            28.98695781268699,
            29.525015353195574,
            33.45901764724489,
            17.268494448522446,
            17.450967521762344,
            11.626040110834403,
            15.505155803584685,
            36.34716891603187,
            17.32619838428693,
            28.97327578208347,
            17.355409001240748,
            15.517916417049388,
            19.445718713176415,
            24.08280206219848,
            15.341042321949592,
            39.82196699595829,
            20.978151678777355
        ],
        "power_bs1": [
            44.022069897943446,
            43.02206989794344,
            40.022069897943446,
            39.022069897943446,
            38.022069897943446,
            35.022069897943446,
            34.022069897943446,
            37.022069897943446,
            40.022069897943446,
            37.022069897943446,
            38.02206989794344,
            35.022069897943446,
            36.022069897943446,
            35.022069897943446,
            38.02206989794344,
            37.02206989794344,
            38.02206989794344,
            37.02206989794344,
            34.022069897943446,
            33.02206989794344
        ],
        "power_bs2": [
            35.49320312032415,
            32.49320312032415,
            35.49320312032415,
            38.49320312032415,
            39.49320312032415,
            42.49320312032414,
            39.49320312032414,
            42.49320312032414,
            39.49320312032414,
            40.49320312032415,
            37.49320312032414,
            40.49320312032414,
            37.49320312032414,
            40.49320312032414,
            41.49320312032415,
            44.49320312032414,
            43.49320312032415,
            40.49320312032414,
            43.49320312032414,
            42.49320312032414
        ]
    }
}