{
    "episode": 132,
    "seed": 132,
    "metrics": {
        "sinr_ue1": [
            38.88108848864368,
            24.355720833233892,
            38.815770312555614,
            34.49513458667469,
            45.157358048117615,
            37.90070452271077,
            22.094997867385615,
            21.663719780065197,
            23.960734036536916,
            25.776788304027534,
            38.217506248625554,
            17.558573706718768,
            19.90491626614449,
            18.153925766570893,
            16.8625398674698,
            22.104426349166108,
            20.79283772815756,
            35.5617426470879,
            37.37152805443873,
            35.00823245894241
        ],
        "sinr_ue2": [
            9.869371242906444,
            17.590119651019048,
            11.368458264355754,
            9.532774439268456,
            7.338880632074214,
            22.24546540288483,
            20.22764396772449,
            20.095541412149664,
            12.464310551833224,
            12.703923554740557,
            26.71386291214184,
            26.118104831921872,
            26.031988580410065,
            31.672134007830515,
            27.890496083707195,
            25.19515914210308,
            26.631063661754183,
            24.91198501625596,
            24.733974736947303,
            9.680343892495976
        ],
        "power_bs1": [
            39.80845460068318,
            38.80845460068318,
            35.80845460068318,
            36.80845460068318,
            35.80845460068318,
            36.80845460068318,
            35.80845460068318,
            34.80845460068318,
            31.808454600683177,
            34.80845460068318,
            33.80845460068318,
            30.808454600683177,
            33.80845460068318,
            32.80845460068318,
            33.80845460068318,
            36.80845460068318,
            37.80845460068318,
            36.80845460068318,
            35.80845460068318,
            38.80845460068318
        ],
        "power_bs2": [
            33.683686905873415,
            30.68368690587341,
            31.68368690587341,
            30.68368690587341,
            27.68368690587341,
            30.68368690587341,
            29.683686905873408,
            28.683686905873408,
            29.683686905873408,
            30.68368690587341,
            27.68368690587341,
            28.683686905873408,
            29.683686905873408,
            30.68368690587341,
            33.68368690587341,
            30.68368690587341,
            33.68368690587341,
            32.68368690587341,
            33.68368690587341,
            32.68368690587341
        ]
    }
}