{
    "episode": 4870,
    "seed": 4870,
    "metrics": {
        "sinr_ue1": [
            9.237358004919438,
            25.969133163097368,
            28.383265103776264,
            7.096479514833957,
            23.71839937097741,
            23.378679361926743,
            23.410468492857643,
            7.882256537776573,
            34.523942794931365,
            35.364691952762755,
            14.433372012982709,
            16.264466508477817,
            15.613135366162087,
            34.109022917176915,
            30.984518262941137,
            29.98802366692058,
            32.50407982303782,
            16.267861398722864,
            29.540139926769005,
            16.31472945413256
        ],
        "sinr_ue2": [
            39.50658268119642,
            20.640407243426235,
            18.826824565900488,
            32.838003844129844,
            24.324723929549613,
            20.579579625234445,
            22.80257152370509,
            35.899732637835754,
            14.350143928428318,
            8.911715878886824,
            30.643411590750237,
            10.94241865888808,
            13.138987592895056,
            7.365982255918542,
            7.489722616202066,
            23.927278392600762,
            9.175550993291642,
            24.282101575151955,
            9.342905073511762,
            27.260519227151576
        ],
        "power_bs1": [
            33.3511857049576,
            30.3511857049576,
            31.3511857049576,
            30.3511857049576,
            29.3511857049576,
            30.3511857049576,
            27.3511857049576,
            26.3511857049576,
            29.3511857049576,
            32.3511857049576,
            29.3511857049576,
            32.3511857049576,
            33.3511857049576,
            36.3511857049576,
            37.3511857049576,
            34.3511857049576,
            33.3511857049576,
            32.3511857049576,
            35.3511857049576,
            32.3511857049576
        ],
        "power_bs2": [
            39.66752380411149,
            36.66752380411148,
            35.66752380411148,
            38.66752380411149,
            39.66752380411149,
            36.66752380411148,
            35.66752380411148,
            32.66752380411149,
            29.667523804111482,
            26.667523804111486,
            25.667523804111486,
            28.667523804111482,
            31.667523804111486,
            28.667523804111482,
            29.667523804111482,
            26.667523804111486,
            27.667523804111486,
            28.66752380411149,
            29.667523804111482,
            28.66752380411149
        ]
    }
}