{
    "episode": 3157,
    "seed": 3157,
    "metrics": {
        "sinr_ue1": [
            28.43421343215155,
            33.4403064250524,
            21.465335588147912,
            29.017533044452087,
            17.70952821483543,
            14.295176334586802,
            10.670576458216336,
            10.191355511455658,
            30.856192579905724,
            32.62353751534353,
            27.189394242562386,
            21.052203345860953,
            9.770848870116428,
            7.1298022722664145,
            20.46343464031052,
            2.4902242195656807,
            0.6327279479942883,
            14.67602905488035,
            14.185495345491216,
            21.139402448308967
        ],
        "sinr_ue2": [
            16.364031901739573,
            6.771538546192845,
            4.905909755284318,
            8.374947261900168,
            27.71588838433455,
            8.355406570900286,
            25.164980252779575,
            26.97889895704447,
            8.079574381751529,
            6.376715489553876,
            8.570730724864408,
            23.735433113964053,
            20.36496038338912,
            27.460037154015215,
            22.359596567016208,
            34.26397053467096,
            39.6184173114115,
            21.04654705823546,
            28.859177752182585,
            16.809988339194202
        ],
        "power_bs1": [
            39.97853443387968,
            36.97853443387968,
            37.97853443387968,
            34.97853443387968,
            31.97853443387968,
            34.97853443387968,
            31.97853443387968,
            30.97853443387968,
            33.97853443387967,
            34.97853443387968,
            35.97853443387968,
            32.97853443387968,
            29.978534433879677,
            28.978534433879677,
            27.97853443387968,
            28.978534433879677,
            27.97853443387968,
            30.97853443387968,
            33.97853443387967,
            36.97853443387968
        ],
        "power_bs2": [
            31.894907602434074,
            32.894907602434074,
            31.894907602434074,
            32.894907602434074,
            31.894907602434074,
            32.894907602434074,
            31.894907602434074,
            30.894907602434074,
            31.894907602434074,
            30.894907602434074,
            33.894907602434074,
            32.894907602434074,
            29.894907602434074,
            32.894907602434074,
            35.894907602434074,
            38.894907602434074,
            39.894907602434074,
            42.894907602434074,
            41.894907602434074,
            42.894907602434074
        ]
    }
}