{
    "episode": 3946,
    "seed": 3946,
    "metrics": {
        "sinr_ue1": [
            7.435913371128036,
            25.27845528616559,
            24.92844093721893,
            3.2612961783652206,
            20.702798834221483,
            9.476057083597912,
            14.715421385625923,
            12.178678610716307,
            15.403868025866284,
            10.396723360965767,
            4.237279837783975,
            10.305390542863197,
            28.58265987104216,
            18.833362778511056,
            27.28148216754198,
            9.181765772440633,
            17.226065367309978,
            22.243291588583702,
            26.554457395544215,
            11.343375517992246
        ],
        "sinr_ue2": [
            20.93631207172516,
            12.129598212391032,
            25.624452625223313,
            33.4372691862813,
            14.194033930947567,
            26.3770062636123,
            20.445369543982256,
            32.3346766214395,
            18.44024535211584,
            20.393749471631256,
            20.22780147522266,
            25.71091133203733,
            8.13361239376393,
            11.972904143965524,
            9.908364194061543,
            23.950171848240057,
            11.816500409942366,
            9.633606238485953,
            7.839565777301427,
            7.9031241764227715
        ],
        "power_bs1": [
            45.71069553170232,
            42.710695531702314,
            41.710695531702314,
            38.710695531702314,
            37.710695531702314,
            40.710695531702314,
            37.710695531702314,
            34.710695531702314,
            37.710695531702314,
            34.710695531702314,
            35.710695531702314,
            38.710695531702314,
            41.710695531702314,
            38.710695531702314,
            37.710695531702314,
            38.710695531702314,
            37.710695531702314,
            36.710695531702314,
            39.710695531702314,
            42.710695531702314
        ],
        "power_bs2": [
            41.4556181676801,
            38.4556181676801,
            39.4556181676801,
            38.4556181676801,
            35.4556181676801,
            38.4556181676801,
            41.45561816768009,
            40.4556181676801,
            39.4556181676801,
            38.4556181676801,
            39.4556181676801,
            36.4556181676801,
            33.4556181676801,
            34.4556181676801,
            31.4556181676801,
            32.45561816768009,
            33.4556181676801,
            30.4556181676801,
            31.4556181676801,
            34.4556181676801
        ]
    }
}