{
    "episode": 3403,
    "seed": 3403,
    "metrics": {
        "sinr_ue1": [
            25.50823835829975,
            43.88497952860032,
            30.917128280569337,
            26.967545099329143,
            26.89129812495889,
            41.628565248837816,
            44.06381034667476,
            9.257801839945289,
            40.89369353816997,
            24.127223753657837,
            39.55062370816612,
            36.212590176571986,
            46.93042521770472,
            27.812400164189953,
            40.34091031359243,
            42.03245540867773,
            42.71066065877105,
            43.30510986569309,
            39.52676427283916,
            13.579626810862777
        ],
        "sinr_ue2": [
            29.634260970998806,
            13.488644193991375,
            29.410700611556173,
            35.76620522820765,
            16.11350913619382,
            13.435036190095824,
            11.435262688119742,
            26.989915328573893,
            11.449066198877444,
            30.054359511360957,
            30.4793455497223,
            29.735558017541912,
            7.121142159009851,
            7.2795228839666315,
            9.409419460517894,
            9.517599129701884,
            7.46888841885786,
            5.476572135443068,
            9.365803401601582,
            29.18504485682127
        ],
        "power_bs1": [
            37.63129023313637,
            38.63129023313637,
            39.63129023313637,
            42.63129023313637,
            39.63129023313637,
            38.63129023313637,
            39.63129023313637,
            36.63129023313636,
            37.63129023313637,
            34.63129023313637,
            33.63129023313637,
            30.63129023313636,
            31.631290233136365,
            34.63129023313637,
            35.63129023313637,
            36.63129023313636,
            37.63129023313637,
            40.63129023313636,
            37.63129023313637,
            36.63129023313636
        ],
        "power_bs2": [
            36.31687885295128,
            39.31687885295128,
            42.31687885295128,
            39.31687885295128,
            36.31687885295128,
            39.31687885295128,
            38.31687885295128,
            37.31687885295128,
            36.31687885295128,
            33.31687885295128,
            32.31687885295128,
            29.316878852951277,
            26.316878852951277,
            29.316878852951277,
            32.31687885295128,
            33.31687885295128,
            32.31687885295128,
            33.31687885295128,
            34.31687885295128,
            35.31687885295128
        ]
    }
}