{
    "episode": 1881,
    "seed": 1881,
    "metrics": {
        "sinr_ue1": [
            46.83233234755286,
            33.89775699619702,
            36.11759800811774,
            32.39849092554345,
            30.412229026808856,
            32.59947561216442,
            38.312905451401164,
            49.19802011831253,
            36.48207112766633,
            48.15763182030439,
            29.127677524151927,
            26.038820790473217,
            43.9172244213521,
            51.14999668101092,
            45.8589685782223,
            34.50465168943731,
            50.45962490589438,
            42.59346980759523,
            36.59287306435918,
            21.25198801837982
        ],
        "sinr_ue2": [
            37.59896977394745,
            59.07163762382606,
            55.049836528648754,
            56.74337642622969,
            42.30421398264333,
            59.62383452367312,
            42.95687321546609,
            39.53550903536367,
            42.01743470278457,
            42.70293874048188,
            47.46339479588152,
            58.832890310711285,
            42.15572650776607,
            38.170248257269996,
            39.41706630423192,
            52.14252891825175,
            42.39253274512627,
            47.03189668291985,
            44.43731842830481,
            70.88035582212773
        ],
        "power_bs1": [
            42.970449329305154,
            41.970449329305154,
            44.97044932930515,
            41.970449329305154,
            42.970449329305154,
            41.970449329305154,
            38.970449329305154,
            39.970449329305154,
            38.970449329305154,
            35.97044932930515,
            34.970449329305154,
            31.97044932930515,
            34.97044932930515,
            37.970449329305154,
            38.970449329305154,
            35.97044932930515,
            34.97044932930515,
            33.970449329305154,
            34.97044932930515,
            31.97044932930515
        ],
        "power_bs2": [
            32.68401355541244,
            33.68401355541244,
            34.68401355541245,
            35.68401355541245,
            38.68401355541244,
            35.68401355541245,
            34.68401355541245,
            31.68401355541244,
            32.68401355541244,
            29.684013555412445,
            32.68401355541244,
            31.68401355541244,
            28.684013555412445,
            27.68401355541244,
            30.68401355541244,
            27.68401355541244,
            30.68401355541244,
            33.68401355541244,
            36.68401355541244,
            39.68401355541244
        ]
    }
}