{
    "episode": 4296,
    "seed": 4296,
    "metrics": {
        "sinr_ue1": [
            27.45763547938526,
            31.98660215015868,
            27.81431849043742,
            18.510068042517858,
            19.66350276186996,
            36.92043844806715,
            30.29485341161722,
            15.318699951766332,
            34.5534982969696,
            29.677250126624134,
            13.085022423370336,
            25.16686772239977,
            38.66192071331854,
            27.803070777180178,
            33.073214744090535,
            44.53130060986662,
            44.041524036207356,
            28.33109386483677,
            43.51580353018846,
            28.33683330640923
        ],
        "sinr_ue2": [
            27.636111486995215,
            23.597710768238002,
            22.998232319863675,
            36.49742588053266,
            22.008300038972664,
            20.131110910797375,
            23.562071011237393,
            39.969850084562395,
            36.90502466905524,
            31.855725499962915,
            38.9892499724909,
            34.68624425844808,
            14.691591252687179,
            35.713923659297976,
            12.42651198173117,
            14.63973050996184,
            14.438991085903869,
            28.924696336220237,
            12.594104411505436,
            25.915903231541073
        ],
        "power_bs1": [
            30.485520016247996,
            31.485520016248,
            28.485520016248,
            31.485520016248,
            34.485520016248,
            33.485520016248,
            30.485520016247996,
            29.485520016247996,
            32.485520016248,
            33.485520016247996,
            36.485520016247996,
            39.485520016247996,
            40.485520016247996,
            43.485520016247996,
            42.485520016248,
            43.485520016247996,
            44.485520016248,
            45.485520016247996,
            46.485520016248,
            45.485520016247996
        ],
        "power_bs2": [
            27.67359275185656,
            24.673592751856557,
            21.67359275185656,
            22.67359275185656,
            25.673592751856557,
            22.67359275185656,
            23.67359275185656,
            24.673592751856557,
            23.67359275185656,
            22.67359275185656,
            25.673592751856557,
            24.673592751856557,
            23.673592751856557,
            26.67359275185656,
            23.673592751856557,
            26.67359275185656,
            27.67359275185656,
            28.673592751856557,
            27.67359275185656,
            28.673592751856557
        ]
    }
}