{
    "episode": 597,
    "seed": 597,
    "metrics": {
        "sinr_ue1": [
            9.026852951108932,
            26.208070562947654,
            29.323233809767906,
            34.86007767203553,
            26.44539709495493,
            19.791595872642816,
            7.198000308175152,
            27.867274165097903,
            11.119229670370494,
            23.74028918880996,
            12.826815593799353,
            10.833990498121135,
            8.701654088611956,
            10.56021842916506,
            10.578935128403339,
            10.532746507442372,
            10.51520897096221,
            23.45702617872678,
            6.495844359950343,
            26.81944859464414
        ],
        "sinr_ue2": [
            38.35315509966836,
            18.951431298720077,
            16.812012426936008,
            6.688653894958786,
            16.733141863172843,
            37.62525920299954,
            36.47225598329085,
            16.836043898835353,
            30.837895064483686,
            14.765270384900134,
            30.219204509381612,
            37.05720512974894,
            36.48876340572939,
            34.653966923259375,
            28.122623329970303,
            32.655787054649,
            16.573846180870763,
            14.579904795181378,
            34.30833980940879,
            18.199153484955982
        ],
        "power_bs1": [
            40.16962748638973,
            41.16962748638972,
            40.16962748638973,
            43.16962748638972,
            40.16962748638973,
            43.16962748638972,
            40.16962748638973,
            43.16962748638972,
            44.16962748638972,
            43.16962748638972,
            42.169627486389714,
            39.16962748638972,
            36.16962748638972,
            37.169627486389714,
            34.16962748638972,
            33.16962748638972,
            36.16962748638972,
            39.16962748638972,
            36.169627486389714,
            35.16962748638972
        ],
        "power_bs2": [
            37.00226935156489,
            38.00226935156489,
            35.00226935156489,
            32.00226935156489,
            35.00226935156489,
            38.00226935156489,
            39.002269351564884,
            38.00226935156489,
            39.002269351564884,
            38.00226935156489,
            35.00226935156489,
            34.002269351564884,
            33.002269351564884,
            32.00226935156489,
            29.002269351564888,
            28.00226935156489,
            31.002269351564888,
            32.00226935156489,
            35.00226935156489,
            32.00226935156489
        ]
    }
}