{
    "episode": 1757,
    "seed": 1757,
    "metrics": {
        "sinr_ue1": [
            25.481274090604376,
            13.234143768737683,
            26.744555493415987,
            18.297674637532076,
            5.476976257965626,
            3.53296338301258,
            5.757016764500811,
            5.579566507297498,
            24.054796462553725,
            5.677744703994677,
            22.55435169530663,
            9.616283043672306,
            13.60102065198431,
            15.528782524316568,
            31.852469680186584,
            17.41564877572927,
            21.282051579358136,
            33.13387424945456,
            17.418918120871957,
            34.79276330107084
        ],
        "sinr_ue2": [
            11.714974252481646,
            27.462453753989827,
            13.450300866275896,
            18.83485946371814,
            19.35045998650525,
            37.33146515632326,
            23.351440970111717,
            35.26812010846708,
            19.591786619721137,
            19.78926652327517,
            15.934690092118107,
            30.03302689520014,
            28.381636165574832,
            26.88252358167724,
            9.948091185800006,
            27.348934277863094,
            20.342284770330544,
            4.0993762813605406,
            23.33529731807646,
            7.987795231482755
        ],
        "power_bs1": [
            37.22538269291249,
            36.22538269291249,
            35.22538269291249,
            32.22538269291249,
            35.22538269291249,
            34.22538269291249,
            35.22538269291249,
            36.22538269291249,
            37.22538269291249,
            40.22538269291249,
            43.2253826929125,
            40.22538269291249,
            41.22538269291249,
            40.22538269291249,
            43.22538269291249,
            42.22538269291249,
            45.22538269291249,
            46.22538269291249,
            43.22538269291249,
            42.22538269291249
        ],
        "power_bs2": [
            33.200421430515824,
            32.20042143051583,
            33.200421430515824,
            36.20042143051583,
            39.200421430515824,
            40.20042143051583,
            43.20042143051583,
            40.200421430515824,
            41.20042143051583,
            44.200421430515824,
            43.20042143051583,
            40.200421430515824,
            37.200421430515824,
            34.200421430515824,
            37.200421430515824,
            34.200421430515824,
            33.200421430515824,
            34.200421430515824,
            35.200421430515824,
            34.200421430515824
        ]
    }
}