{
    "episode": 4779,
    "seed": 4779,
    "metrics": {
        "sinr_ue1": [
            22.612421920429313,
            33.627176284439535,
            22.37493550685706,
            36.67854908333686,
            20.350079927337323,
            33.00955923647066,
            20.031074707005274,
            20.20843662908497,
            18.3508065902919,
            39.05284484276178,
            30.378358896593088,
            23.619867210333926,
            24.750881707742206,
            25.512179482441084,
            43.189230215970255,
            37.275963328551796,
            41.69120697093856,
            47.954056528591906,
            33.4440973418599,
            36.837410682976184
        ],
        "sinr_ue2": [
            29.02992145067987,
            8.629652534572887,
            34.43771211536864,
            10.32061335049351,
            32.007529263444944,
            12.071065188279725,
            29.42810451092837,
            32.85940214547206,
            25.97513214957159,
            14.047095647769254,
            24.59340499786901,
            28.515168865307388,
            29.86100025867177,
            8.296373442768044,
            6.230314239458407,
            5.806773120123976,
            20.16146531960114,
            0.4694666977035772,
            13.80793882821916,
            1.3642848234425173
        ],
        "power_bs1": [
            38.88964258262588,
            39.88964258262588,
            36.889642582625875,
            35.889642582625875,
            34.889642582625875,
            33.88964258262588,
            32.889642582625875,
            35.889642582625875,
            34.889642582625875,
            33.88964258262588,
            32.889642582625875,
            33.88964258262588,
            32.889642582625875,
            35.889642582625875,
            34.889642582625875,
            31.889642582625875,
            34.889642582625875,
            37.889642582625875,
            38.889642582625875,
            41.889642582625875
        ],
        "power_bs2": [
            38.92713717189589,
            35.92713717189589,
            36.92713717189589,
            33.92713717189589,
            36.92713717189589,
            33.92713717189589,
            34.92713717189589,
            37.92713717189589,
            38.92713717189589,
            35.92713717189589,
            34.92713717189589,
            31.927137171895893,
            28.927137171895897,
            31.927137171895893,
            28.927137171895893,
            25.927137171895893,
            26.927137171895893,
            25.927137171895893,
            22.927137171895893,
            21.927137171895893
        ]
    }
}