{
    "episode": 3541,
    "seed": 3541,
    "metrics": {
        "sinr_ue1": [
            35.757565627320325,
            33.50024301917861,
            41.36626534064693,
            35.39603129503056,
            54.40052393770041,
            44.819159533969994,
            29.403248649548885,
            41.819742332124,
            46.06718550925273,
            34.79956734208812,
            54.341108501411966,
            32.763741557534416,
            34.63977589149757,
            36.31637101326049,
            32.71149229689078,
            49.94865760504048,
            28.454809939975224,
            34.15189654469552,
            35.78938004314422,
            35.36674833098341
        ],
        "sinr_ue2": [
            16.982658865009817,
            20.492774132329643,
            7.17584100133151,
            18.64702600758512,
            1.2173782023385435,
            7.037269402360339,
            13.825230358307445,
            10.905869972350073,
            16.69254957135523,
            16.753162867683177,
            1.2289323674503496,
            19.6018818464631,
            14.90101180271683,
            14.959477394438077,
            16.754569205490547,
            1.2903383338771341,
            25.616722096908894,
            15.296899609760121,
            13.265746839246553,
            17.796632517053702
        ],
        "power_bs1": [
            46.41641257433924,
            43.41641257433923,
            42.41641257433923,
            45.41641257433923,
            44.41641257433923,
            41.41641257433924,
            42.41641257433923,
            39.41641257433923,
            42.41641257433923,
            43.41641257433923,
            46.41641257433923,
            43.41641257433923,
            44.41641257433923,
            43.41641257433923,
            42.41641257433923,
            45.41641257433923,
            42.41641257433923,
            45.41641257433923,
            44.41641257433923,
            43.41641257433923
        ],
        "power_bs2": [
            34.198849537019555,
            33.198849537019555,
            36.198849537019555,
            33.198849537019555,
            32.198849537019555,
            35.198849537019555,
            36.198849537019555,
            37.198849537019555,
            34.198849537019555,
            31.198849537019555,
            34.198849537019555,
            33.198849537019555,
            32.198849537019555,
            29.198849537019555,
            32.198849537019555,
            33.198849537019555,
            36.198849537019555,
            33.198849537019555,
            30.198849537019555,
            29.198849537019555
        ]
    }
}