{
    "episode": 1157,
    "seed": 1157,
    "metrics": {
        "sinr_ue1": [
            16.36646627344018,
            7.245442856072333,
            11.172647469897903,
            31.966436952366827,
            21.61370641836725,
            20.78822967524048,
            14.971534751589385,
            18.658104427881966,
            20.258608143979213,
            38.50189698180085,
            16.56051911125119,
            16.96590234036238,
            34.29451095736002,
            15.055611164261066,
            18.83840374786284,
            31.877954802515987,
            35.317716424378425,
            33.33147080596127,
            15.046425194976912,
            28.604525171206387
        ],
        "sinr_ue2": [
            30.23427625054034,
            45.28671372392154,
            22.585543370716415,
            22.5251655160556,
            24.518698348324047,
            41.779158717225954,
            34.00521741048105,
            28.393599077663225,
            35.63188720849583,
            16.54041606374868,
            28.836799001476106,
            34.91917186002595,
            18.341340338275064,
            34.44775519875379,
            33.741538018959886,
            30.568080639928144,
            16.452859676063312,
            18.36307645240938,
            38.7508503288744,
            20.13517772241936
        ],
        "power_bs1": [
            37.26838612053594,
            38.26838612053594,
            41.26838612053595,
            38.26838612053594,
            39.26838612053594,
            40.26838612053594,
            41.26838612053595,
            42.26838612053594,
            39.26838612053594,
            42.26838612053594,
            39.26838612053594,
            42.26838612053594,
            39.26838612053594,
            42.26838612053594,
            43.268386120535936,
            46.26838612053595,
            45.26838612053594,
            44.26838612053594,
            43.268386120535936,
            44.26838612053594
        ],
        "power_bs2": [
            42.91047791404069,
            39.91047791404069,
            38.91047791404069,
            35.91047791404068,
            38.91047791404069,
            37.91047791404069,
            34.91047791404068,
            31.910477914040687,
            32.91047791404069,
            33.91047791404069,
            30.910477914040687,
            33.91047791404069,
            32.91047791404069,
            35.91047791404068,
            32.91047791404069,
            35.91047791404068,
            36.91047791404068,
            37.91047791404069,
            36.91047791404068,
            39.91047791404068
        ]
    }
}