{
    "episode": 3819,
    "seed": 3819,
    "metrics": {
        "sinr_ue1": [
            43.88079363826505,
            38.5054490582858,
            19.92303803307401,
            21.888801672305036,
            23.888017494934672,
            45.280774605325185,
            47.51684597050033,
            25.940678511499428,
            43.57665298840147,
            34.10659107105212,
            35.9016185837598,
            32.803104407303174,
            30.712026552173555,
            35.093732672575385,
            37.10435469851984,
            19.933826413208273,
            34.69850123174201,
            36.587803950222835,
            30.65142968762054,
            12.063818303051548
        ],
        "sinr_ue2": [
            19.084878433871143,
            20.877627587275494,
            41.376828336634816,
            33.329411570961426,
            18.789340240775786,
            14.871635425841887,
            14.943218909696398,
            36.013117167519916,
            19.029332212336158,
            19.06222824508003,
            22.95153899570444,
            22.80020857553498,
            39.86686964271033,
            26.18835943892528,
            31.119213369331614,
            37.867137698729636,
            26.301722960165673,
            24.551040505128448,
            25.88678122468415,
            49.541016196370116
        ],
        "power_bs1": [
            39.885834248699354,
            36.885834248699354,
            37.885834248699354,
            36.885834248699354,
            39.885834248699354,
            40.885834248699354,
            41.885834248699354,
            42.885834248699354,
            39.885834248699354,
            38.885834248699354,
            37.885834248699354,
            34.885834248699354,
            31.885834248699354,
            30.885834248699354,
            33.885834248699354,
            34.885834248699354,
            31.885834248699354,
            32.885834248699354,
            29.885834248699354,
            28.885834248699354
        ],
        "power_bs2": [
            39.254123422006415,
            38.254123422006415,
            41.254123422006415,
            38.254123422006415,
            39.254123422006415,
            36.254123422006415,
            37.254123422006415,
            40.254123422006415,
            39.254123422006415,
            38.254123422006415,
            41.254123422006415,
            38.254123422006415,
            41.25412342200641,
            38.254123422006415,
            35.254123422006415,
            38.254123422006415,
            39.254123422006415,
            38.254123422006415,
            37.254123422006415,
            40.254123422006415
        ]
    }
}