{
    "episode": 97,
    "seed": 97,
    "metrics": {
        "sinr_ue1": [
            25.35059990086428,
            24.189309848692183,
            24.425727085078726,
            8.75166775578834,
            17.431940603801312,
            2.9639532828575046,
            1.0690752247671755,
            20.37437863938588,
            22.86360290031045,
            11.231838773878147,
            15.713524653590758,
            12.258213835067728,
            15.022443683839366,
            29.61849532993692,
            12.860021222618087,
            29.242011960443964,
            13.90584328752475,
            35.60722372094018,
            25.90771234633758,
            30.19016647601473
        ],
        "sinr_ue2": [
            19.223590650344192,
            19.42460516656595,
            17.60855249153869,
            33.91251786435805,
            21.64456475865993,
            30.746924172595918,
            44.78923561877483,
            21.559942188314075,
            24.759057459025758,
            27.27382337257051,
            11.44374317082936,
            30.689661326157132,
            23.63566735538399,
            11.073444936599943,
            30.582788680990394,
            10.782180856210566,
            27.15724249134718,
            4.492962251394698,
            10.469289964609725,
            10.816237104336574
        ],
        "power_bs1": [
            37.621918071819884,
            40.621918071819884,
            39.621918071819884,
            38.621918071819884,
            37.621918071819884,
            36.621918071819884,
            33.621918071819884,
            34.621918071819884,
            37.621918071819884,
            38.621918071819884,
            39.621918071819884,
            38.621918071819884,
            37.621918071819884,
            34.621918071819884,
            31.621918071819884,
            30.621918071819888,
            27.621918071819884,
            30.621918071819888,
            27.621918071819884,
            30.621918071819888
        ],
        "power_bs2": [
            42.02017343700299,
            45.02017343700299,
            42.02017343700299,
            41.02017343700298,
            44.020173437002995,
            45.02017343700299,
            44.020173437002995,
            41.02017343700298,
            38.02017343700299,
            39.02017343700299,
            36.02017343700298,
            35.02017343700299,
            34.02017343700299,
            31.020173437002985,
            30.02017343700299,
            27.020173437002985,
            24.02017343700299,
            21.020173437002985,
            24.02017343700298,
            27.020173437002985
        ]
    }
}