{
    "episode": 3685,
    "seed": 3685,
    "metrics": {
        "sinr_ue1": [
            24.607911709389132,
            20.76880006375868,
            34.23390551243721,
            35.32461851407162,
            43.83796236238936,
            36.643067075934155,
            35.353480348534426,
            20.782568061346176,
            20.58222434087979,
            24.47312854315839,
            32.366687424634556,
            39.524674941291615,
            18.547072450368237,
            30.055913146152502,
            14.763379891626593,
            28.747887257551024,
            18.6250931367624,
            38.02035540525904,
            18.922973874295515,
            33.36009201667081
        ],
        "sinr_ue2": [
            9.078354282973915,
            32.087799971940825,
            17.004341766325382,
            27.151604928890887,
            8.97047502382286,
            9.063864260823841,
            23.10090524007142,
            27.75160590885003,
            32.25865808903503,
            26.355396837574226,
            10.987488443214112,
            10.995963752866151,
            36.01067129667304,
            18.64271839665866,
            37.206232775697515,
            14.633413419194055,
            25.851863181721114,
            14.93711605427352,
            30.578997705872084,
            17.00656029562357
        ],
        "power_bs1": [
            42.703789616043466,
            41.70378961604346,
            40.703789616043466,
            41.70378961604346,
            42.703789616043466,
            45.703789616043466,
            42.703789616043466,
            39.70378961604346,
            36.703789616043466,
            39.70378961604346,
            40.703789616043466,
            39.70378961604346,
            36.703789616043466,
            35.703789616043466,
            34.70378961604346,
            35.703789616043466,
            36.703789616043466,
            39.70378961604346,
            42.703789616043466,
            41.70378961604346
        ],
        "power_bs2": [
            38.09937288881812,
            41.099372888818124,
            44.099372888818124,
            41.099372888818124,
            38.09937288881812,
            41.099372888818124,
            42.09937288881812,
            39.099372888818124,
            36.09937288881812,
            35.09937288881812,
            38.09937288881812,
            37.09937288881812,
            38.09937288881812,
            41.099372888818124,
            40.09937288881812,
            37.09937288881812,
            38.09937288881812,
            41.099372888818124,
            44.099372888818124,
            45.09937288881812
        ]
    }
}