{
    "episode": 3679,
    "seed": 3679,
    "metrics": {
        "sinr_ue1": [
            19.84013785508934,
            17.645920119723073,
            38.83342150759017,
            19.647591270594326,
            19.405112951117147,
            41.26158689506765,
            39.8365843523476,
            19.239705085419494,
            16.911127873324524,
            15.247660223594908,
            32.33371757254482,
            30.01178766017638,
            31.65012284602168,
            31.91058879287208,
            38.74245689376213,
            34.09961999207883,
            18.00726906633214,
            27.542035603427095,
            21.518748850400364,
            30.210481141777677
        ],
        "sinr_ue2": [
            16.725451992857625,
            24.177940628554477,
            1.080303827288928,
            23.54949701269738,
            20.78175996680665,
            1.1317046096940788,
            1.0473937697491837,
            14.028266898655055,
            25.497535246869724,
            23.122963471964564,
            6.2152661579958455,
            3.9575281996671414,
            6.205800829543096,
            6.423468430445998,
            2.84129717534439,
            15.656364027436156,
            24.141800704540923,
            23.639847644832717,
            23.091323514878567,
            8.696314061685275
        ],
        "power_bs1": [
            41.8391370731663,
            38.83913707316629,
            41.8391370731663,
            40.83913707316629,
            39.8391370731663,
            42.83913707316629,
            41.8391370731663,
            38.83913707316629,
            35.83913707316629,
            34.8391370731663,
            35.83913707316629,
            34.8391370731663,
            35.83913707316629,
            36.83913707316629,
            39.8391370731663,
            40.83913707316629,
            39.8391370731663,
            38.83913707316629,
            41.8391370731663,
            38.83913707316629
        ],
        "power_bs2": [
            36.10845294540233,
            35.10845294540233,
            32.10845294540233,
            35.10845294540233,
            34.10845294540232,
            33.10845294540233,
            32.10845294540233,
            33.10845294540233,
            32.10845294540233,
            33.10845294540233,
            32.10845294540233,
            29.108452945402323,
            32.10845294540233,
            33.10845294540232,
            32.10845294540233,
            35.10845294540233,
            36.10845294540233,
            35.10845294540233,
            34.10845294540232,
            37.10845294540233
        ]
    }
}