{
    "episode": 1117,
    "seed": 1117,
    "metrics": {
        "sinr_ue1": [
            28.39269139595099,
            22.32805898092293,
            6.546405135882468,
            21.615154745883398,
            6.536578708844159,
            15.244329405880823,
            18.689243517951674,
            6.439394983220701,
            6.314107068212635,
            6.2097674123022,
            11.91357302952901,
            8.211813941687439,
            20.619418445896702,
            25.703090037792776,
            18.64109174826898,
            11.370318484378304,
            25.520366664837134,
            32.35935186848278,
            17.6886472610537,
            13.821843374741816
        ],
        "sinr_ue2": [
            23.789207961081786,
            15.267523122999734,
            34.09185794819068,
            19.223324389585667,
            36.03715937951176,
            21.22440032243142,
            21.14410657653885,
            37.01893310631909,
            31.77356603250841,
            31.40210096217838,
            25.781075011217368,
            33.49602415473511,
            16.677847013038544,
            17.915533782737228,
            12.658158956900516,
            28.42957612405904,
            9.133520365588856,
            23.604081307784273,
            20.090274559631137,
            26.043736534237873
        ],
        "power_bs1": [
            40.473286058248135,
            39.47328605824814,
            40.473286058248135,
            39.47328605824814,
            38.47328605824814,
            37.473286058248135,
            36.473286058248135,
            37.473286058248135,
            34.47328605824814,
            33.47328605824814,
            36.473286058248135,
            35.47328605824814,
            32.473286058248135,
            29.473286058248135,
            32.473286058248135,
            33.47328605824814,
            36.473286058248135,
            39.473286058248135,
            40.473286058248135,
            37.473286058248135
        ],
        "power_bs2": [
            38.284067127189,
            41.284067127189,
            44.284067127189,
            45.28406712718899,
            42.284067127189,
            45.28406712718899,
            44.284067127189,
            41.28406712718899,
            38.28406712718899,
            37.28406712718899,
            34.28406712718899,
            37.28406712718899,
            36.28406712718899,
            35.28406712718899,
            32.28406712718899,
            31.28406712718899,
            32.28406712718899,
            33.28406712718899,
            32.28406712718899,
            33.28406712718899
        ]
    }
}