{
    "episode": 2788,
    "seed": 2788,
    "metrics": {
        "sinr_ue1": [
            14.273228909460373,
            18.23120049633388,
            22.815224844355967,
            22.103574253953802,
            28.764220199501928,
            16.26900742351725,
            33.12109976114401,
            35.49806994948162,
            20.022991420734822,
            31.38618023768938,
            14.033610557840777,
            12.191713450074255,
            21.6890522354908,
            8.06551558597443,
            22.42675660168028,
            19.259971619359334,
            6.036812815309654,
            6.05185644259533,
            15.391076822760565,
            2.117709564585327
        ],
        "sinr_ue2": [
            41.01764876622373,
            31.919196874222383,
            34.82494363611943,
            22.426460739565837,
            18.848332975097108,
            38.531925181748434,
            22.75081976284281,
            20.80251834684653,
            32.798936284535586,
            18.702694409527176,
            36.296745029427015,
            32.96007448073948,
            26.29669083916724,
            43.011090710377815,
            27.15222401569678,
            27.90192244344199,
            46.115367313475716,
            29.83441701705347,
            34.99780344139157,
            50.52247079649924
        ],
        "power_bs1": [
            41.56166204002701,
            42.56166204002702,
            41.56166204002701,
            44.56166204002702,
            43.56166204002701,
            44.56166204002702,
            41.56166204002701,
            40.56166204002701,
            43.56166204002701,
            40.56166204002701,
            37.56166204002702,
            38.56166204002702,
            35.56166204002701,
            32.56166204002702,
            29.56166204002701,
            26.561662040027013,
            29.56166204002701,
            32.56166204002701,
            29.56166204002701,
            30.56166204002701
        ],
        "power_bs2": [
            42.56917494929701,
            39.569174949297,
            40.569174949297,
            37.56917494929701,
            40.569174949297,
            43.569174949297,
            42.56917494929701,
            39.569174949297,
            38.569174949297,
            37.569174949297,
            38.569174949297,
            41.569174949297,
            40.569174949297,
            39.569174949297,
            36.569174949297,
            35.569174949297,
            38.569174949297,
            41.569174949297,
            44.56917494929699,
            43.569174949297
        ]
    }
}