{
    "episode": 2322,
    "seed": 2322,
    "metrics": {
        "sinr_ue1": [
            29.23678762885077,
            33.92193037981197,
            12.57844274952259,
            6.539311919935068,
            14.340124689365865,
            30.076652640389288,
            13.87999467452371,
            13.684662830801866,
            8.059113789325371,
            19.741734047175125,
            22.21750089868628,
            16.33152505760121,
            9.496015029177352,
            22.318419703668457,
            6.040515353005221,
            20.90837475521522,
            9.956506495937031,
            10.187320396199347,
            27.523632431920852,
            12.113261564841299
        ],
        "sinr_ue2": [
            14.616910311259295,
            12.553349630819612,
            37.83118206299037,
            29.374061230922962,
            36.3586309765544,
            16.27982898928999,
            33.82551596578399,
            34.772185478878235,
            37.00915649460724,
            23.51696233245726,
            25.695005837356312,
            29.191762435047615,
            46.19225915006628,
            25.055786719100386,
            41.2762527127144,
            21.43817856489553,
            38.513592524373784,
            19.87426979842662,
            21.889199871841193,
            32.72053103334716
        ],
        "power_bs1": [
            42.25115471633398,
            45.25115471633398,
            42.25115471633398,
            39.25115471633398,
            40.25115471633398,
            37.25115471633398,
            36.251154716333986,
            35.25115471633398,
            32.25115471633398,
            31.251154716333982,
            32.25115471633398,
            29.25115471633398,
            28.25115471633398,
            29.25115471633398,
            30.251154716333982,
            31.251154716333982,
            34.25115471633398,
            37.25115471633398,
            36.25115471633398,
            37.25115471633398
        ],
        "power_bs2": [
            39.41786479500334,
            40.41786479500335,
            43.41786479500335,
            40.41786479500334,
            39.41786479500334,
            36.41786479500334,
            35.41786479500334,
            34.41786479500334,
            37.41786479500334,
            38.41786479500334,
            41.41786479500334,
            42.41786479500334,
            41.41786479500334,
            38.41786479500334,
            37.41786479500334,
            36.41786479500334,
            37.41786479500334,
            40.41786479500334,
            41.41786479500334,
            38.41786479500334
        ]
    }
}