{
    "episode": 2804,
    "seed": 2804,
    "metrics": {
        "sinr_ue1": [
            37.89914576395325,
            18.13225988856599,
            15.929439565702154,
            14.130864341387355,
            13.995988196658713,
            30.053816729061644,
            38.16950289451174,
            11.637030110880705,
            18.15437373888954,
            16.43208856979293,
            16.31643707589908,
            18.893925966284908,
            18.31460822493237,
            34.05345564344832,
            34.90063565993485,
            9.94235082434705,
            22.739151381836507,
            11.603990348499797,
            28.42742674189468,
            30.416857308939985
        ],
        "sinr_ue2": [
            3.4675821605955988,
            13.094007445837562,
            21.173480277812505,
            21.309700421107426,
            27.686733105507393,
            9.324888552444955,
            3.432370532749486,
            18.22127379379314,
            18.30652568110842,
            19.52348693009133,
            24.03359489703209,
            22.376146341217506,
            15.771035152899406,
            13.349128812878826,
            18.05881887391646,
            31.268702984990533,
            13.095490418879812,
            25.14807859443267,
            13.104185084763522,
            23.902308325958515
        ],
        "power_bs1": [
            31.122018633217863,
            28.122018633217863,
            27.122018633217863,
            28.122018633217863,
            31.122018633217863,
            28.122018633217863,
            31.122018633217863,
            30.122018633217863,
            27.122018633217863,
            28.122018633217863,
            25.122018633217863,
            26.122018633217863,
            27.122018633217863,
            28.122018633217863,
            27.122018633217863,
            24.122018633217866,
            21.122018633217863,
            24.122018633217866,
            21.122018633217863,
            24.122018633217866
        ],
        "power_bs2": [
            39.36332903934444,
            38.36332903934444,
            39.36332903934444,
            42.36332903934445,
            45.36332903934444,
            42.36332903934445,
            39.36332903934444,
            36.36332903934444,
            37.36332903934444,
            40.36332903934444,
            37.36332903934444,
            38.36332903934444,
            37.36332903934444,
            38.36332903934444,
            39.36332903934444,
            42.36332903934445,
            39.36332903934444,
            40.36332903934444,
            39.36332903934444,
            36.36332903934444
        ]
    }
}