{
    "episode": 2981,
    "seed": 2981,
    "metrics": {
        "sinr_ue1": [
            24.98889563630221,
            16.862988028614755,
            20.329788081739004,
            18.570144910148766,
            17.066338010460477,
            17.14107298773806,
            16.805108323267937,
            13.011631782131175,
            11.18506544171429,
            25.895277309290794,
            13.199357872910323,
            11.399961456362195,
            11.385906806282634,
            9.418232072563825,
            5.4997474685768255,
            7.4456803718137445,
            13.239307464041591,
            11.308312818937642,
            26.071642117925094,
            30.593166590069675
        ],
        "sinr_ue2": [
            22.8934779345459,
            13.567014542224808,
            11.553153791288715,
            16.113737472725216,
            0.5216733322955234,
            17.379917254351696,
            12.233516134567973,
            17.412621001329335,
            23.412659761556117,
            6.657617819309816,
            20.991627942115223,
            21.44849740411169,
            25.30080947818179,
            27.642045645930743,
            26.09679924276438,
            24.03445200117843,
            23.795261592023692,
            22.511340012177307,
            2.536937038118739,
            2.623926224077813
        ],
        "power_bs1": [
            39.42146777661478,
            36.42146777661478,
            37.42146777661478,
            36.42146777661478,
            37.42146777661478,
            38.421467776614776,
            35.42146777661478,
            32.42146777661478,
            31.421467776614783,
            34.42146777661478,
            33.421467776614776,
            34.42146777661478,
            33.421467776614776,
            32.421467776614776,
            29.42146777661478,
            30.421467776614783,
            33.421467776614776,
            32.421467776614776,
            33.421467776614776,
            34.42146777661478
        ],
        "power_bs2": [
            39.163094854269,
            36.16309485426899,
            33.163094854269,
            34.163094854269,
            37.16309485426899,
            38.163094854269,
            35.16309485426899,
            36.16309485426899,
            37.16309485426899,
            40.16309485426899,
            37.16309485426899,
            40.16309485426899,
            39.163094854269,
            40.16309485426899,
            41.163094854269,
            40.16309485426899,
            37.16309485426899,
            38.163094854269,
            35.16309485426899,
            36.16309485426899
        ]
    }
}