{
    "episode": 2988,
    "seed": 2988,
    "metrics": {
        "sinr_ue1": [
            5.48692589261581,
            24.382847298642808,
            18.838252170665157,
            7.415835290712087,
            11.406740519476093,
            7.513750213409168,
            22.571487212750462,
            5.424264674788684,
            10.801203846023572,
            1.5139491030513978,
            3.3203886176559996,
            17.955231513735463,
            18.470480537396924,
            5.150659654803677,
            5.289327203807945,
            5.959186699887592,
            5.2955421741383795,
            16.875885343185754,
            16.879156671109357,
            17.815502477969968
        ],
        "sinr_ue2": [
            19.233060710992365,
            14.294673454623828,
            14.150040549027757,
            31.353952689933426,
            30.66383186211505,
            25.10396499949846,
            14.19750256049836,
            31.580828993171444,
            33.84357703044464,
            35.578063913192445,
            30.418762861644048,
            17.25476621138299,
            15.56863965539414,
            26.51844275279803,
            15.60551806560416,
            32.75977725353235,
            20.772749607213747,
            21.867199835559358,
            18.991792968282212,
            17.364899111998035
        ],
        "power_bs1": [
            40.065434513155495,
            39.06543451315549,
            38.06543451315549,
            39.06543451315549,
            42.065434513155495,
            41.06543451315549,
            38.06543451315549,
            35.065434513155495,
            32.06543451315549,
            31.06543451315549,
            30.06543451315549,
            33.06543451315549,
            34.06543451315549,
            31.065434513155488,
            34.06543451315549,
            31.065434513155488,
            34.06543451315549,
            35.065434513155495,
            32.06543451315549,
            33.06543451315549
        ],
        "power_bs2": [
            44.924812845892596,
            41.92481284589259,
            40.92481284589259,
            41.92481284589259,
            40.92481284589259,
            43.92481284589259,
            40.92481284589259,
            39.92481284589259,
            38.92481284589259,
            39.92481284589259,
            36.92481284589259,
            39.92481284589259,
            38.92481284589259,
            35.92481284589259,
            38.92481284589259,
            41.92481284589259,
            38.92481284589259,
            41.92481284589259,
            40.92481284589259,
            39.92481284589259
        ]
    }
}