{
    "episode": 2348,
    "seed": 2348,
    "metrics": {
        "sinr_ue1": [
            18.90817675939746,
            21.459087520571313,
            22.345129949660723,
            16.948836193391788,
            2.0753711040111407,
            25.002344114318138,
            23.47815433919444,
            5.233043062115234,
            7.448124367803542,
            29.068475203067067,
            22.28702561996974,
            9.22248007099535,
            20.27171919828763,
            27.997168902958435,
            10.870606833786802,
            11.56501008153227,
            9.693360579276074,
            25.53056359331587,
            26.44708625394162,
            7.992208177170925
        ],
        "sinr_ue2": [
            19.00250731120971,
            26.674758768215415,
            22.28382289925975,
            35.11149682150656,
            31.94570984550117,
            16.06963627717623,
            17.76401871863691,
            27.61606821130421,
            16.77068901354253,
            14.237311701327442,
            19.614639246476706,
            12.754641473645973,
            14.480955253582446,
            13.021586435154791,
            23.262857585103333,
            30.47690368048428,
            29.531920750776077,
            12.660577261092879,
            25.54028363933878,
            33.08920706962896
        ],
        "power_bs1": [
            33.79639587466096,
            32.79639587466096,
            29.796395874660963,
            30.79639587466096,
            27.796395874660963,
            28.796395874660963,
            27.796395874660963,
            26.79639587466096,
            29.796395874660963,
            28.796395874660963,
            27.796395874660963,
            30.796395874660966,
            29.796395874660963,
            32.79639587466096,
            31.79639587466096,
            34.796395874660966,
            33.79639587466096,
            30.79639587466096,
            27.796395874660963,
            24.79639587466096
        ],
        "power_bs2": [
            43.45102685361165,
            44.45102685361165,
            43.45102685361165,
            42.45102685361165,
            39.45102685361165,
            36.45102685361165,
            37.45102685361165,
            34.45102685361165,
            35.45102685361165,
            34.45102685361165,
            31.45102685361165,
            34.45102685361165,
            35.45102685361165,
            36.45102685361165,
            33.45102685361165,
            36.45102685361165,
            37.45102685361165,
            34.45102685361165,
            33.45102685361165,
            36.45102685361165
        ]
    }
}