{
    "episode": 2071,
    "seed": 2071,
    "metrics": {
        "sinr_ue1": [
            28.22788237955915,
            33.68782207790671,
            15.589954795354382,
            9.702121579302991,
            29.979289893452687,
            15.640535544764,
            19.491430582327357,
            15.495296208050846,
            26.837804797720107,
            24.053604377558155,
            17.642157656965832,
            11.38906170855537,
            23.95992260282821,
            28.97047562697301,
            12.32999611680188,
            12.910429280587639,
            33.45285965972485,
            25.693111759361,
            33.78033469527537,
            14.780347610502195
        ],
        "sinr_ue2": [
            20.647350637854764,
            18.570395327492644,
            28.71041767711885,
            38.86321434472982,
            18.443359237783408,
            33.6517683186153,
            36.85682293725519,
            32.133550550732565,
            32.13946136855663,
            20.010711565054788,
            20.234532629204615,
            22.533064703732336,
            35.31096540709615,
            19.096542938896278,
            36.63524287616328,
            33.867543262890045,
            15.91758786627096,
            17.624648035811386,
            13.897443747767964,
            26.659779094675578
        ],
        "power_bs1": [
            38.723952064102214,
            37.72395206410222,
            36.723952064102214,
            33.723952064102214,
            36.723952064102214,
            35.723952064102214,
            38.723952064102214,
            35.723952064102214,
            36.723952064102214,
            33.723952064102214,
            34.723952064102214,
            31.723952064102217,
            28.723952064102214,
            25.723952064102214,
            26.723952064102214,
            29.723952064102214,
            32.723952064102214,
            31.723952064102214,
            32.723952064102214,
            31.723952064102214
        ],
        "power_bs2": [
            44.07175125736763,
            41.07175125736762,
            38.07175125736762,
            41.07175125736762,
            40.07175125736762,
            37.07175125736762,
            36.07175125736762,
            37.07175125736762,
            40.07175125736762,
            39.07175125736762,
            40.07175125736762,
            37.07175125736762,
            36.07175125736762,
            33.07175125736762,
            30.071751257367623,
            33.07175125736762,
            34.07175125736762,
            35.07175125736762,
            32.07175125736762,
            33.07175125736762
        ]
    }
}