{
    "episode": 2864,
    "seed": 2864,
    "metrics": {
        "sinr_ue1": [
            32.2831315745481,
            23.113216806006072,
            38.35240844416284,
            19.316823259877204,
            21.046565843877993,
            18.886806964576472,
            31.880147350929143,
            15.20104042719526,
            15.071500820139159,
            32.7410614039963,
            20.483046324709914,
            24.220677390248568,
            41.41312325169372,
            36.88497905199471,
            21.92408781698689,
            26.926280663053,
            44.404100913887106,
            26.093226745459926,
            40.971669434932906,
            24.059604815314014
        ],
        "sinr_ue2": [
            14.680992038674887,
            23.29669657797689,
            10.743086436121711,
            25.753383116425063,
            16.16751165340194,
            28.414517795186562,
            15.997426486285708,
            34.79111763029134,
            30.790797354698086,
            12.638195740673128,
            28.87531893253549,
            23.336619809665553,
            6.6950686029244615,
            4.779337076384584,
            22.951379970966485,
            19.51701633875224,
            2.8569788334151482,
            16.588463123527532,
            4.760751652499082,
            21.087088458894414
        ],
        "power_bs1": [
            40.16763791874374,
            43.167637918743736,
            40.167637918743736,
            41.167637918743736,
            40.167637918743736,
            37.167637918743736,
            34.167637918743736,
            37.167637918743736,
            36.167637918743736,
            39.167637918743736,
            38.167637918743736,
            41.167637918743736,
            40.167637918743736,
            41.167637918743736,
            38.167637918743736,
            41.167637918743736,
            42.167637918743736,
            43.16763791874373,
            40.167637918743736,
            41.167637918743736
        ],
        "power_bs2": [
            40.42698963222332,
            37.42698963222332,
            36.42698963222332,
            39.426989632223325,
            36.42698963222332,
            35.42698963222332,
            36.42698963222332,
            39.426989632223325,
            38.42698963222332,
            37.42698963222332,
            34.426989632223325,
            33.42698963222332,
            32.42698963222332,
            31.426989632223318,
            32.42698963222332,
            29.426989632223318,
            30.426989632223318,
            33.42698963222332,
            30.426989632223318,
            33.42698963222332
        ]
    }
}