{
    "episode": 815,
    "seed": 815,
    "metrics": {
        "sinr_ue1": [
            38.57996927138875,
            20.77937618371756,
            22.2155608077385,
            34.612918675701955,
            40.055229022388524,
            44.06188273976575,
            23.925399356070713,
            24.46834450547634,
            23.67959321566588,
            32.106487926533646,
            38.662497142939465,
            31.70063627615885,
            18.43361475929728,
            20.59992708697238,
            31.993522106056012,
            32.51194877999592,
            17.44929788437091,
            21.226038073279405,
            20.817657229742295,
            35.96935782057115
        ],
        "sinr_ue2": [
            16.195803590698876,
            31.691412998452826,
            38.1800277286503,
            23.643021430148167,
            17.992613638355156,
            30.790485180668355,
            29.912454494677885,
            34.30300883818274,
            30.59683381622452,
            22.04532484507116,
            20.40998004595485,
            34.8957584873865,
            32.32884754028086,
            33.685451097934944,
            24.17036159104843,
            26.14235350980362,
            26.234340929170767,
            39.5769256398929,
            45.038888484084026,
            26.097357846054038
        ],
        "power_bs1": [
            37.447423122516696,
            34.4474231225167,
            33.447423122516696,
            30.447423122516696,
            33.447423122516696,
            32.447423122516696,
            31.447423122516696,
            32.447423122516696,
            33.447423122516696,
            32.447423122516696,
            35.447423122516696,
            32.447423122516696,
            29.447423122516696,
            32.447423122516696,
            31.447423122516696,
            32.447423122516696,
            35.447423122516696,
            36.447423122516696,
            33.447423122516696,
            30.447423122516696
        ],
        "power_bs2": [
            30.826564538741323,
            33.82656453874132,
            30.826564538741323,
            31.826564538741323,
            28.82656453874132,
            25.826564538741323,
            24.82656453874132,
            25.826564538741323,
            28.82656453874132,
            31.826564538741323,
            32.826564538741316,
            29.82656453874132,
            30.826564538741323,
            31.826564538741323,
            32.826564538741316,
            35.82656453874132,
            38.82656453874132,
            35.82656453874132,
            32.826564538741316,
            33.82656453874132
        ]
    }
}