{
    "episode": 3882,
    "seed": 3882,
    "metrics": {
        "sinr_ue1": [
            12.681835036380583,
            20.319979200574853,
            24.53372748618306,
            26.028901760997485,
            27.52556203410287,
            23.219130073561963,
            4.6115899545001815,
            23.02544104548515,
            10.494622079746518,
            27.43403295792998,
            27.653738823720815,
            18.785436763596724,
            16.927954551107412,
            7.812945654432869,
            6.3065095356341905,
            6.1985946571158115,
            3.9975495630612654,
            0.1261822996836532,
            12.12164235513254,
            9.376715408961571
        ],
        "sinr_ue2": [
            14.339638682834916,
            16.237219580767515,
            27.847026643531333,
            18.148610822008205,
            21.999552697188207,
            18.242583865058716,
            39.89394816228281,
            21.84921418482525,
            32.557548101788186,
            15.74739326603028,
            17.79739685550828,
            33.134277494262676,
            31.678174255114797,
            37.01725233957907,
            34.635412270235484,
            36.80868211253634,
            34.411277481983575,
            34.69229866224468,
            23.070638671807696,
            25.699150914677848
        ],
        "power_bs1": [
            46.1724662586462,
            43.1724662586462,
            42.17246625864621,
            39.1724662586462,
            36.1724662586462,
            39.1724662586462,
            36.1724662586462,
            35.1724662586462,
            38.1724662586462,
            35.1724662586462,
            36.1724662586462,
            33.1724662586462,
            30.172466258646203,
            29.172466258646203,
            30.172466258646203,
            29.172466258646203,
            26.172466258646203,
            23.1724662586462,
            22.172466258646203,
            23.1724662586462
        ],
        "power_bs2": [
            44.94293134368184,
            43.94293134368184,
            40.94293134368185,
            41.94293134368184,
            42.94293134368185,
            41.94293134368184,
            42.94293134368185,
            41.94293134368184,
            38.94293134368184,
            35.94293134368184,
            38.94293134368184,
            35.94293134368184,
            34.94293134368184,
            31.942931343681842,
            34.94293134368184,
            33.94293134368184,
            32.942931343681835,
            33.94293134368184,
            34.94293134368184,
            37.94293134368184
        ]
    }
}