{
    "episode": 181,
    "seed": 181,
    "metrics": {
        "sinr_ue1": [
            20.79645630506071,
            23.019306640265373,
            17.25799826906571,
            11.189843168701541,
            15.15649910761271,
            32.282244074248126,
            24.841717798140248,
            33.69211990374912,
            29.682095712813176,
            34.745930874530856,
            37.89042368436669,
            23.022954265947423,
            22.115816009139316,
            47.32259684330059,
            34.15694532329365,
            40.03844260802927,
            25.073024618689615,
            27.05399214857983,
            40.86151849981802,
            37.53888192324057
        ],
        "sinr_ue2": [
            48.831956430344476,
            44.13654389779316,
            46.18556019876423,
            49.045855280164965,
            55.368533875993805,
            33.04550597380607,
            43.00942097346472,
            29.599009349035967,
            31.44724560332628,
            33.66386383918184,
            31.39398043294053,
            45.821017057192535,
            41.01529500129878,
            22.055496289178663,
            22.260145980992583,
            33.27616070322523,
            43.45275623246572,
            35.150541311357934,
            24.625439529506696,
            40.38383180148712
        ],
        "power_bs1": [
            34.2415606676525,
            37.2415606676525,
            34.2415606676525,
            31.2415606676525,
            32.2415606676525,
            31.2415606676525,
            30.241560667652504,
            33.2415606676525,
            32.2415606676525,
            33.2415606676525,
            32.2415606676525,
            35.2415606676525,
            32.2415606676525,
            35.2415606676525,
            38.2415606676525,
            41.24156066765251,
            38.2415606676525,
            37.2415606676525,
            38.2415606676525,
            39.2415606676525
        ],
        "power_bs2": [
            36.47141373058967,
            37.47141373058967,
            40.47141373058967,
            43.47141373058967,
            40.47141373058967,
            39.47141373058967,
            36.47141373058966,
            37.47141373058967,
            38.47141373058967,
            41.47141373058966,
            38.47141373058967,
            35.47141373058967,
            34.47141373058967,
            31.471413730589664,
            34.47141373058967,
            37.47141373058967,
            36.47141373058966,
            33.47141373058966,
            36.47141373058966,
            39.47141373058966
        ]
    }
}