{
    "episode": 2430,
    "seed": 2430,
    "metrics": {
        "sinr_ue1": [
            11.931627177671714,
            10.067603393192122,
            9.972859432391957,
            29.92834953125634,
            9.945945565521562,
            9.869038723324152,
            20.47226911163044,
            2.8386521420960324,
            27.481964848708106,
            10.90042299581973,
            15.719964462709166,
            36.624422021568726,
            25.102767235737712,
            34.52576434754675,
            20.048954289066355,
            15.280474716397228,
            21.844299756526397,
            17.078532176203087,
            18.45567978212648,
            26.819381731950536
        ],
        "sinr_ue2": [
            27.317487521010268,
            29.159337649526343,
            19.510615185773826,
            9.90507356920851,
            29.134958737637234,
            33.96457122190704,
            15.0851869718414,
            31.955411574339784,
            11.075388190443773,
            25.37985407919754,
            21.966294027613348,
            5.883035885906633,
            6.1981484231928095,
            5.858159619909033,
            8.602690955369104,
            20.027722597658247,
            9.52618200090749,
            21.690147338661557,
            17.401889858434892,
            20.457226695240426
        ],
        "power_bs1": [
            38.9206906482108,
            39.9206906482108,
            36.9206906482108,
            39.9206906482108,
            36.9206906482108,
            35.9206906482108,
            36.9206906482108,
            37.9206906482108,
            36.9206906482108,
            35.9206906482108,
            34.9206906482108,
            31.9206906482108,
            32.9206906482108,
            31.9206906482108,
            28.9206906482108,
            31.9206906482108,
            30.9206906482108,
            33.9206906482108,
            32.920690648210794,
            33.9206906482108
        ],
        "power_bs2": [
            37.55416644089282,
            40.55416644089283,
            37.55416644089282,
            34.55416644089282,
            37.55416644089282,
            36.55416644089282,
            39.55416644089282,
            38.55416644089282,
            35.55416644089282,
            32.554166440892814,
            29.55416644089282,
            26.55416644089282,
            27.554166440892818,
            26.55416644089282,
            27.554166440892818,
            26.55416644089282,
            29.55416644089282,
            26.55416644089282,
            23.554166440892818,
            22.554166440892818
        ]
    }
}