{
    "episode": 4238,
    "seed": 4238,
    "metrics": {
        "sinr_ue1": [
            9.605815476053534,
            30.91101158545227,
            13.677806800468609,
            26.779213022103892,
            13.610107147966522,
            30.599824460689064,
            37.06229373405007,
            15.552117108589085,
            15.49768057715702,
            15.522989393591992,
            33.28736979827922,
            26.034405343950926,
            13.43925018314489,
            22.32783328506834,
            19.54754265328017,
            30.130341618565563,
            29.091956330126862,
            33.402223688477754,
            21.381780988227888,
            29.48693751801189
        ],
        "sinr_ue2": [
            27.59117708894074,
            11.929949865902321,
            12.049878785393025,
            14.41077892923272,
            33.07571889441752,
            11.98369310896599,
            9.909084347499416,
            24.6000082624435,
            25.767355456704482,
            10.019429536348529,
            21.590649803804226,
            13.929979579544117,
            26.22114376302987,
            15.925254534823809,
            17.743639392232026,
            15.86487932797683,
            32.25660075184496,
            11.770069290060974,
            35.45871633329836,
            17.111623847980184
        ],
        "power_bs1": [
            38.61588391450658,
            39.61588391450658,
            42.615883914506576,
            43.61588391450658,
            42.615883914506576,
            41.615883914506576,
            40.61588391450658,
            41.615883914506576,
            42.61588391450658,
            45.61588391450658,
            44.615883914506576,
            41.615883914506576,
            44.615883914506576,
            41.615883914506576,
            38.61588391450658,
            41.615883914506576,
            42.615883914506576,
            39.615883914506576,
            36.615883914506576,
            33.615883914506576
        ],
        "power_bs2": [
            42.45765716835551,
            39.45765716835551,
            42.45765716835551,
            43.45765716835551,
            42.45765716835551,
            41.45765716835551,
            38.45765716835551,
            39.45765716835551,
            40.45765716835551,
            43.45765716835551,
            40.45765716835551,
            43.45765716835551,
            44.45765716835552,
            45.45765716835551,
            44.45765716835552,
            45.45765716835551,
            42.45765716835551,
            39.45765716835551,
            42.45765716835551,
            39.45765716835551
        ]
    }
}