{
    "episode": 4091,
    "seed": 4091,
    "metrics": {
        "sinr_ue1": [
            36.25438206401262,
            34.555798103219736,
            33.99772111825393,
            40.71569969224102,
            47.83375811984317,
            31.009489278366743,
            48.75347573773371,
            25.188849957211644,
            37.575017458848556,
            31.631470512645876,
            41.30212038419356,
            31.96922171293351,
            27.026260042523273,
            27.070664597257675,
            23.09959382026607,
            23.048184296735762,
            33.70369785999052,
            21.224426229355863,
            17.353323405460056,
            17.366250367672382
        ],
        "sinr_ue2": [
            24.221344008003506,
            23.576383902749072,
            22.64993344925395,
            26.729941874161185,
            22.933634725052944,
            7.836646204619977,
            9.864921181878508,
            30.67601261180763,
            13.886550233606439,
            25.23185322342025,
            28.616635908730007,
            13.455568955544386,
            25.007119312868262,
            28.18101183116464,
            33.50972174199893,
            33.972534348222304,
            17.161070708032508,
            17.560750512656362,
            29.517792657437184,
            37.612185484765625
        ],
        "power_bs1": [
            43.4384534643972,
            42.43845346439719,
            39.43845346439719,
            38.43845346439719,
            39.43845346439719,
            42.43845346439719,
            41.43845346439719,
            40.438453464397185,
            37.43845346439719,
            34.43845346439719,
            33.43845346439719,
            32.43845346439719,
            35.438453464397185,
            36.43845346439719,
            33.43845346439719,
            32.43845346439719,
            29.438453464397192,
            32.43845346439719,
            29.43845346439719,
            32.43845346439719
        ],
        "power_bs2": [
            31.449690141515717,
            32.44969014151571,
            29.449690141515713,
            32.44969014151571,
            33.44969014151572,
            36.44969014151571,
            37.44969014151571,
            40.44969014151572,
            37.44969014151571,
            34.44969014151572,
            33.44969014151572,
            32.44969014151571,
            33.44969014151572,
            34.44969014151572,
            35.44969014151572,
            34.44969014151572,
            33.44969014151572,
            36.44969014151571,
            37.44969014151571,
            40.44969014151572
        ]
    }
}