{
    "episode": 1688,
    "seed": 1688,
    "metrics": {
        "sinr_ue1": [
            13.342119788203417,
            23.371865228242616,
            11.37292135660248,
            13.315491280556369,
            15.393852604705028,
            33.56896779832326,
            20.99204242831965,
            26.926322867039346,
            15.158601759621646,
            9.3741059945822,
            7.3676668257554425,
            28.888302199059535,
            28.35107209153854,
            24.840385175419748,
            9.304775763919098,
            17.469258407391756,
            5.148119650833957,
            25.89353254204694,
            7.229105343683971,
            16.851125549236375
        ],
        "sinr_ue2": [
            11.382277572971375,
            13.304681980367448,
            24.234467175747476,
            33.439187083371614,
            14.153354264195242,
            9.381528490940227,
            11.441544089266628,
            15.330407572702047,
            25.856089866600165,
            35.07512144237561,
            24.490651085954735,
            11.251919966625445,
            15.242811175918442,
            34.95609984653679,
            19.151372119809157,
            22.800331349059512,
            38.7319509478549,
            17.074835924571246,
            32.60237946822522,
            20.85604607556292
        ],
        "power_bs1": [
            41.83277901765897,
            42.83277901765898,
            41.83277901765897,
            40.83277901765897,
            43.83277901765897,
            42.83277901765898,
            39.83277901765897,
            36.83277901765897,
            39.832779017658964,
            36.83277901765897,
            33.832779017658964,
            36.83277901765897,
            33.832779017658964,
            32.832779017658964,
            31.83277901765897,
            28.832779017658968,
            29.832779017658968,
            32.832779017658964,
            31.83277901765897,
            28.832779017658968
        ],
        "power_bs2": [
            43.492292200561266,
            46.492292200561266,
            45.492292200561266,
            42.492292200561266,
            43.492292200561266,
            42.492292200561266,
            41.492292200561266,
            42.492292200561266,
            39.492292200561266,
            42.492292200561266,
            41.492292200561266,
            38.492292200561266,
            39.492292200561266,
            42.49229220056126,
            41.492292200561266,
            42.49229220056126,
            39.49229220056126,
            40.492292200561266,
            39.492292200561266,
            40.492292200561266
        ]
    }
}