{
    "episode": 3088,
    "seed": 3088,
    "metrics": {
        "sinr_ue1": [
            12.466187297478744,
            24.57972944043339,
            12.69844514796634,
            34.89622793249516,
            14.846517230561783,
            15.022377939061812,
            13.217877165908124,
            40.41911488002803,
            35.36530670725205,
            31.710275953317343,
            25.961605463053004,
            14.766085435718905,
            20.490327662704587,
            20.78792361186347,
            16.767674655237293,
            22.547831248022714,
            25.087309160887955,
            24.726778216868595,
            22.650812394626065,
            38.85268541143515
        ],
        "sinr_ue2": [
            32.79246423323424,
            23.290259197813423,
            36.22282749724682,
            15.423293668050261,
            31.06566221485511,
            32.67440109715254,
            28.990635010101002,
            11.37359710968127,
            11.014959833448525,
            24.448067836165258,
            11.004481917835236,
            36.58883886324355,
            29.42318814102717,
            9.351999851893648,
            27.52095237744024,
            20.850265566878676,
            23.602264881635683,
            5.486167945402693,
            28.26174348131397,
            9.520937514868574
        ],
        "power_bs1": [
            38.27916625250496,
            41.27916625250496,
            38.27916625250496,
            41.27916625250496,
            38.27916625250496,
            37.27916625250496,
            36.27916625250496,
            39.27916625250496,
            36.27916625250496,
            33.27916625250496,
            36.27916625250496,
            33.27916625250496,
            36.27916625250496,
            39.27916625250496,
            38.27916625250496,
            41.27916625250496,
            42.279166252504965,
            45.279166252504965,
            46.27916625250496,
            45.279166252504965
        ],
        "power_bs2": [
            38.86801143274056,
            35.86801143274056,
            38.86801143274056,
            39.86801143274056,
            36.86801143274056,
            35.86801143274056,
            36.86801143274056,
            33.86801143274055,
            30.868011432740555,
            29.868011432740555,
            30.868011432740555,
            31.86801143274056,
            28.868011432740555,
            31.86801143274056,
            34.86801143274056,
            31.86801143274056,
            30.868011432740555,
            33.86801143274055,
            36.86801143274056,
            37.86801143274056
        ]
    }
}