{
    "episode": 4560,
    "seed": 4560,
    "metrics": {
        "sinr_ue1": [
            25.256612641172996,
            43.91362286520735,
            25.01728893815548,
            21.151338540484204,
            35.685018323826895,
            24.506450082751687,
            19.333378080025128,
            17.361839529579214,
            38.251738125805446,
            31.9708922006091,
            23.278268908176777,
            24.452447925935523,
            39.34377575679704,
            41.77003419677653,
            42.6305556976751,
            26.834716632771087,
            49.719618970064225,
            47.228525694071934,
            28.656073956817878,
            47.68211547041702
        ],
        "sinr_ue2": [
            24.317472289157887,
            9.313163471007343,
            31.380017577829694,
            30.72797029946717,
            30.172601985793644,
            18.699781607195625,
            31.801544162822445,
            39.236005499875844,
            17.200749030638654,
            11.369016357406414,
            14.694484458322767,
            13.01647672953722,
            26.956610408942264,
            11.305778777966802,
            10.453214522486816,
            22.865910270010524,
            7.060877348491305,
            7.159018480015172,
            18.233908114607708,
            3.2405343108109816
        ],
        "power_bs1": [
            43.27154516472429,
            42.27154516472429,
            39.27154516472429,
            36.27154516472429,
            37.27154516472429,
            36.27154516472429,
            39.27154516472429,
            40.27154516472429,
            39.27154516472429,
            42.27154516472429,
            39.27154516472429,
            38.27154516472429,
            41.27154516472429,
            42.27154516472429,
            43.27154516472429,
            40.27154516472429,
            39.27154516472429,
            40.27154516472429,
            41.27154516472429,
            42.27154516472429
        ],
        "power_bs2": [
            39.14608603379389,
            36.14608603379389,
            35.14608603379389,
            36.14608603379389,
            37.14608603379389,
            40.14608603379389,
            41.14608603379389,
            44.14608603379389,
            41.14608603379389,
            38.14608603379389,
            37.14608603379389,
            36.14608603379389,
            35.14608603379389,
            38.14608603379389,
            37.14608603379389,
            34.14608603379389,
            31.146086033793893,
            32.14608603379389,
            33.14608603379389,
            30.146086033793893
        ]
    }
}