{
    "episode": 4966,
    "seed": 4966,
    "metrics": {
        "sinr_ue1": [
            33.53780365040247,
            11.310207987241503,
            16.175928740135998,
            0.5030322247812709,
            24.103166408906095,
            30.95404955777984,
            26.90390263333804,
            11.331702694120935,
            12.68188040819558,
            27.697666215030313,
            9.182969334637136,
            27.23692226204893,
            23.77060793813842,
            12.446781746042577,
            13.987648670127742,
            12.397640202736076,
            15.954828450088485,
            20.517743112286638,
            30.00091240206362,
            41.63941638260138
        ],
        "sinr_ue2": [
            10.73654186020178,
            28.59484090684594,
            30.835969377822934,
            38.7400704493675,
            13.645360755219762,
            12.532798333286621,
            17.599384851814154,
            30.030165558886587,
            32.591618035758195,
            9.970022080805016,
            31.228717853111867,
            12.961780486901418,
            12.299066053892604,
            26.531579515575665,
            24.003780143880952,
            25.166278050285076,
            26.713120125503096,
            24.413405790065013,
            3.1007865363952867,
            5.177386776910363
        ],
        "power_bs1": [
            33.053451483989676,
            30.053451483989676,
            27.053451483989672,
            26.053451483989672,
            29.053451483989676,
            32.053451483989676,
            29.053451483989676,
            30.05345148398967,
            29.053451483989676,
            30.05345148398967,
            27.053451483989672,
            24.05345148398967,
            23.05345148398967,
            26.053451483989672,
            29.05345148398967,
            28.05345148398967,
            31.053451483989672,
            34.05345148398967,
            35.05345148398967,
            36.05345148398967
        ],
        "power_bs2": [
            31.94557073517025,
            32.94557073517025,
            33.94557073517025,
            34.94557073517025,
            31.94557073517025,
            32.94557073517025,
            35.94557073517025,
            32.94557073517025,
            29.94557073517025,
            28.945570735170246,
            31.94557073517025,
            28.945570735170246,
            27.94557073517025,
            24.94557073517025,
            27.945570735170246,
            28.945570735170246,
            27.94557073517025,
            24.94557073517025,
            25.94557073517025,
            28.945570735170246
        ]
    }
}