{
    "episode": 4054,
    "seed": 4054,
    "metrics": {
        "sinr_ue1": [
            43.523109762636764,
            35.201909827775715,
            22.673639465042417,
            24.568541833985357,
            35.64205603215826,
            44.1472657232415,
            27.288720468876477,
            26.24320020382935,
            29.39029791806369,
            44.59448543047057,
            46.9982120084137,
            24.345774302948655,
            24.79360093589591,
            37.27949138961116,
            37.63848894376199,
            24.2754355456156,
            35.987804033594124,
            20.76261756994417,
            22.582189187972944,
            22.71907821190215
        ],
        "sinr_ue2": [
            6.718656860769048,
            14.339785035435648,
            29.535701307359492,
            21.9046882022309,
            29.13700988092198,
            4.598950176711638,
            6.468556101238513,
            14.277407991950234,
            15.978416352689333,
            4.551791244901365,
            2.4181425142800985,
            23.633137620843165,
            19.558435421568102,
            6.243842655181186,
            25.79895411205075,
            14.725314039665296,
            11.677551397995234,
            27.193175927868197,
            24.166759586224916,
            23.85843405359634
        ],
        "power_bs1": [
            41.25401666486205,
            38.25401666486205,
            39.25401666486205,
            40.25401666486205,
            37.25401666486205,
            40.25401666486205,
            39.25401666486205,
            40.25401666486205,
            41.25401666486205,
            40.25401666486205,
            39.25401666486205,
            38.25401666486205,
            41.25401666486205,
            38.25401666486205,
            35.25401666486205,
            32.25401666486205,
            35.25401666486205,
            38.25401666486205,
            39.25401666486205,
            40.25401666486205
        ],
        "power_bs2": [
            35.49353133630702,
            32.49353133630702,
            35.49353133630702,
            34.49353133630702,
            35.49353133630702,
            32.49353133630702,
            33.49353133630702,
            32.49353133630702,
            29.493531336307022,
            32.49353133630702,
            29.493531336307022,
            32.49353133630702,
            35.49353133630702,
            32.49353133630702,
            33.49353133630702,
            36.49353133630702,
            35.49353133630702,
            36.49353133630702,
            35.49353133630702,
            36.49353133630702
        ]
    }
}