{
    "episode": 3382,
    "seed": 3382,
    "metrics": {
        "sinr_ue1": [
            14.098337582860268,
            13.912256015130993,
            11.766918646036725,
            28.640739523168218,
            32.025625264901905,
            18.444560403474764,
            32.78239758535042,
            12.205191678515595,
            11.806570775019383,
            14.019494975589621,
            35.26488768148961,
            16.461546748878366,
            27.34964412536392,
            12.689059902809237,
            18.53483502206285,
            28.041799500634703,
            12.632069816258147,
            17.188778716577605,
            26.37778277867739,
            10.44810289940439
        ],
        "sinr_ue2": [
            25.17965330910021,
            35.94270439599295,
            34.82160798103658,
            19.667777284059024,
            16.172016725915768,
            34.41461843618,
            17.9148281628783,
            18.318106626548712,
            36.73634204140187,
            27.259308582637132,
            16.433584004650342,
            28.803138070056168,
            16.571459982296727,
            34.293368004655505,
            26.303782815327192,
            27.57208413353127,
            26.411260387523004,
            16.357017055103455,
            16.312047856534754,
            33.63085054886358
        ],
        "power_bs1": [
            37.786868188334644,
            36.78686818833464,
            33.78686818833464,
            32.78686818833464,
            35.78686818833464,
            32.78686818833464,
            33.78686818833464,
            36.78686818833464,
            33.78686818833464,
            36.78686818833464,
            39.78686818833464,
            42.78686818833464,
            41.78686818833464,
            42.78686818833464,
            45.78686818833464,
            42.78686818833464,
            41.78686818833464,
            40.78686818833464,
            39.78686818833464,
            36.78686818833464
        ],
        "power_bs2": [
            37.652340672490176,
            36.652340672490176,
            35.652340672490176,
            36.652340672490176,
            35.652340672490176,
            38.652340672490176,
            35.652340672490176,
            38.652340672490176,
            35.652340672490176,
            36.652340672490176,
            39.652340672490176,
            40.65234067249017,
            41.652340672490176,
            44.652340672490176,
            41.652340672490176,
            44.652340672490176,
            43.65234067249018,
            40.65234067249017,
            39.652340672490176,
            40.65234067249017
        ]
    }
}