{
    "episode": 4917,
    "seed": 4917,
    "metrics": {
        "sinr_ue1": [
            29.803165158650458,
            32.93053243308873,
            21.365678202041153,
            40.28502904357939,
            44.12084314315041,
            25.618542028286704,
            25.059352290457404,
            44.009206325294,
            43.1064286120356,
            43.11613579252959,
            20.09873081935566,
            21.1393231798886,
            15.837919289456128,
            23.70058940444753,
            34.86953751469778,
            12.158981196843104,
            12.269419333382492,
            11.955141073659888,
            24.114353435478183,
            14.173192055706574
        ],
        "sinr_ue2": [
            38.71595013799473,
            24.884545655233907,
            39.090732076966276,
            19.194417720601557,
            13.095842009388488,
            24.75734353398151,
            30.68054942418761,
            17.1552595739467,
            17.116938574742967,
            18.99980461958811,
            35.40172610332598,
            36.44525786054637,
            45.46691362972355,
            27.08597514446722,
            19.304329232133433,
            46.2766741886206,
            49.9975099480105,
            45.013784437996534,
            37.136404962748166,
            35.67868064573995
        ],
        "power_bs1": [
            42.60410625832944,
            41.60410625832944,
            42.60410625832944,
            41.60410625832944,
            44.60410625832943,
            43.60410625832944,
            42.60410625832943,
            43.60410625832944,
            44.60410625832943,
            41.60410625832944,
            38.60410625832944,
            41.60410625832944,
            38.60410625832944,
            37.60410625832944,
            40.60410625832944,
            37.60410625832944,
            38.60410625832943,
            35.60410625832943,
            38.60410625832943,
            39.60410625832943
        ],
        "power_bs2": [
            38.76340300390319,
            37.76340300390319,
            34.76340300390319,
            31.76340300390319,
            28.763403003903193,
            29.763403003903193,
            28.763403003903193,
            31.76340300390319,
            32.76340300390319,
            31.76340300390319,
            30.763403003903193,
            33.76340300390319,
            36.76340300390319,
            35.76340300390319,
            36.76340300390319,
            39.76340300390319,
            40.76340300390319,
            37.76340300390319,
            36.76340300390319,
            39.763403003903186
        ]
    }
}