{
    "episode": 4651,
    "seed": 4651,
    "metrics": {
        "sinr_ue1": [
            32.386312544012355,
            35.87350846983404,
            18.112604154148418,
            26.968133740495418,
            30.34335423676112,
            30.981469661447058,
            33.615015425754784,
            15.144803182203304,
            10.875710466717944,
            27.895548766675546,
            34.23923201314236,
            28.628422351694308,
            37.26386495199534,
            16.116682692645036,
            31.70504815347716,
            12.104006367321421,
            12.523916418282981,
            7.620896278578644,
            5.382293394993014,
            26.721943755210454
        ],
        "sinr_ue2": [
            7.088356861950356,
            9.051525055058548,
            19.439034893002052,
            12.65585148850203,
            8.789647226720094,
            8.863791066646396,
            10.286354675740291,
            30.252849814607444,
            24.347005091039126,
            10.863069694354031,
            3.3249076955899772,
            24.198407446810783,
            4.819850150094433,
            21.51707369666742,
            14.752750839064579,
            18.79500391080494,
            31.017991997455084,
            33.2253882438163,
            35.56091629298027,
            14.789713234670245
        ],
        "power_bs1": [
            29.21012923112958,
            28.210129231129585,
            27.210129231129585,
            24.210129231129585,
            25.210129231129585,
            26.210129231129585,
            25.210129231129585,
            26.210129231129585,
            23.210129231129585,
            26.210129231129585,
            25.210129231129585,
            26.210129231129585,
            27.210129231129585,
            24.210129231129585,
            27.210129231129585,
            26.210129231129585,
            23.210129231129585,
            20.210129231129585,
            19.210129231129585,
            18.210129231129585
        ],
        "power_bs2": [
            36.454240510000645,
            37.454240510000645,
            34.454240510000645,
            37.45424051000064,
            34.454240510000645,
            35.454240510000645,
            36.454240510000645,
            37.454240510000645,
            38.454240510000645,
            37.454240510000645,
            34.454240510000645,
            35.454240510000645,
            32.454240510000645,
            33.454240510000645,
            36.454240510000645,
            39.454240510000645,
            40.454240510000645,
            37.45424051000064,
            38.454240510000645,
            35.454240510000645
        ]
    }
}