{
    "episode": 1522,
    "seed": 1522,
    "metrics": {
        "sinr_ue1": [
            26.93147760270844,
            20.08046855927371,
            38.66419595041827,
            20.02232599463932,
            18.269667372707413,
            21.823190296544425,
            34.65810373884694,
            32.550193332757786,
            14.287064469369364,
            21.78246825073776,
            18.96041495539839,
            28.412802061726424,
            12.31358593850465,
            16.06524626461507,
            17.974874164379447,
            18.254615316531662,
            16.22729628964838,
            14.327982737944485,
            24.99884302424634,
            2.4026980011192487
        ],
        "sinr_ue2": [
            10.460413801128286,
            28.301874427053598,
            8.484030254796544,
            24.595234613923033,
            12.595868786190653,
            26.45791295452471,
            10.584976973007961,
            14.359533721107278,
            27.91671353564881,
            18.490921473620453,
            24.331261202472604,
            20.38902484804683,
            36.26699793878962,
            30.81055693836173,
            30.550650917995128,
            12.552670115967675,
            26.788188732642343,
            33.25142225704235,
            34.86184881365025,
            33.14206358625073
        ],
        "power_bs1": [
            40.934086881298704,
            37.934086881298704,
            38.934086881298704,
            37.934086881298704,
            38.934086881298704,
            35.934086881298704,
            38.9340868812987,
            35.934086881298704,
            36.934086881298704,
            37.934086881298704,
            34.9340868812987,
            35.934086881298704,
            34.9340868812987,
            35.934086881298704,
            36.934086881298704,
            39.9340868812987,
            36.934086881298704,
            35.934086881298704,
            32.9340868812987,
            29.9340868812987
        ],
        "power_bs2": [
            38.00400962941308,
            35.004009629413076,
            34.00400962941308,
            35.00400962941308,
            38.00400962941308,
            39.00400962941308,
            36.00400962941308,
            37.00400962941308,
            40.004009629413076,
            43.00400962941309,
            46.00400962941308,
            43.004009629413076,
            40.004009629413076,
            37.00400962941308,
            36.00400962941308,
            39.00400962941308,
            38.00400962941308,
            39.00400962941308,
            42.00400962941308,
            45.004009629413076
        ]
    }
}