{
    "episode": 2869,
    "seed": 2869,
    "metrics": {
        "sinr_ue1": [
            34.357886430731625,
            21.449523280830864,
            25.34020336095756,
            43.77710434400905,
            43.831528749171326,
            20.408676298951303,
            25.22877097858415,
            32.12555536691483,
            21.164148869093506,
            16.872607777925566,
            18.14052693326412,
            5.0420493507060336,
            18.807131359288086,
            20.172783503981577,
            16.021716471882076,
            3.432961062639828,
            27.748674006915607,
            15.329338115705674,
            26.914414145910527,
            16.897356738442085
        ],
        "sinr_ue2": [
            13.625392526706335,
            24.093491923810696,
            24.748512356913803,
            3.387087034352771,
            18.965087526538866,
            12.651474607630025,
            13.32896608111514,
            15.19310859178093,
            32.9487997150052,
            33.299517752661444,
            22.391374326370617,
            44.73388588229908,
            26.231600138885753,
            27.390685373333092,
            28.036319547679053,
            43.02088961452965,
            6.917330681386133,
            30.965948790885136,
            16.64108670979197,
            37.69453235446318
        ],
        "power_bs1": [
            30.557219672845534,
            31.557219672845534,
            32.557219672845534,
            33.557219672845534,
            32.557219672845534,
            31.557219672845534,
            32.557219672845534,
            29.557219672845534,
            26.557219672845534,
            25.557219672845534,
            22.557219672845537,
            19.557219672845534,
            16.557219672845534,
            19.557219672845534,
            22.557219672845534,
            21.557219672845534,
            24.557219672845534,
            27.557219672845537,
            26.557219672845534,
            29.557219672845534
        ],
        "power_bs2": [
            31.565184735820893,
            28.565184735820893,
            25.565184735820893,
            24.565184735820893,
            27.565184735820893,
            30.565184735820893,
            33.56518473582089,
            32.56518473582089,
            35.56518473582089,
            34.56518473582089,
            33.56518473582089,
            34.56518473582089,
            33.56518473582089,
            36.565184735820885,
            39.56518473582089,
            38.56518473582089,
            35.565184735820885,
            32.56518473582089,
            31.56518473582089,
            32.56518473582089
        ]
    }
}