{
    "episode": 1472,
    "seed": 1472,
    "metrics": {
        "sinr_ue1": [
            15.2164395965504,
            23.958516632142018,
            13.314169558984709,
            13.426908035557759,
            28.264267687196757,
            17.218890776381844,
            38.45186055730934,
            38.81254675926935,
            15.364955811223147,
            39.830708069239144,
            19.07414683102984,
            21.222145369467427,
            19.257299429931564,
            31.459869613610245,
            11.43939368100404,
            5.539678379994324,
            9.520655353281208,
            11.534213524117721,
            28.42273059677884,
            9.397075679199729
        ],
        "sinr_ue2": [
            29.64553010013287,
            10.306853187001792,
            33.78771641185817,
            14.372157649963466,
            14.25114445163458,
            30.944264006411508,
            26.2306667617508,
            6.448304544528379,
            29.164672743099356,
            8.426391671738964,
            21.618348304966887,
            6.582050186362491,
            26.88553057223733,
            10.333461923610185,
            27.840714783178644,
            37.69745980237626,
            22.777458996066365,
            32.78393038183572,
            19.786406498010237,
            35.42417123545998
        ],
        "power_bs1": [
            40.514415615036945,
            41.51441561503695,
            40.514415615036945,
            43.51441561503695,
            40.514415615036945,
            41.51441561503695,
            44.51441561503695,
            45.514415615036945,
            42.51441561503695,
            43.51441561503695,
            40.514415615036945,
            43.51441561503695,
            42.51441561503695,
            41.51441561503695,
            38.51441561503695,
            35.514415615036945,
            38.51441561503695,
            39.51441561503695,
            36.514415615036945,
            35.51441561503695
        ],
        "power_bs2": [
            41.1142365971913,
            40.11423659719131,
            43.11423659719131,
            46.1142365971913,
            43.11423659719131,
            40.114236597191294,
            41.1142365971913,
            40.114236597191294,
            43.11423659719131,
            40.114236597191294,
            37.1142365971913,
            38.1142365971913,
            39.1142365971913,
            40.114236597191294,
            43.11423659719131,
            46.1142365971913,
            45.114236597191294,
            44.1142365971913,
            45.114236597191294,
            42.1142365971913
        ]
    }
}