{
    "episode": 2801,
    "seed": 2801,
    "metrics": {
        "sinr_ue1": [
            16.779278955216427,
            24.07532121261209,
            13.768050896575438,
            14.439641533046865,
            25.763996301016583,
            7.148225937291082,
            28.301910326430068,
            23.20237875942107,
            22.12350799631092,
            22.392912026506608,
            24.610736633873984,
            6.488219395248622,
            8.56893968880332,
            10.190519562888397,
            8.595358532004498,
            4.824253588913684,
            26.052043412063014,
            29.588271380291808,
            10.823182653085372,
            32.36722060964717
        ],
        "sinr_ue2": [
            17.049886315525526,
            2.008564400021711,
            13.09704577248149,
            3.770487518726004,
            3.6273816448250407,
            19.666679130020338,
            3.436922615243776,
            12.119303984416055,
            7.597060961996743,
            11.54873792982511,
            11.316315466497961,
            11.511889010393023,
            28.07017449149513,
            24.51052767587172,
            28.890230358490847,
            31.773041414707514,
            7.5581258185014555,
            7.505251463298592,
            7.520051108380915,
            3.6396979390433537
        ],
        "power_bs1": [
            35.73648534905072,
            34.736485349050724,
            31.736485349050717,
            30.736485349050717,
            29.73648534905072,
            26.736485349050717,
            29.736485349050717,
            30.736485349050717,
            31.736485349050717,
            30.736485349050717,
            27.736485349050717,
            30.736485349050717,
            33.73648534905072,
            32.73648534905072,
            33.73648534905072,
            32.73648534905072,
            35.73648534905072,
            36.73648534905072,
            39.73648534905072,
            40.73648534905072
        ],
        "power_bs2": [
            31.361843823660436,
            32.361843823660436,
            29.361843823660436,
            30.361843823660436,
            29.361843823660436,
            32.361843823660436,
            29.361843823660436,
            32.361843823660436,
            35.361843823660436,
            38.361843823660436,
            35.361843823660436,
            38.361843823660436,
            39.361843823660436,
            36.361843823660436,
            39.361843823660436,
            42.361843823660436,
            39.361843823660436,
            40.361843823660436,
            43.361843823660436,
            40.361843823660436
        ]
    }
}