{
    "episode": 2894,
    "seed": 2894,
    "metrics": {
        "sinr_ue1": [
            34.45577738185651,
            33.660251465028416,
            51.14974592440408,
            31.55064252324539,
            46.828497769718986,
            47.856993860347984,
            48.1451297339258,
            46.57325714787342,
            32.16833956847064,
            53.15566552679898,
            50.549387087587945,
            42.63893251842121,
            31.432292435365966,
            34.0978086550458,
            43.47644233920451,
            45.02007074669297,
            42.7035984511577,
            27.74339852704958,
            28.34044782741571,
            26.749741732422937
        ],
        "sinr_ue2": [
            23.79638971590531,
            20.02147815319176,
            4.302124190284269,
            22.07509166765427,
            2.934137853922423,
            6.709604021674141,
            4.603628886528903,
            2.4715081082923596,
            13.258586784842104,
            2.5601390087669373,
            2.7142209831280595,
            4.787314003315335,
            18.47379787924296,
            16.626407208296826,
            8.473926425357183,
            8.835903635744822,
            12.500809949929048,
            28.44016887595947,
            29.02325452645032,
            23.457582339757693
        ],
        "power_bs1": [
            43.64961434683661,
            40.64961434683661,
            39.64961434683661,
            38.64961434683661,
            41.64961434683661,
            38.64961434683661,
            37.64961434683661,
            36.64961434683661,
            37.64961434683661,
            36.64961434683661,
            37.64961434683661,
            38.64961434683661,
            35.64961434683661,
            38.64961434683661,
            35.64961434683661,
            38.64961434683661,
            35.64961434683661,
            34.6496143468366,
            37.64961434683661,
            38.64961434683661
        ],
        "power_bs2": [
            32.49867456290294,
            29.49867456290294,
            26.49867456290294,
            29.49867456290294,
            28.49867456290294,
            29.49867456290294,
            26.49867456290294,
            23.49867456290294,
            26.49867456290294,
            23.49867456290294,
            24.498674562902938,
            27.49867456290294,
            24.498674562902938,
            25.498674562902938,
            28.49867456290294,
            31.49867456290294,
            32.49867456290294,
            29.498674562902938,
            32.49867456290294,
            35.49867456290294
        ]
    }
}