{
    "episode": 2012,
    "seed": 2012,
    "metrics": {
        "sinr_ue1": [
            16.839568277143183,
            13.339611091847527,
            13.431504337753735,
            11.472966415096437,
            13.394730667983112,
            15.34877783015126,
            26.83932439840532,
            11.438965423844564,
            31.42950460146372,
            13.304752412971654,
            28.10241723143276,
            13.30136267170434,
            21.53161941726197,
            13.362891813281523,
            9.478423720993444,
            13.371724894156177,
            20.298648231218394,
            28.938590399638574,
            28.52735868499746,
            13.33983986950498
        ],
        "sinr_ue2": [
            25.91471798341213,
            26.547032247757226,
            23.49464816005106,
            28.419673376279864,
            28.975786083110137,
            22.07791942182421,
            17.97474338820437,
            28.14573272639447,
            11.65809665879566,
            26.094752658631858,
            7.72236264442286,
            25.327189529456735,
            18.089148031855572,
            25.88336718030451,
            28.224333219170976,
            20.391850477495595,
            24.690334424874983,
            18.64105224952385,
            4.056368771813478,
            25.46620018656657
        ],
        "power_bs1": [
            37.51325962914384,
            40.51325962914384,
            41.51325962914384,
            40.51325962914384,
            39.51325962914384,
            38.51325962914384,
            35.51325962914384,
            36.51325962914384,
            33.51325962914384,
            36.51325962914384,
            33.51325962914384,
            34.51325962914383,
            35.51325962914384,
            34.51325962914383,
            33.51325962914384,
            36.51325962914384,
            35.51325962914384,
            36.51325962914384,
            39.51325962914383,
            36.51325962914384
        ],
        "power_bs2": [
            43.01625944180075,
            40.01625944180074,
            41.01625944180075,
            42.01625944180074,
            39.01625944180075,
            36.01625944180075,
            35.01625944180075,
            38.01625944180075,
            37.01625944180075,
            36.01625944180075,
            33.01625944180075,
            34.01625944180075,
            33.01625944180075,
            34.01625944180075,
            37.01625944180075,
            36.01625944180075,
            37.01625944180075,
            36.01625944180075,
            35.01625944180075,
            36.01625944180075
        ]
    }
}