{
    "episode": 3096,
    "seed": 3096,
    "metrics": {
        "sinr_ue1": [
            3.744967567282398,
            5.819231534934364,
            27.53022666171173,
            25.420559238007407,
            9.71771267834407,
            9.83396996561784,
            15.965901899830055,
            28.471105170681767,
            11.733707291686184,
            11.673475643180177,
            23.88917329077878,
            7.760138372339678,
            7.650944199761116,
            11.72306877770155,
            13.716736018719553,
            19.691976818173217,
            11.670404900260854,
            9.728154797253186,
            5.72129133862207,
            22.180485532947696
        ],
        "sinr_ue2": [
            25.829232541970775,
            31.288635962824447,
            15.023231501651058,
            24.773578040614993,
            27.728103390447583,
            15.886191687957087,
            30.19604815169013,
            11.06161694734432,
            24.770872412259365,
            11.064183498025022,
            11.10623294803463,
            20.631087147556322,
            32.78615367773909,
            30.407455095023764,
            26.76170284451414,
            14.858632678752572,
            23.98114499892656,
            27.993393573115405,
            35.60856463139978,
            25.434647334000964
        ],
        "power_bs1": [
            37.47953273028125,
            38.47953273028126,
            41.47953273028126,
            42.47953273028125,
            43.47953273028126,
            46.47953273028126,
            45.47953273028125,
            46.47953273028126,
            43.47953273028126,
            46.47953273028126,
            45.47953273028125,
            42.47953273028125,
            41.47953273028126,
            42.47953273028125,
            43.47953273028126,
            40.47953273028125,
            41.47953273028126,
            38.47953273028126,
            37.47953273028125,
            40.47953273028125
        ],
        "power_bs2": [
            42.33032732092535,
            41.33032732092534,
            42.33032732092535,
            43.33032732092534,
            42.33032732092535,
            45.33032732092535,
            46.33032732092534,
            43.33032732092534,
            40.33032732092535,
            43.33032732092534,
            42.33032732092535,
            43.33032732092534,
            42.33032732092535,
            39.33032732092534,
            38.33032732092534,
            41.33032732092534,
            38.33032732092534,
            37.33032732092534,
            40.33032732092535,
            37.33032732092534
        ]
    }
}