{
    "episode": 236,
    "seed": 236,
    "metrics": {
        "sinr_ue1": [
            13.470636626251348,
            7.90784440547961,
            25.60897694674152,
            7.737868911349404,
            13.86454802167518,
            32.71898268208556,
            29.132690052742834,
            31.130092716699448,
            18.01670632763119,
            33.16815629293333,
            33.01675478333359,
            33.462833166412985,
            31.632271927761,
            20.189545495182458,
            20.137807606008245,
            18.319524977732424,
            32.20865654420163,
            10.610604546092791,
            32.74658551439077,
            20.62217692879061
        ],
        "sinr_ue2": [
            32.06186041673898,
            24.20082506143569,
            13.331067663081345,
            27.537754361833954,
            28.63216579833619,
            9.378050467081126,
            16.685666058253922,
            7.017752926442574,
            20.964061506065637,
            7.258034426389699,
            12.945412512356826,
            9.33605839462528,
            5.5518710993717875,
            14.646231113890984,
            21.72071450166992,
            26.68667071135338,
            26.871477627725312,
            26.322217944987543,
            13.357656224765638,
            15.260050153011804
        ],
        "power_bs1": [
            37.63616054638862,
            38.636160546388616,
            41.636160546388616,
            38.636160546388616,
            41.636160546388616,
            40.63616054638862,
            41.636160546388616,
            38.636160546388616,
            39.636160546388616,
            38.636160546388616,
            35.63616054638862,
            38.636160546388616,
            41.636160546388616,
            40.63616054638862,
            41.636160546388616,
            40.63616054638862,
            37.636160546388616,
            36.636160546388616,
            39.636160546388616,
            38.636160546388616
        ],
        "power_bs2": [
            42.86049268765538,
            39.86049268765538,
            38.86049268765538,
            39.86049268765538,
            36.86049268765537,
            33.86049268765538,
            30.860492687655373,
            27.860492687655377,
            30.860492687655373,
            29.860492687655373,
            32.86049268765537,
            31.860492687655373,
            30.860492687655373,
            29.860492687655373,
            30.860492687655373,
            31.860492687655373,
            32.86049268765537,
            35.86049268765537,
            36.86049268765537,
            37.86049268765537
        ]
    }
}