{
    "episode": 1333,
    "seed": 1333,
    "metrics": {
        "sinr_ue1": [
            19.531862177054787,
            29.976034498592256,
            32.36100744152615,
            18.473828959094554,
            20.08632393810695,
            18.507212885157365,
            22.11370993382166,
            16.47891261526766,
            20.211496426219536,
            37.33468080298717,
            21.73057870004234,
            14.112696289732039,
            16.212152179710497,
            33.37172010337101,
            21.833622144621003,
            20.285672256494117,
            18.17612793769714,
            37.140645242681984,
            24.695773729184907,
            23.665277809438848
        ],
        "sinr_ue2": [
            28.509155251439502,
            12.464367913393136,
            12.633108415504228,
            12.179173208279446,
            26.72789276843791,
            10.725861656040376,
            21.53281810636775,
            28.037960440205648,
            25.28711120414635,
            6.833564866633778,
            26.689969914137727,
            31.59330722756291,
            29.85828378918879,
            13.075194333349831,
            20.81886522698623,
            22.232313252302298,
            20.99761590437666,
            15.933960723611689,
            19.02407945969927,
            19.007795536699334
        ],
        "power_bs1": [
            34.059814312602434,
            37.059814312602434,
            38.059814312602434,
            41.059814312602434,
            40.05981431260244,
            39.059814312602434,
            42.05981431260244,
            39.059814312602434,
            40.05981431260244,
            39.059814312602434,
            36.059814312602434,
            33.059814312602434,
            36.059814312602434,
            37.059814312602434,
            40.05981431260244,
            41.059814312602434,
            38.059814312602434,
            41.059814312602434,
            40.05981431260244,
            41.059814312602434
        ],
        "power_bs2": [
            39.437571656360326,
            36.437571656360326,
            37.437571656360326,
            36.437571656360326,
            33.437571656360326,
            36.437571656360326,
            33.437571656360326,
            36.437571656360326,
            33.437571656360326,
            32.437571656360326,
            31.437571656360323,
            32.437571656360326,
            33.437571656360326,
            32.437571656360326,
            31.437571656360323,
            34.437571656360326,
            33.437571656360326,
            30.437571656360323,
            27.437571656360326,
            30.437571656360323
        ]
    }
}