{
    "episode": 1615,
    "seed": 1615,
    "metrics": {
        "sinr_ue1": [
            34.67999312942352,
            19.443937164238115,
            17.51071390345028,
            17.391402805857883,
            10.515099710584188,
            32.19807383907674,
            32.56692219082309,
            21.168161965308915,
            36.85545015928068,
            41.19063026722776,
            22.959363493047693,
            19.50841576424217,
            34.727710319322505,
            29.99128394390044,
            32.3990031015892,
            44.02952212522866,
            25.590541745520177,
            26.053808455860885,
            22.393149100612916,
            38.25496109800223
        ],
        "sinr_ue2": [
            11.438200525950071,
            27.51963627828699,
            31.858833085207042,
            28.61607855715625,
            25.55577411166113,
            13.268707261719687,
            15.147973570953301,
            27.15417720006794,
            9.6100506995366,
            7.587341059969365,
            25.33722095292068,
            28.374377342338832,
            13.537131331017703,
            7.729277658571878,
            1.8281331333403048,
            3.8352132601539775,
            7.913741373777946,
            17.916446541588584,
            24.391739958356936,
            9.092316361153138
        ],
        "power_bs1": [
            38.77772649617359,
            39.77772649617359,
            38.77772649617359,
            37.77772649617359,
            40.77772649617359,
            37.77772649617359,
            36.77772649617359,
            39.77772649617359,
            40.77772649617359,
            39.77772649617359,
            40.77772649617359,
            39.77772649617359,
            38.77772649617359,
            41.77772649617359,
            44.777726496173585,
            43.77772649617359,
            40.77772649617359,
            41.77772649617359,
            38.77772649617359,
            35.77772649617359
        ],
        "power_bs2": [
            35.02234427718168,
            36.02234427718168,
            37.02234427718168,
            36.02234427718169,
            37.02234427718168,
            36.02234427718169,
            37.02234427718168,
            34.02234427718169,
            35.02234427718169,
            32.02234427718168,
            33.02234427718168,
            36.02234427718169,
            37.02234427718168,
            34.02234427718169,
            31.022344277181688,
            32.02234427718168,
            29.022344277181684,
            30.022344277181684,
            31.022344277181688,
            30.022344277181684
        ]
    }
}