{
    "episode": 4252,
    "seed": 4252,
    "metrics": {
        "sinr_ue1": [
            3.9615021686579177,
            22.324397934421278,
            20.59487061540235,
            5.098021911501121,
            12.698830675060329,
            20.60801925934834,
            3.2994083450580316,
            5.4887405301382675,
            20.99114764525754,
            23.777412597104586,
            12.085275569790898,
            11.067186508108438,
            10.117328095046139,
            30.259710890293853,
            28.772757204026934,
            27.89631927871975,
            32.45194462736131,
            7.098494226568421,
            12.622602164046718,
            21.454595516484623
        ],
        "sinr_ue2": [
            39.429435115497235,
            27.294246909655726,
            27.056822671744413,
            28.74668868990429,
            28.733723856693857,
            26.637774305660777,
            27.24985220094141,
            43.74548396441824,
            21.489784020968447,
            36.74915175257895,
            35.0750316337256,
            27.536190925489066,
            30.521568364710284,
            21.022628467053845,
            17.14784151088598,
            17.263914998717176,
            17.297809652697758,
            48.31371474656716,
            27.262713699028744,
            27.241881213688686
        ],
        "power_bs1": [
            34.46486679110082,
            31.464866791100825,
            28.464866791100825,
            25.46486679110082,
            26.464866791100825,
            25.46486679110082,
            28.46486679110082,
            31.464866791100825,
            32.464866791100825,
            33.464866791100825,
            34.46486679110082,
            35.464866791100825,
            32.464866791100825,
            29.46486679110082,
            30.46486679110082,
            33.464866791100825,
            34.46486679110082,
            31.464866791100825,
            30.46486679110082,
            31.464866791100825
        ],
        "power_bs2": [
            41.85309543171429,
            38.853095431714294,
            35.853095431714294,
            34.853095431714294,
            35.853095431714294,
            32.853095431714294,
            35.853095431714294,
            36.853095431714294,
            33.853095431714294,
            34.853095431714294,
            31.853095431714294,
            34.853095431714294,
            31.853095431714294,
            30.853095431714294,
            27.85309543171429,
            30.853095431714294,
            31.853095431714294,
            34.853095431714294,
            37.85309543171429,
            38.853095431714294
        ]
    }
}