{
    "episode": 2223,
    "seed": 2223,
    "metrics": {
        "sinr_ue1": [
            22.756980595035017,
            21.19987533321715,
            13.346618402102104,
            33.79268921311131,
            12.106935013319333,
            15.612945671656684,
            11.799102185031414,
            9.57527515984016,
            29.144260985676937,
            15.08955244297331,
            16.79570497521551,
            15.416985052950603,
            16.720687617462673,
            19.10132076153713,
            27.709589324258918,
            35.121237571674165,
            15.792800371951303,
            29.890651288272174,
            31.25682656227164,
            27.462831438576842
        ],
        "sinr_ue2": [
            15.634509090169956,
            15.292823078927658,
            27.267516119856474,
            8.606395526987667,
            22.112509944144783,
            25.47906188373531,
            30.704926866901094,
            31.337419373828617,
            10.013392177412822,
            25.447202989796214,
            20.014812699164235,
            19.851154386017203,
            26.84719830463324,
            25.582588405862023,
            8.356605430178965,
            4.6476946837875825,
            23.926406463379166,
            8.193317962602915,
            8.38785633325307,
            16.24673308102079
        ],
        "power_bs1": [
            31.95019535473358,
            30.950195354733584,
            33.95019535473358,
            36.95019535473358,
            35.95019535473358,
            36.95019535473358,
            33.95019535473358,
            30.95019535473358,
            33.95019535473358,
            34.95019535473358,
            35.95019535473358,
            32.95019535473358,
            35.95019535473358,
            38.95019535473358,
            35.95019535473358,
            38.95019535473358,
            37.95019535473358,
            34.95019535473358,
            35.95019535473358,
            34.95019535473358
        ],
        "power_bs2": [
            37.352739038983934,
            36.352739038983934,
            33.35273903898393,
            34.35273903898393,
            37.352739038983934,
            34.35273903898393,
            35.352739038983934,
            34.35273903898393,
            33.35273903898393,
            32.35273903898393,
            31.352739038983934,
            28.35273903898393,
            31.352739038983934,
            32.352739038983934,
            33.35273903898393,
            32.352739038983934,
            35.352739038983934,
            32.35273903898393,
            33.35273903898393,
            30.35273903898393
        ]
    }
}