{
    "episode": 1171,
    "seed": 1171,
    "metrics": {
        "sinr_ue1": [
            20.45385418599939,
            24.128850197971104,
            13.055664716390964,
            21.866745871280674,
            16.052345856654473,
            25.536678716992853,
            7.489760066358633,
            7.11829389014135,
            23.31049230123737,
            20.019591081913912,
            13.259396486554682,
            18.123606303024122,
            5.238116472120957,
            18.13165064835376,
            3.2126610733359735,
            8.67805084084949,
            10.847517143059164,
            11.222521404065704,
            35.86515179136758,
            27.787459823821816
        ],
        "sinr_ue2": [
            15.655889772348681,
            24.02564804660159,
            28.242101242316913,
            19.827976303794124,
            19.101727843262857,
            13.9132252585514,
            31.621413873178824,
            34.40369251898452,
            16.198806227218558,
            15.921617028874312,
            32.3389196849358,
            19.93169301329757,
            30.070561501607195,
            17.511448510650695,
            34.25583497680039,
            20.78887308745308,
            28.262495902141964,
            13.985544140902801,
            8.418210093660381,
            26.708377790021597
        ],
        "power_bs1": [
            34.16437877917528,
            33.16437877917528,
            32.16437877917528,
            29.164378779175276,
            32.16437877917528,
            35.16437877917528,
            32.16437877917527,
            29.164378779175276,
            26.164378779175273,
            29.164378779175276,
            28.164378779175276,
            29.164378779175276,
            28.164378779175276,
            25.16437877917528,
            26.164378779175273,
            29.164378779175276,
            32.16437877917527,
            35.16437877917527,
            38.16437877917528,
            35.16437877917527
        ],
        "power_bs2": [
            39.617186088284164,
            38.617186088284164,
            41.617186088284164,
            40.61718608828416,
            41.617186088284164,
            38.617186088284164,
            39.617186088284164,
            36.617186088284164,
            35.61718608828416,
            36.617186088284164,
            37.617186088284164,
            40.61718608828416,
            37.617186088284164,
            36.617186088284164,
            37.617186088284164,
            34.617186088284164,
            35.61718608828416,
            38.617186088284164,
            35.61718608828416,
            36.617186088284164
        ]
    }
}