{
    "episode": 1923,
    "seed": 1923,
    "metrics": {
        "sinr_ue1": [
            21.957584704843534,
            40.615918455821344,
            20.097780368543848,
            24.287777669868742,
            42.15393625368939,
            42.849080500762895,
            26.36276606532507,
            36.81399794460751,
            20.595294191040615,
            16.533205160524982,
            18.55351313509414,
            22.13121328399278,
            35.96836008212851,
            18.321165306848034,
            20.186366527268813,
            31.387664317586733,
            22.39291064001813,
            22.120910330448183,
            16.067910037335928,
            14.186999740863556
        ],
        "sinr_ue2": [
            33.68273912225634,
            16.80828016360802,
            27.67095430894571,
            28.924895934350698,
            12.774757384308257,
            25.081345111827392,
            29.192588476489142,
            14.712811550445156,
            35.92377812125506,
            35.12272852277557,
            34.08127110183894,
            27.77742268171935,
            18.55324420665269,
            18.678210443226853,
            31.65985149652733,
            18.761342409162005,
            27.48247722810602,
            31.77315482774644,
            33.24473883037341,
            40.794206670903826
        ],
        "power_bs1": [
            38.83657816648482,
            35.83657816648482,
            34.83657816648482,
            37.83657816648482,
            34.83657816648482,
            37.83657816648482,
            36.83657816648482,
            33.83657816648481,
            30.83657816648482,
            29.836578166484816,
            30.83657816648482,
            31.83657816648482,
            32.83657816648482,
            35.83657816648482,
            38.83657816648481,
            37.83657816648482,
            38.83657816648481,
            35.83657816648482,
            32.83657816648481,
            33.83657816648481
        ],
        "power_bs2": [
            37.49396108037958,
            36.49396108037958,
            35.49396108037958,
            34.49396108037958,
            31.493961080379577,
            34.49396108037958,
            31.493961080379577,
            32.49396108037958,
            31.493961080379577,
            34.49396108037958,
            33.49396108037958,
            36.49396108037958,
            35.49396108037958,
            38.49396108037957,
            39.49396108037958,
            40.49396108037957,
            37.49396108037958,
            34.49396108037958,
            37.49396108037957,
            40.49396108037957
        ]
    }
}