{
    "episode": 2000,
    "seed": 2000,
    "metrics": {
        "sinr_ue1": [
            20.43711297019128,
            21.935659285138737,
            19.935019452313952,
            32.34086066427729,
            12.50318098762837,
            20.05346200577074,
            2.9885929238219298,
            30.052598871522292,
            29.639139199189156,
            11.920147319987745,
            31.173953094434076,
            12.674404961736343,
            12.95268118562422,
            13.092230822689768,
            30.407807419854834,
            34.10873173197474,
            9.08862104873881,
            20.036242253678406,
            18.87476063694892,
            11.00758311018
        ],
        "sinr_ue2": [
            20.30322823461192,
            16.419203071097886,
            12.677847647808367,
            8.721024678089075,
            26.203050775275436,
            16.339423555628912,
            34.38657603550246,
            10.466296823694757,
            23.331332188407842,
            22.037777754136975,
            4.547804918134854,
            25.99883946381206,
            6.8059941617652475,
            6.83094659288101,
            6.801364629266509,
            4.8244184418897165,
            24.733694856116983,
            12.610836988344104,
            18.477797331301172,
            18.72652583992207
        ],
        "power_bs1": [
            32.84890503631276,
            33.84890503631276,
            36.84890503631276,
            39.84890503631276,
            36.84890503631276,
            33.84890503631275,
            32.84890503631275,
            35.84890503631276,
            36.84890503631276,
            33.84890503631275,
            36.84890503631276,
            37.84890503631275,
            40.84890503631275,
            43.84890503631276,
            42.84890503631275,
            41.84890503631276,
            38.84890503631275,
            37.84890503631275,
            34.84890503631276,
            37.84890503631275
        ],
        "power_bs2": [
            39.32069585368541,
            36.320695853685415,
            35.32069585368541,
            34.32069585368541,
            37.32069585368541,
            36.32069585368541,
            35.32069585368541,
            32.32069585368541,
            29.32069585368541,
            26.320695853685407,
            27.320695853685407,
            30.320695853685407,
            33.32069585368541,
            36.32069585368541,
            35.32069585368541,
            32.32069585368541,
            35.32069585368541,
            36.32069585368541,
            39.32069585368541,
            42.32069585368541
        ]
    }
}