{
    "episode": 3249,
    "seed": 3249,
    "metrics": {
        "sinr_ue1": [
            27.32841128511934,
            21.952459524879128,
            11.488299168101284,
            35.085897901068634,
            15.098525391170316,
            13.422819262872414,
            19.57406705969468,
            5.658073373380303,
            24.585068734671303,
            3.7416506398180616,
            3.775103284337815,
            24.294079173039766,
            21.601733121486433,
            24.883917940546233,
            13.282317219640927,
            15.21506906803478,
            23.945573711960133,
            11.49099048062042,
            21.425938953301582,
            7.543328249326922
        ],
        "sinr_ue2": [
            17.050111814941822,
            23.736323943619627,
            30.198214354171892,
            9.802897767002726,
            22.707227889321825,
            21.078228294953195,
            15.50373199615452,
            28.71481784058089,
            16.68258731545133,
            34.39428288536007,
            35.5166124960263,
            18.939621105939384,
            17.148952608270893,
            13.361974749771546,
            26.292370218301922,
            22.569714273695027,
            27.428101541376865,
            32.460123668348004,
            31.875750661858653,
            30.336790761940335
        ],
        "power_bs1": [
            35.812181529941995,
            36.812181529941995,
            37.812181529941995,
            40.812181529941995,
            37.812181529941995,
            38.812181529941995,
            37.812181529941995,
            34.812181529941995,
            33.812181529941995,
            32.812181529941995,
            35.812181529941995,
            34.812181529941995,
            35.812181529941995,
            36.812181529941995,
            37.812181529941995,
            38.812181529941995,
            37.812181529941995,
            38.812181529941995,
            35.812181529941995,
            36.812181529941995
        ],
        "power_bs2": [
            41.10253428915884,
            42.10253428915884,
            39.10253428915884,
            38.10253428915885,
            35.10253428915884,
            38.10253428915884,
            41.10253428915884,
            42.10253428915884,
            39.10253428915884,
            42.10253428915884,
            45.10253428915884,
            42.10253428915884,
            41.10253428915884,
            38.10253428915884,
            37.10253428915884,
            36.10253428915884,
            37.10253428915884,
            40.10253428915884,
            43.10253428915884,
            42.10253428915884
        ]
    }
}