{
    "episode": 924,
    "seed": 924,
    "metrics": {
        "sinr_ue1": [
            31.08741422443594,
            33.503802474695036,
            21.30081952993626,
            23.195643274429855,
            35.63269258602648,
            34.27502338245635,
            29.698407334140448,
            42.5693378956463,
            37.13178922984606,
            37.863997965652956,
            19.728260840050137,
            33.30151741255766,
            43.56591413204587,
            27.182382323173734,
            27.47208050019177,
            27.44712212455196,
            42.870668014836696,
            21.574451137954938,
            21.285794154114868,
            33.76603083889081
        ],
        "sinr_ue2": [
            29.127554354269172,
            14.50179038919578,
            26.244347469313517,
            26.968230552758683,
            8.441229845573776,
            19.145073802341102,
            29.609613121722177,
            6.611817351616079,
            6.509972818212637,
            12.56371677437659,
            31.845019086630373,
            25.2588772503773,
            8.530065095459864,
            23.09472560227175,
            6.808620795958909,
            22.09078924275227,
            6.798747421120497,
            33.88945077192459,
            30.6062150465519,
            24.673396089177967
        ],
        "power_bs1": [
            35.84922113391756,
            34.84922113391756,
            37.84922113391756,
            38.84922113391756,
            39.84922113391756,
            40.84922113391756,
            37.84922113391756,
            40.84922113391756,
            43.84922113391756,
            40.84922113391756,
            39.84922113391756,
            38.84922113391756,
            41.84922113391756,
            42.84922113391757,
            45.84922113391756,
            44.84922113391755,
            43.84922113391756,
            40.84922113391756,
            37.84922113391756,
            40.84922113391756
        ],
        "power_bs2": [
            28.738654116113025,
            29.738654116113032,
            30.73865411611303,
            29.738654116113032,
            28.738654116113032,
            31.73865411611303,
            30.73865411611303,
            27.738654116113032,
            30.73865411611303,
            33.738654116113025,
            34.738654116113025,
            33.73865411611303,
            30.73865411611303,
            29.738654116113032,
            32.73865411611303,
            31.73865411611303,
            30.73865411611303,
            33.738654116113025,
            30.73865411611303,
            29.73865411611303
        ]
    }
}