{
    "episode": 4053,
    "seed": 4053,
    "metrics": {
        "sinr_ue1": [
            14.009495306136479,
            10.121074179760448,
            28.757666214988916,
            16.05715467529504,
            16.046758621178498,
            37.57859081450819,
            31.870702548908532,
            27.187844413131042,
            17.98356140953825,
            28.175316293252482,
            12.150355941828533,
            16.142932545841575,
            14.151253478329362,
            16.17971445612584,
            40.6686777385392,
            35.9795853589959,
            27.596137536527078,
            12.266632570315984,
            21.517358406183934,
            29.785874065894614
        ],
        "sinr_ue2": [
            27.513234691788668,
            27.777359127454034,
            30.305320058666332,
            20.977641059514514,
            23.63897998905987,
            5.571722821181213,
            27.583346840689522,
            13.446614972089472,
            15.40500785578568,
            11.39864366600568,
            28.331967969203582,
            8.510155803120664,
            28.12774516033471,
            14.236940027655242,
            11.003056442619423,
            5.166081163558575,
            9.0686949965922,
            11.125345705696573,
            14.986685977827563,
            11.15209214043217
        ],
        "power_bs1": [
            34.9781091212282,
            31.978109121228204,
            34.9781091212282,
            37.9781091212282,
            38.9781091212282,
            41.9781091212282,
            38.9781091212282,
            35.9781091212282,
            34.9781091212282,
            35.9781091212282,
            32.9781091212282,
            35.9781091212282,
            32.9781091212282,
            35.9781091212282,
            38.9781091212282,
            35.9781091212282,
            32.9781091212282,
            33.9781091212282,
            30.9781091212282,
            33.9781091212282
        ],
        "power_bs2": [
            40.24863490321678,
            41.24863490321678,
            42.24863490321678,
            41.24863490321678,
            42.24863490321678,
            43.24863490321678,
            44.24863490321678,
            45.24863490321678,
            46.24863490321679,
            43.24863490321678,
            40.24863490321678,
            39.24863490321678,
            38.24863490321678,
            39.24863490321678,
            38.24863490321678,
            37.24863490321678,
            38.24863490321678,
            41.24863490321678,
            42.24863490321678,
            41.24863490321678
        ]
    }
}