{
    "episode": 3047,
    "seed": 3047,
    "metrics": {
        "sinr_ue1": [
            27.549521264546595,
            31.395239671190733,
            16.60662481143765,
            32.218182210597135,
            14.630848733484004,
            31.25470591956582,
            10.543748860536473,
            24.31189607654631,
            23.725852782588394,
            23.669816898802605,
            24.427411261769816,
            31.47274105739975,
            29.990311184340985,
            30.46704429351375,
            10.648963074472968,
            12.741906736779606,
            23.391236861548812,
            25.956081026938822,
            10.810123146711133,
            8.930611501003028
        ],
        "sinr_ue2": [
            13.1546624790358,
            9.04460085964785,
            25.709813363120073,
            8.84487017885528,
            30.57314265140985,
            16.90418706553857,
            31.369238430122778,
            16.950034331656816,
            22.886754687021114,
            23.013892227023447,
            21.107176745078846,
            17.24801494036107,
            17.29298940881292,
            17.383317534761755,
            36.867790666927256,
            33.146960247629565,
            21.17790442196798,
            19.37047357535,
            38.944171838986705,
            36.0574769314892
        ],
        "power_bs1": [
            43.23467260157318,
            44.23467260157317,
            43.23467260157318,
            42.23467260157317,
            41.23467260157318,
            38.23467260157318,
            37.23467260157318,
            38.23467260157318,
            35.23467260157317,
            36.23467260157318,
            37.23467260157318,
            40.23467260157318,
            37.23467260157318,
            36.23467260157318,
            39.23467260157317,
            38.23467260157318,
            35.23467260157317,
            38.23467260157317,
            41.23467260157318,
            40.23467260157318
        ],
        "power_bs2": [
            41.16262544230569,
            38.16262544230569,
            39.16262544230569,
            36.16262544230569,
            39.16262544230569,
            40.16262544230568,
            39.16262544230569,
            40.16262544230568,
            43.16262544230568,
            44.16262544230569,
            43.16262544230568,
            42.16262544230568,
            39.16262544230569,
            38.16262544230569,
            41.16262544230569,
            38.16262544230569,
            41.16262544230569,
            42.16262544230568,
            43.16262544230568,
            44.16262544230569
        ]
    }
}