{
    "episode": 3459,
    "seed": 3459,
    "metrics": {
        "sinr_ue1": [
            16.65040359639989,
            22.704720949861002,
            22.625789894942475,
            35.13877810428062,
            38.46555184892145,
            43.54633792628061,
            24.752616080450526,
            24.912059472861262,
            42.12876172326286,
            19.072950798458496,
            41.04871047588582,
            35.795242619652335,
            35.678906738654426,
            28.833648073372945,
            34.14522017366867,
            31.01516184387584,
            39.09782541869031,
            18.9884464200149,
            13.030456083844237,
            15.050811124490624
        ],
        "sinr_ue2": [
            26.419531874764456,
            19.60533027884257,
            21.079604803100686,
            5.231692615204661,
            1.3325402713248347,
            1.2772120248226935,
            17.106012680219138,
            19.265055026849996,
            5.2515648812186,
            24.44168687950034,
            20.65102540593442,
            0.6424800091056759,
            11.057781637527317,
            23.512486452618315,
            10.823309702569158,
            8.892313760195968,
            3.6665483638150698,
            25.966516127867703,
            36.168330307683846,
            25.258064776120325
        ],
        "power_bs1": [
            39.06080245225426,
            42.06080245225426,
            43.06080245225425,
            42.06080245225426,
            45.06080245225426,
            44.06080245225425,
            43.06080245225425,
            44.06080245225425,
            43.06080245225425,
            40.06080245225426,
            41.06080245225425,
            38.06080245225425,
            39.06080245225426,
            38.06080245225425,
            37.06080245225425,
            38.06080245225425,
            41.06080245225425,
            40.06080245225426,
            37.06080245225425,
            38.06080245225425
        ],
        "power_bs2": [
            39.06343068592016,
            36.06343068592015,
            37.06343068592015,
            36.06343068592015,
            35.06343068592016,
            34.06343068592016,
            35.06343068592016,
            36.06343068592015,
            37.06343068592015,
            38.06343068592015,
            37.06343068592015,
            38.06343068592015,
            39.06343068592016,
            38.06343068592015,
            37.06343068592016,
            36.06343068592016,
            35.06343068592016,
            38.06343068592015,
            41.06343068592015,
            40.06343068592016
        ]
    }
}