{
    "episode": 3431,
    "seed": 3431,
    "metrics": {
        "sinr_ue1": [
            25.802366773955036,
            34.084137814096806,
            9.43601090694218,
            11.368738206033608,
            5.472914396945098,
            3.4510623987246265,
            7.451315772268164,
            18.801899728326102,
            9.330020163258009,
            9.390712078753468,
            20.758455290983008,
            9.373343062369011,
            23.46698216612126,
            9.43264474684129,
            25.479951793905343,
            7.324007240494841,
            9.20082381274572,
            29.501391611847527,
            25.702012883791113,
            11.308294941913331
        ],
        "sinr_ue2": [
            12.044875928240266,
            10.086431805783258,
            30.177147614682013,
            33.64704333786135,
            34.528683879117594,
            38.91155338764147,
            30.441567278704532,
            18.039880147358566,
            24.234939984910575,
            31.97067981886958,
            19.251863970536405,
            28.584106033717987,
            14.125219788224374,
            14.15701741505638,
            33.632166506548124,
            36.38693087437236,
            25.765220091938787,
            11.916655170171369,
            12.020279855672552,
            29.97887617095455
        ],
        "power_bs1": [
            42.145866943137975,
            45.145866943137975,
            42.145866943137975,
            43.14586694313797,
            40.145866943137975,
            41.145866943137975,
            44.145866943137975,
            41.145866943137975,
            44.145866943137975,
            45.145866943137975,
            46.145866943137975,
            43.14586694313797,
            42.145866943137975,
            45.145866943137975,
            42.145866943137975,
            41.14586694313797,
            40.145866943137975,
            39.14586694313797,
            42.145866943137975,
            45.145866943137975
        ],
        "power_bs2": [
            38.30247145471412,
            39.302471454714116,
            40.30247145471412,
            39.302471454714116,
            42.30247145471412,
            45.30247145471412,
            44.30247145471412,
            43.302471454714116,
            42.30247145471412,
            43.302471454714116,
            40.30247145471412,
            41.302471454714116,
            40.30247145471412,
            43.302471454714116,
            42.30247145471412,
            41.302471454714116,
            38.302471454714116,
            35.30247145471412,
            38.302471454714116,
            41.302471454714116
        ]
    }
}