{
    "episode": 3857,
    "seed": 3857,
    "metrics": {
        "sinr_ue1": [
            26.7240362156071,
            24.363716979736022,
            13.983623009401022,
            8.021346083317804,
            10.047916857524912,
            28.422708599432724,
            14.098008142089856,
            14.180627375103715,
            20.985972150359306,
            12.332254622904346,
            14.275918046319443,
            27.874147291286555,
            27.996007486442494,
            32.66228020207828,
            12.24135546026674,
            21.383579050508885,
            18.1089371824305,
            39.83855366323379,
            14.0760482737048,
            10.039980599012148
        ],
        "sinr_ue2": [
            11.42912010183871,
            16.293628768651608,
            16.5051835897375,
            31.71210338597442,
            33.75131054445059,
            10.33983886747588,
            10.7957363694006,
            18.352776747024397,
            23.22144867288352,
            29.78782317248859,
            26.793638504439237,
            10.295056435884696,
            13.543263639449153,
            8.358088738597512,
            32.00841080502297,
            11.873499710631357,
            23.455421297163006,
            4.37625063774009,
            30.171716180288687,
            34.02504923453975
        ],
        "power_bs1": [
            38.517424047539315,
            35.517424047539315,
            36.517424047539315,
            33.51742404753931,
            32.517424047539315,
            35.517424047539315,
            38.51742404753931,
            39.51742404753931,
            36.517424047539315,
            35.517424047539315,
            34.51742404753931,
            35.517424047539315,
            32.517424047539315,
            35.517424047539315,
            32.51742404753931,
            33.51742404753931,
            36.517424047539315,
            35.517424047539315,
            32.51742404753931,
            29.51742404753931
        ],
        "power_bs2": [
            41.022406054637926,
            42.02240605463793,
            43.02240605463793,
            40.02240605463793,
            37.02240605463793,
            36.022406054637926,
            39.02240605463793,
            40.02240605463793,
            41.022406054637926,
            38.02240605463793,
            35.022406054637926,
            36.022406054637926,
            37.02240605463793,
            34.02240605463793,
            35.02240605463793,
            36.022406054637926,
            33.02240605463793,
            30.022406054637933,
            33.02240605463793,
            34.02240605463793
        ]
    }
}