{
    "episode": 956,
    "seed": 956,
    "metrics": {
        "sinr_ue1": [
            13.084051050716237,
            14.904314458257314,
            16.975355671916155,
            17.111601317858657,
            29.595608766545624,
            31.60709915918812,
            32.17029963388738,
            30.542585131466158,
            32.494246772747076,
            36.277207907412844,
            22.71956900480599,
            22.883211913543555,
            27.28438269593141,
            35.135435040305765,
            17.391667942438858,
            13.497287508263787,
            20.692193718442642,
            9.365775643909714,
            28.27203703241606,
            30.27181649912734
        ],
        "sinr_ue2": [
            31.172464212752224,
            29.32923716176272,
            9.511034941214563,
            21.996773460672667,
            15.270915007353791,
            11.444914511551353,
            13.419722264348708,
            9.474572573673173,
            7.468230681611921,
            1.6170985432741012,
            19.586134706868098,
            25.493543697975714,
            22.90460364295679,
            9.481012652871264,
            23.932928708710715,
            34.114583902869285,
            17.240339051023078,
            33.44369444093572,
            17.40309342083307,
            17.323075519107903
        ],
        "power_bs1": [
            35.87099558919764,
            34.87099558919764,
            37.87099558919764,
            38.87099558919764,
            35.87099558919764,
            38.87099558919764,
            37.87099558919764,
            38.87099558919764,
            37.87099558919764,
            40.87099558919764,
            39.87099558919764,
            40.87099558919764,
            43.87099558919764,
            40.87099558919764,
            41.87099558919763,
            40.87099558919764,
            37.87099558919764,
            36.87099558919764,
            39.87099558919764,
            38.87099558919764
        ],
        "power_bs2": [
            37.96605172285086,
            34.96605172285086,
            35.96605172285086,
            36.96605172285086,
            39.96605172285086,
            38.96605172285086,
            39.96605172285086,
            36.96605172285086,
            33.96605172285086,
            30.966051722850857,
            31.966051722850853,
            32.96605172285085,
            35.96605172285086,
            38.96605172285086,
            39.96605172285086,
            42.96605172285085,
            43.96605172285086,
            42.96605172285085,
            45.96605172285085,
            44.96605172285086
        ]
    }
}