{
    "episode": 412,
    "seed": 412,
    "metrics": {
        "sinr_ue1": [
            21.314846768427635,
            24.676504976568204,
            43.66249935403657,
            26.654237845067293,
            25.345864919504276,
            21.50243305613669,
            23.38989696740359,
            45.23570732056677,
            42.501000520418486,
            46.14935557380677,
            28.8006341041635,
            30.210263497396205,
            41.79906893768375,
            24.27048428013717,
            33.71141744756226,
            18.929795483535944,
            39.43794064992361,
            20.888699311171962,
            40.47138328086259,
            26.23541551533628
        ],
        "sinr_ue2": [
            21.718575939728172,
            24.359012806638496,
            3.1868438399808645,
            3.393499706163766,
            21.710966261615074,
            28.13252520115806,
            25.615076980612773,
            3.389013288814338,
            3.4007303200217995,
            2.5779776767321207,
            15.668863492595708,
            13.255361923456842,
            5.383126544952158,
            22.327865279177182,
            7.009972375323005,
            25.99439535313862,
            8.132950603439804,
            8.815295787811445,
            7.2031976262960615,
            18.461432426361682
        ],
        "power_bs1": [
            39.59665750161174,
            40.59665750161174,
            39.59665750161174,
            42.596657501611745,
            43.59665750161174,
            40.59665750161174,
            41.59665750161174,
            42.596657501611745,
            43.59665750161174,
            42.596657501611745,
            41.59665750161174,
            44.59665750161173,
            41.59665750161174,
            38.59665750161174,
            37.59665750161174,
            34.59665750161174,
            33.59665750161174,
            36.59665750161174,
            39.59665750161173,
            40.59665750161174
        ],
        "power_bs2": [
            34.00516945725148,
            31.005169457251483,
            28.005169457251483,
            31.005169457251483,
            34.00516945725148,
            35.00516945725148,
            34.00516945725148,
            31.005169457251483,
            32.00516945725148,
            29.005169457251483,
            26.005169457251483,
            29.00516945725148,
            32.00516945725148,
            29.00516945725148,
            30.005169457251483,
            31.005169457251483,
            28.00516945725148,
            31.005169457251483,
            32.00516945725148,
            29.00516945725148
        ]
    }
}