{
    "episode": 4309,
    "seed": 4309,
    "metrics": {
        "sinr_ue1": [
            41.34928976946803,
            39.29211473171116,
            47.09161963430872,
            49.93439028560792,
            30.924621957038248,
            50.219705109875775,
            29.243585886536145,
            42.95056846912112,
            41.51491440722821,
            33.48524022722585,
            46.68528215740296,
            44.9974497050432,
            23.554280413128616,
            34.50330203562861,
            24.357413085851036,
            24.405445916767782,
            43.37843858445293,
            46.003706293264834,
            28.314616879601544,
            44.28371745971053
        ],
        "sinr_ue2": [
            21.059521808129432,
            25.90913571167574,
            0.7424634043381706,
            4.6413042840022225,
            21.045143870891287,
            2.8496814765111242,
            15.74977492089273,
            8.257130072760132,
            11.997977559435709,
            24.73469300974845,
            10.021408270997528,
            10.617138127878885,
            33.6400602736049,
            14.847056600604063,
            12.723392249181023,
            30.85774353192326,
            11.975826882612491,
            10.585846418665747,
            8.964544641859675,
            12.90690663629595
        ],
        "power_bs1": [
            37.92430708759769,
            34.92430708759769,
            37.92430708759769,
            36.92430708759769,
            39.92430708759769,
            38.92430708759769,
            35.92430708759769,
            34.92430708759769,
            33.92430708759769,
            30.92430708759769,
            33.92430708759769,
            36.92430708759769,
            37.92430708759769,
            38.92430708759769,
            37.92430708759769,
            34.92430708759769,
            33.92430708759769,
            36.92430708759769,
            39.92430708759769,
            38.92430708759769
        ],
        "power_bs2": [
            31.40489299970416,
            28.40489299970416,
            25.40489299970416,
            28.40489299970416,
            31.40489299970416,
            28.40489299970416,
            29.40489299970416,
            30.40489299970416,
            33.40489299970416,
            32.40489299970416,
            31.40489299970416,
            34.40489299970416,
            37.40489299970416,
            40.40489299970416,
            37.40489299970416,
            36.40489299970416,
            33.40489299970416,
            34.40489299970416,
            35.40489299970416,
            38.40489299970416
        ]
    }
}