{
    "episode": 3386,
    "seed": 3386,
    "metrics": {
        "sinr_ue1": [
            23.525299017751387,
            36.59481367497664,
            42.47197802575211,
            38.91094396109099,
            37.872775886025764,
            29.081699303551023,
            44.78812070284191,
            25.425058515375348,
            25.32827458870617,
            29.190380252390533,
            25.13610383508873,
            22.966072937080767,
            23.031973380359,
            26.82453427664099,
            26.173685226263576,
            38.186907669092435,
            26.376930883393022,
            34.29221167642556,
            37.838938318647095,
            35.63913909502399
        ],
        "sinr_ue2": [
            32.42639007723847,
            18.716599324396142,
            18.552258614000912,
            12.622020851849804,
            8.577786992400913,
            20.355519089143407,
            8.51712576334275,
            28.041471721661523,
            31.719825445023247,
            21.414983973426615,
            31.163221295349338,
            26.770095230977326,
            15.81532146625809,
            18.168582381177057,
            34.872411835469805,
            28.84747051724739,
            25.84286641426617,
            19.348454025683214,
            26.51619813191191,
            26.821096607469595
        ],
        "power_bs1": [
            42.06899607574666,
            39.06899607574666,
            36.068996075746654,
            39.06899607574666,
            40.06899607574666,
            41.068996075746654,
            40.06899607574666,
            39.06899607574666,
            38.068996075746654,
            41.068996075746654,
            38.068996075746654,
            35.068996075746654,
            34.06899607574666,
            31.068996075746654,
            32.068996075746654,
            31.068996075746654,
            32.068996075746654,
            35.068996075746654,
            32.068996075746654,
            31.068996075746654
        ],
        "power_bs2": [
            44.62078003876425,
            45.62078003876426,
            42.62078003876426,
            39.62078003876426,
            36.62078003876425,
            37.62078003876426,
            36.62078003876425,
            39.62078003876426,
            38.62078003876426,
            37.62078003876426,
            38.62078003876426,
            37.62078003876426,
            36.62078003876425,
            37.62078003876426,
            34.62078003876426,
            33.62078003876426,
            30.62078003876426,
            29.62078003876426,
            30.62078003876426,
            27.620780038764256
        ]
    }
}