{
    "episode": 1285,
    "seed": 1285,
    "metrics": {
        "sinr_ue1": [
            30.052377444778266,
            33.07342666172372,
            35.55645904286346,
            20.089097978322933,
            31.772636506542074,
            18.115242546227293,
            36.68247905070292,
            22.011661794215676,
            21.809307916248454,
            15.520874932998517,
            30.39154694649657,
            34.151517097696356,
            29.68443214062662,
            15.66019743936133,
            32.54417983055656,
            28.16684432611912,
            33.42402176763076,
            18.07809407909375,
            31.253572101370573,
            16.18137900849339
        ],
        "sinr_ue2": [
            1.6513119595782575,
            7.260631886764183,
            5.030959071536081,
            21.420009596513854,
            6.473807373321712,
            26.18038636831857,
            19.52828445020409,
            18.25238876111601,
            6.941294445132913,
            23.80057351062849,
            7.315971681212641,
            26.69948251213432,
            10.43771326957891,
            25.203003693751445,
            11.322268907753529,
            11.643220656764559,
            9.742990467701135,
            21.66742967883924,
            5.696295959615858,
            26.744715662393386
        ],
        "power_bs1": [
            39.58988148063435,
            36.589881480634354,
            35.589881480634354,
            36.589881480634354,
            33.58988148063435,
            34.58988148063435,
            35.589881480634354,
            38.58988148063435,
            35.589881480634354,
            36.589881480634354,
            37.589881480634354,
            36.589881480634354,
            33.58988148063435,
            36.589881480634354,
            37.589881480634354,
            40.589881480634354,
            41.589881480634354,
            42.58988148063435,
            41.589881480634354,
            40.589881480634354
        ],
        "power_bs2": [
            30.08981663287216,
            33.08981663287216,
            30.08981663287216,
            29.08981663287216,
            30.08981663287216,
            29.08981663287216,
            28.08981663287216,
            29.08981663287216,
            32.08981663287216,
            35.08981663287216,
            34.08981663287216,
            35.089816632872164,
            34.08981663287216,
            35.089816632872164,
            38.08981663287216,
            41.089816632872164,
            40.08981663287216,
            39.08981663287216,
            36.08981663287216,
            39.08981663287216
        ]
    }
}