{
    "episode": 1537,
    "seed": 1537,
    "metrics": {
        "sinr_ue1": [
            34.59088717674042,
            20.420922983364505,
            34.16759197310619,
            16.795243956015366,
            37.00451685872953,
            23.67040519343236,
            24.989995981020535,
            36.76024512872299,
            23.018440336962442,
            34.71421747216711,
            21.654066430449923,
            23.899154060481578,
            23.10962967940305,
            43.49597476556803,
            21.23440143935619,
            20.855722823478633,
            7.966759594074258,
            34.92477599360128,
            16.519865309134968,
            34.27660087578157
        ],
        "sinr_ue2": [
            66.68709861785376,
            62.1656628870377,
            65.16170680421217,
            57.73218022060688,
            42.76249065264768,
            52.10369622940438,
            51.491237603076584,
            39.46688037940791,
            53.68144361064133,
            62.37140362417471,
            57.790847855443616,
            52.069923844291644,
            57.86134966205951,
            37.08963206656118,
            38.83025585606895,
            54.4599830734516,
            62.689838238260634,
            45.44245981942301,
            66.11992134759294,
            51.043901068181725
        ],
        "power_bs1": [
            40.90088910548596,
            41.900889105485966,
            38.900889105485966,
            35.90088910548596,
            38.900889105485966,
            39.900889105485966,
            38.900889105485966,
            35.90088910548596,
            36.900889105485966,
            33.900889105485966,
            36.900889105485966,
            39.900889105485966,
            36.900889105485966,
            33.900889105485966,
            34.900889105485966,
            33.900889105485966,
            30.900889105485962,
            31.900889105485962,
            34.90088910548596,
            33.900889105485966
        ],
        "power_bs2": [
            38.55762114380735,
            37.55762114380735,
            36.55762114380735,
            35.55762114380735,
            34.55762114380735,
            31.557621143807353,
            28.55762114380735,
            29.557621143807353,
            28.55762114380735,
            31.55762114380735,
            30.557621143807353,
            31.55762114380735,
            28.55762114380735,
            25.557621143807346,
            28.55762114380735,
            27.55762114380735,
            28.55762114380735,
            31.55762114380735,
            34.55762114380735,
            31.55762114380735
        ]
    }
}