{
    "episode": 1095,
    "seed": 1095,
    "metrics": {
        "sinr_ue1": [
            22.521803577073808,
            19.920949702641032,
            9.887226348297716,
            16.20210933903574,
            8.26478581724871,
            26.990438292959805,
            11.950603256483138,
            25.503317965413697,
            11.123483777293137,
            18.741709389796664,
            28.045347228406797,
            21.24625043814411,
            5.514409090578907,
            21.982199875887723,
            11.099026326622992,
            30.241295926191633,
            15.18907339098403,
            29.240496137389368,
            12.078678182688584,
            15.812694440619739
        ],
        "sinr_ue2": [
            25.482037559482542,
            25.506454834231405,
            35.83468320021347,
            44.11196684049773,
            39.570871291955214,
            21.381776027628465,
            33.39722218345806,
            37.104212683455515,
            37.804466520418345,
            43.39322036323257,
            37.53850528544018,
            24.45673034054615,
            40.40889023538503,
            18.375518653311516,
            42.116472457344905,
            16.73322165429355,
            30.138979024459367,
            18.945000726902908,
            19.10653978505191,
            23.018803483926508
        ],
        "power_bs1": [
            40.14710237585736,
            37.14710237585736,
            38.14710237585736,
            35.14710237585736,
            34.14710237585736,
            35.14710237585736,
            34.14710237585736,
            33.14710237585735,
            30.147102375857354,
            27.14710237585735,
            30.147102375857354,
            29.147102375857354,
            26.14710237585735,
            29.147102375857354,
            30.147102375857354,
            33.14710237585735,
            34.14710237585736,
            33.14710237585735,
            36.14710237585736,
            35.14710237585736
        ],
        "power_bs2": [
            46.005428592700355,
            43.005428592700355,
            40.005428592700355,
            39.005428592700355,
            38.005428592700355,
            37.005428592700355,
            34.005428592700355,
            33.005428592700355,
            30.005428592700355,
            33.005428592700355,
            32.005428592700355,
            35.005428592700355,
            32.005428592700355,
            29.005428592700355,
            30.005428592700355,
            31.005428592700355,
            30.005428592700355,
            33.005428592700355,
            36.005428592700355,
            39.005428592700355
        ]
    }
}