{
    "episode": 2298,
    "seed": 2298,
    "metrics": {
        "sinr_ue1": [
            53.195824260075995,
            53.06642195023892,
            32.06474284724002,
            42.5564091150256,
            28.4944275583492,
            51.85687679419999,
            26.57603218443488,
            37.277983243036985,
            22.492503160425844,
            20.580673424142443,
            20.48369579426714,
            41.10828275966976,
            37.96962409795244,
            37.40417145428196,
            18.13943157222927,
            18.023035065716332,
            33.842930982656014,
            22.074317838904165,
            20.225340576910654,
            33.786297112271534
        ],
        "sinr_ue2": [
            1.563320167553359,
            1.3166954710604304,
            16.930623665374654,
            14.634727226603516,
            18.985841626990656,
            3.662855842022361,
            26.737099045025666,
            9.655377692090957,
            31.434163255359422,
            32.406419684869626,
            15.750299402411706,
            13.68386539288453,
            21.999847434240372,
            15.178408660514384,
            29.446608225770376,
            35.46136743316856,
            14.50221066083872,
            26.133620390743225,
            36.62986404872287,
            16.14998323722554
        ],
        "power_bs1": [
            42.455098917725714,
            39.45509891772572,
            40.455098917725714,
            39.45509891772572,
            40.455098917725714,
            43.45509891772572,
            40.455098917725714,
            43.45509891772572,
            40.455098917725714,
            41.45509891772572,
            44.45509891772572,
            43.45509891772572,
            40.455098917725714,
            37.455098917725714,
            34.45509891772572,
            31.455098917725714,
            34.45509891772572,
            37.455098917725714,
            36.455098917725714,
            33.455098917725714
        ],
        "power_bs2": [
            30.134827201893977,
            27.134827201893977,
            30.134827201893977,
            31.134827201893977,
            34.13482720189398,
            33.13482720189398,
            36.13482720189398,
            39.13482720189398,
            40.13482720189398,
            43.13482720189398,
            46.13482720189397,
            43.13482720189398,
            40.13482720189398,
            39.13482720189398,
            38.13482720189398,
            35.13482720189397,
            36.13482720189397,
            37.13482720189398,
            38.13482720189398,
            37.13482720189398
        ]
    }
}