{
    "episode": 4652,
    "seed": 4652,
    "metrics": {
        "sinr_ue1": [
            15.364347664342715,
            21.24487391007692,
            34.08048264278072,
            34.19806147314155,
            19.199075064391412,
            39.52801363434092,
            35.116754139748025,
            36.08603789269146,
            40.1827486658044,
            33.60900520382615,
            18.50027030337616,
            35.49105203545248,
            39.11924291952089,
            18.875216029426717,
            46.33103034018745,
            40.11388940948316,
            22.569487853854028,
            19.840998316693494,
            23.536741669112388,
            18.503353790645164
        ],
        "sinr_ue2": [
            58.73492248902281,
            50.67951455423667,
            41.30039381860602,
            40.969171086130714,
            55.04962684778762,
            35.65017363824075,
            36.206959501979384,
            43.10338944670829,
            35.376313337144325,
            36.79247245539304,
            44.13062946754263,
            35.202607940213966,
            33.766173510464256,
            43.79181074171822,
            31.829232477827333,
            30.180399361177326,
            47.34910525689659,
            52.929242376633496,
            50.38838130189622,
            41.32522182111143
        ],
        "power_bs1": [
            38.52255456899952,
            41.52255456899952,
            38.52255456899952,
            37.52255456899952,
            38.52255456899952,
            39.52255456899951,
            40.52255456899951,
            39.52255456899951,
            38.52255456899952,
            35.52255456899951,
            34.52255456899951,
            35.52255456899951,
            36.52255456899952,
            35.52255456899951,
            38.52255456899952,
            37.52255456899952,
            34.52255456899951,
            33.52255456899952,
            36.52255456899952,
            33.52255456899951
        ],
        "power_bs2": [
            41.198808907898226,
            38.198808907898226,
            41.198808907898226,
            40.198808907898226,
            37.19880890789823,
            36.19880890789823,
            37.19880890789823,
            38.198808907898226,
            35.198808907898226,
            34.198808907898226,
            33.198808907898226,
            32.19880890789823,
            31.19880890789823,
            34.198808907898226,
            31.198808907898226,
            28.198808907898226,
            27.198808907898226,
            30.19880890789823,
            29.19880890789823,
            32.198808907898226
        ]
    }
}