{
    "episode": 1490,
    "seed": 1490,
    "metrics": {
        "sinr_ue1": [
            22.839437690219853,
            20.22319359193385,
            19.045185341813433,
            29.955671562746254,
            16.990025630277955,
            27.11956178294381,
            11.152345360645112,
            30.614012244000342,
            9.170852091481143,
            27.477966029641948,
            12.911263208323076,
            28.892347037733764,
            27.029910851337032,
            15.179637123318027,
            32.319278659094735,
            33.778768059006815,
            14.9903931574271,
            28.96421548673957,
            29.927387316606136,
            11.280516176380056
        ],
        "sinr_ue2": [
            19.965965487168727,
            36.6474395969181,
            36.34640455176597,
            25.95867397185245,
            46.955881052802695,
            29.459969808788642,
            46.027746364096814,
            31.524913972829918,
            44.688033534276535,
            44.70066159244609,
            45.26201205117526,
            29.421271763250672,
            29.800773027980824,
            40.82755746034569,
            26.22509764830849,
            40.55314967656324,
            39.08935347871239,
            30.004477201641876,
            29.95997382471043,
            52.47787745156898
        ],
        "power_bs1": [
            41.97118463924214,
            40.971184639242146,
            39.971184639242146,
            40.971184639242146,
            37.971184639242146,
            34.971184639242146,
            33.971184639242146,
            36.97118463924214,
            33.971184639242146,
            32.971184639242146,
            31.971184639242143,
            32.971184639242146,
            35.971184639242146,
            36.97118463924214,
            39.971184639242146,
            36.97118463924214,
            33.971184639242146,
            32.971184639242146,
            33.971184639242146,
            34.971184639242146
        ],
        "power_bs2": [
            37.23639295252778,
            38.23639295252778,
            39.23639295252778,
            42.23639295252778,
            39.23639295252778,
            40.23639295252778,
            41.23639295252779,
            44.23639295252778,
            43.23639295252779,
            40.23639295252778,
            37.23639295252778,
            38.23639295252778,
            41.23639295252779,
            40.23639295252778,
            41.23639295252779,
            40.23639295252778,
            37.23639295252778,
            38.23639295252778,
            39.23639295252778,
            42.23639295252778
        ]
    }
}