{
    "episode": 988,
    "seed": 988,
    "metrics": {
        "sinr_ue1": [
            11.85558393036477,
            0.18453029914880087,
            10.715689617081294,
            4.064435749749201,
            18.62685564658497,
            9.788516839034965,
            3.6468540693186187,
            16.50318556370034,
            3.8247028787666606,
            5.887104674193445,
            5.966324327941979,
            7.686704297067197,
            9.461951135489068,
            10.865538707517493,
            6.969976834017194,
            1.6089863520644798,
            17.700315600631242,
            13.476458613477487,
            9.067373589651108,
            14.05755301921891
        ],
        "sinr_ue2": [
            21.35604961520693,
            32.731202855232276,
            17.35200050901647,
            30.243893058506195,
            15.222542246708732,
            30.141578462916947,
            16.845241970458144,
            20.84311385832219,
            33.564484502087325,
            28.347875715894936,
            32.45560314607862,
            22.43011562627238,
            15.32674369202306,
            10.966070569052413,
            28.24036110754982,
            33.08199178416099,
            14.92337760697885,
            23.02113287885396,
            28.07703556149714,
            21.955842508224826
        ],
        "power_bs1": [
            27.21220144187466,
            28.21220144187466,
            29.21220144187466,
            28.21220144187466,
            25.21220144187466,
            24.21220144187466,
            23.21220144187466,
            22.21220144187466,
            25.21220144187466,
            28.21220144187466,
            29.21220144187466,
            28.21220144187466,
            29.21220144187466,
            28.21220144187466,
            25.21220144187466,
            22.21220144187466,
            25.21220144187466,
            28.21220144187466,
            27.21220144187466,
            30.21220144187466
        ],
        "power_bs2": [
            40.218178060928835,
            39.21817806092883,
            38.218178060928835,
            35.21817806092883,
            32.21817806092883,
            33.21817806092883,
            32.21817806092883,
            35.21817806092883,
            32.21817806092883,
            33.21817806092883,
            34.21817806092883,
            31.218178060928828,
            30.21817806092883,
            31.218178060928828,
            28.218178060928828,
            31.218178060928828,
            32.21817806092883,
            29.218178060928828,
            28.218178060928828,
            25.21817806092883
        ]
    }
}