{
    "episode": 1563,
    "seed": 1563,
    "metrics": {
        "sinr_ue1": [
            43.928083985583335,
            34.34561020929145,
            37.90293949329997,
            52.0842440917439,
            55.374601999277104,
            37.890388061397594,
            47.019420251746766,
            45.222578180729805,
            32.20598787591987,
            35.81446462484537,
            33.68072287008759,
            32.09810788929732,
            33.990216994883646,
            31.578086788576293,
            50.454037615191766,
            51.08571316332194,
            48.19885070978729,
            57.46402906796048,
            40.721817476449544,
            58.50349602850447
        ],
        "sinr_ue2": [
            31.86024653151314,
            48.02365443587636,
            43.21085737442437,
            39.00131448929306,
            33.12324604660236,
            42.57266030682785,
            45.32006621220741,
            47.724201288482476,
            48.331707419086094,
            46.7455545201274,
            52.818120710793366,
            53.16913611581035,
            55.16478019145783,
            51.67093960700548,
            33.065286949183026,
            34.91998985039138,
            33.1609076467949,
            29.29427066342202,
            40.79109821268176,
            29.139646519541984
        ],
        "power_bs1": [
            42.442323912595505,
            39.4423239125955,
            40.4423239125955,
            41.4423239125955,
            40.4423239125955,
            37.442323912595505,
            36.442323912595505,
            37.442323912595505,
            34.4423239125955,
            37.4423239125955,
            36.4423239125955,
            33.4423239125955,
            36.4423239125955,
            35.4423239125955,
            36.4423239125955,
            37.4423239125955,
            38.4423239125955,
            41.4423239125955,
            40.4423239125955,
            41.4423239125955
        ],
        "power_bs2": [
            44.24101730943535,
            43.24101730943536,
            40.24101730943535,
            37.24101730943535,
            34.24101730943535,
            37.24101730943535,
            40.24101730943535,
            39.24101730943535,
            40.24101730943535,
            39.24101730943535,
            40.24101730943535,
            39.24101730943535,
            40.24101730943535,
            41.24101730943536,
            40.24101730943535,
            43.24101730943536,
            42.24101730943535,
            41.24101730943536,
            38.24101730943535,
            41.24101730943536
        ]
    }
}