{
    "episode": 2176,
    "seed": 2176,
    "metrics": {
        "sinr_ue1": [
            19.136582702809054,
            21.242991209576033,
            28.055778345579697,
            35.92029754067687,
            31.669114059153436,
            35.154636440613814,
            21.380883422999375,
            23.10355994368907,
            34.20740248240656,
            39.83521835224318,
            19.40979769224118,
            23.382827490141036,
            24.951674052586252,
            22.736498954282204,
            32.85101028769376,
            24.092358598732282,
            41.442386563618534,
            31.32239650590039,
            35.77525439083828,
            17.14777749723358
        ],
        "sinr_ue2": [
            17.569219515115094,
            23.96002089077743,
            13.895695264942297,
            8.13376352306043,
            10.031796140168659,
            12.113275231028055,
            27.018316812400286,
            24.99384995561984,
            11.908008540995523,
            9.841133686946327,
            26.465791915916284,
            19.668862113959197,
            19.06795954369033,
            20.618598037125278,
            5.929875324748323,
            19.72159489866253,
            7.690958839863432,
            19.604040116581785,
            9.839755632630542,
            33.72128193874143
        ],
        "power_bs1": [
            35.79941908652428,
            38.79941908652428,
            35.79941908652428,
            38.79941908652428,
            37.79941908652428,
            38.79941908652428,
            39.79941908652428,
            38.79941908652428,
            35.79941908652428,
            34.79941908652428,
            37.79941908652428,
            40.79941908652429,
            39.79941908652428,
            36.79941908652428,
            35.79941908652428,
            36.79941908652428,
            33.79941908652428,
            32.79941908652428,
            35.79941908652428,
            34.79941908652428
        ],
        "power_bs2": [
            35.037407225526195,
            36.037407225526195,
            39.037407225526195,
            36.037407225526195,
            37.037407225526195,
            40.0374072255262,
            37.037407225526195,
            34.037407225526195,
            37.037407225526195,
            34.037407225526195,
            37.037407225526195,
            36.037407225526195,
            33.037407225526195,
            32.037407225526195,
            31.037407225526195,
            30.037407225526195,
            31.037407225526195,
            34.037407225526195,
            35.037407225526195,
            36.037407225526195
        ]
    }
}