{
    "episode": 1398,
    "seed": 1398,
    "metrics": {
        "sinr_ue1": [
            35.16884329554233,
            34.258015589648785,
            18.83602656427677,
            32.637198258383094,
            40.567888361878644,
            31.349401431827136,
            25.55563303694397,
            19.866510209308505,
            28.562520501073475,
            10.473423143414369,
            18.447103738374462,
            26.982106186660317,
            6.2936872774003385,
            24.36989271896877,
            17.295467082008823,
            11.778021074921739,
            21.873892841910873,
            10.768989154960657,
            27.965157667992653,
            11.464612401344054
        ],
        "sinr_ue2": [
            13.658031677766298,
            17.979415573151385,
            16.86051448137499,
            3.1399905252782805,
            3.0113942878417506,
            4.920989818008178,
            19.773448618461096,
            20.013532183309415,
            8.575037584892979,
            35.73806445519207,
            31.044611866116373,
            15.241217744457476,
            26.254417573042915,
            22.45042939387568,
            12.147580375113643,
            30.65938762270072,
            23.542495056068518,
            27.740082548543135,
            10.958281153862487,
            9.785909386116645
        ],
        "power_bs1": [
            38.00150795404324,
            37.00150795404325,
            36.00150795404324,
            37.00150795404325,
            34.00150795404324,
            33.00150795404324,
            30.00150795404324,
            31.00150795404324,
            28.00150795404324,
            25.001507954043237,
            22.00150795404324,
            19.00150795404324,
            20.001507954043237,
            21.00150795404324,
            22.00150795404324,
            23.00150795404324,
            22.00150795404324,
            19.00150795404324,
            18.00150795404324,
            21.00150795404324
        ],
        "power_bs2": [
            41.057244819550895,
            42.0572448195509,
            39.057244819550895,
            38.0572448195509,
            35.0572448195509,
            36.0572448195509,
            33.057244819550895,
            32.0572448195509,
            35.0572448195509,
            36.0572448195509,
            35.0572448195509,
            34.057244819550895,
            35.0572448195509,
            32.0572448195509,
            33.0572448195509,
            32.0572448195509,
            31.0572448195509,
            28.057244819550903,
            29.057244819550903,
            30.0572448195509
        ]
    }
}