{
    "episode": 3564,
    "seed": 3564,
    "metrics": {
        "sinr_ue1": [
            16.382720895050852,
            16.574611304485266,
            14.72517832078786,
            16.64646205984817,
            31.389733986807272,
            32.961447273270934,
            12.76623248136145,
            10.8256009487235,
            35.21449044946766,
            12.682709231939551,
            10.592619728297024,
            14.500035701374374,
            14.453183390098381,
            33.587172796740106,
            21.944023655526628,
            21.787875104952494,
            24.971145189109208,
            33.62167155040452,
            36.700876408764074,
            16.293267837153234
        ],
        "sinr_ue2": [
            26.166553915250205,
            34.52945529335062,
            35.8453457589513,
            34.5239365813815,
            19.65217721768692,
            17.683695176199524,
            39.603151251436806,
            37.1455161019785,
            21.80909328439077,
            36.99746800986392,
            41.91091687390811,
            39.30933018045614,
            36.71214029537079,
            34.006269117915124,
            29.72121696436776,
            23.356999966286587,
            26.005624884387778,
            13.785536643910358,
            30.51959050016488,
            36.10935350782844
        ],
        "power_bs1": [
            39.864920322438245,
            42.864920322438245,
            43.86492032243825,
            42.864920322438245,
            43.86492032243825,
            44.864920322438245,
            43.86492032243825,
            42.864920322438245,
            41.86492032243825,
            40.864920322438245,
            37.864920322438245,
            40.864920322438245,
            39.864920322438245,
            40.864920322438245,
            43.86492032243824,
            42.864920322438245,
            43.86492032243824,
            40.864920322438245,
            41.86492032243825,
            40.864920322438245
        ],
        "power_bs2": [
            34.84730115975238,
            37.84730115975238,
            40.84730115975238,
            37.84730115975238,
            40.84730115975238,
            39.84730115975238,
            42.84730115975238,
            43.84730115975238,
            40.84730115975238,
            39.84730115975238,
            38.84730115975238,
            37.84730115975238,
            36.84730115975238,
            33.84730115975238,
            32.84730115975238,
            31.847301159752377,
            28.847301159752377,
            31.847301159752377,
            32.84730115975238,
            35.84730115975238
        ]
    }
}