{
    "episode": 621,
    "seed": 621,
    "metrics": {
        "sinr_ue1": [
            18.202776291639378,
            16.21858024878766,
            20.196209820803098,
            16.33420261976536,
            29.720799456672687,
            36.734154942325716,
            35.83886017181549,
            19.72492798945065,
            35.09227269997735,
            21.788327718771505,
            21.284373339343034,
            21.802851233050944,
            19.9161796275878,
            36.934891232905315,
            21.80748391694863,
            21.775936174441103,
            31.84637617754772,
            22.945565084109987,
            34.13787401020201,
            12.558209023597355
        ],
        "sinr_ue2": [
            43.84269243022185,
            43.111867784364996,
            44.800055178816216,
            41.04108178927242,
            25.72170037738161,
            27.33874436613202,
            26.507665298941813,
            44.237077795453466,
            34.898130056607336,
            39.296157245632195,
            43.16022159021963,
            41.64145415495937,
            42.46669736330045,
            36.384529420662055,
            38.589354892955996,
            38.82641238434074,
            27.326661454955342,
            51.27697111762104,
            29.0174390800101,
            43.32272385377982
        ],
        "power_bs1": [
            37.77736645113072,
            34.77736645113072,
            37.77736645113072,
            34.77736645113072,
            35.77736645113072,
            32.77736645113072,
            29.777366451130717,
            30.777366451130717,
            31.777366451130717,
            32.77736645113072,
            29.777366451130717,
            32.77736645113072,
            33.77736645113072,
            36.77736645113072,
            35.77736645113072,
            36.77736645113072,
            33.77736645113072,
            30.777366451130717,
            31.777366451130717,
            30.777366451130717
        ],
        "power_bs2": [
            44.29346902714785,
            43.29346902714786,
            42.29346902714785,
            43.29346902714786,
            40.29346902714786,
            39.29346902714786,
            36.29346902714786,
            35.29346902714786,
            32.29346902714786,
            35.29346902714786,
            32.29346902714785,
            35.29346902714786,
            38.29346902714785,
            35.29346902714786,
            38.29346902714785,
            39.29346902714785,
            40.29346902714785,
            43.29346902714786,
            40.29346902714785,
            37.29346902714785
        ]
    }
}