{
    "episode": 444,
    "seed": 444,
    "metrics": {
        "sinr_ue1": [
            41.77998111647297,
            37.818842829841884,
            38.84152739902617,
            17.333934493838086,
            15.431084498473101,
            29.55733414360102,
            27.471872925119545,
            9.52048370845638,
            15.348205214732802,
            37.60179450778894,
            34.00676368519127,
            27.179735554946785,
            38.406463616908184,
            23.20855081960662,
            21.25193124123678,
            30.635980201267003,
            19.593394079963133,
            31.036590704620828,
            28.355949164745702,
            11.247127992252686
        ],
        "sinr_ue2": [
            7.24461569315269,
            11.243661552636306,
            15.159056215886793,
            23.236693130959,
            36.140798744520325,
            22.824096168914952,
            19.38861186899767,
            43.181977223936975,
            37.61545011936263,
            15.151930814142826,
            18.99370125244896,
            17.199748138282263,
            11.313404566716356,
            11.3148196079388,
            27.868561581142345,
            19.30234143823794,
            31.49463858737821,
            21.163756204110786,
            22.874457012192444,
            23.184279645947896
        ],
        "power_bs1": [
            44.72867252821309,
            41.72867252821309,
            40.72867252821308,
            37.72867252821308,
            38.72867252821308,
            35.72867252821308,
            36.72867252821308,
            33.72867252821309,
            36.72867252821308,
            39.72867252821308,
            36.72867252821308,
            39.72867252821308,
            42.72867252821308,
            45.72867252821308,
            44.72867252821309,
            41.72867252821308,
            40.72867252821308,
            37.72867252821308,
            34.72867252821308,
            37.72867252821308
        ],
        "power_bs2": [
            35.61668355823437,
            36.61668355823438,
            39.61668355823438,
            38.61668355823438,
            41.61668355823438,
            42.61668355823438,
            41.61668355823438,
            42.61668355823438,
            39.61668355823438,
            38.61668355823438,
            39.61668355823438,
            40.61668355823437,
            37.61668355823438,
            40.61668355823437,
            41.61668355823438,
            44.61668355823438,
            43.61668355823437,
            42.61668355823438,
            41.61668355823437,
            44.61668355823438
        ]
    }
}