{
    "episode": 3363,
    "seed": 3363,
    "metrics": {
        "sinr_ue1": [
            34.89236862610609,
            40.01738524143435,
            21.23987685389767,
            19.315201836698545,
            38.63636332081402,
            37.477537704983334,
            17.241709316693075,
            15.65310326202432,
            31.721140486903753,
            12.056432816864868,
            30.511565171809796,
            28.265358596030104,
            31.71585253349598,
            34.44364546138877,
            22.12038030814041,
            21.97241018271565,
            24.120790163502505,
            20.195978815129028,
            33.780192180599734,
            30.14399452169053
        ],
        "sinr_ue2": [
            14.05337318298084,
            26.091360900733616,
            23.013010266747102,
            26.970054252521884,
            11.126038547134602,
            14.950239946119272,
            31.161486948294804,
            30.689623198983803,
            19.147028083404546,
            19.901281981130158,
            19.652752141163077,
            17.899472837539562,
            33.36488503434123,
            15.58106391347897,
            10.125421922876486,
            26.266238734675554,
            26.68907342302152,
            33.04869636961051,
            10.372771090550422,
            15.982276182755875
        ],
        "power_bs1": [
            37.48661813552674,
            38.48661813552674,
            35.48661813552674,
            34.48661813552674,
            31.486618135526744,
            30.48661813552674,
            31.486618135526744,
            32.48661813552674,
            31.486618135526744,
            34.48661813552674,
            33.48661813552674,
            34.48661813552674,
            33.48661813552674,
            32.48661813552674,
            35.48661813552674,
            38.48661813552674,
            41.48661813552674,
            38.48661813552674,
            37.48661813552674,
            34.48661813552674
        ],
        "power_bs2": [
            35.74372631646717,
            32.743726316467175,
            29.743726316467168,
            30.74372631646717,
            27.74372631646717,
            26.74372631646717,
            29.743726316467168,
            32.743726316467175,
            35.74372631646717,
            38.74372631646717,
            37.743726316467175,
            36.743726316467175,
            35.74372631646717,
            32.74372631646717,
            29.743726316467168,
            32.74372631646717,
            33.74372631646717,
            34.74372631646717,
            31.743726316467168,
            34.74372631646717
        ]
    }
}