{
    "episode": 382,
    "seed": 382,
    "metrics": {
        "sinr_ue1": [
            16.905601100689235,
            28.447930088185657,
            37.58251340973952,
            32.1300297570568,
            35.70979542671371,
            39.130542426237824,
            22.870490964090383,
            28.93889163879299,
            35.711254079731155,
            21.198444893170723,
            29.93226384527783,
            19.159075431766922,
            36.31797203962474,
            19.000620237514333,
            41.51166731270941,
            24.920618249981604,
            48.38374240458733,
            28.994287522775316,
            29.1683971719519,
            52.63158734383448
        ],
        "sinr_ue2": [
            39.87550135285835,
            28.6117223125679,
            22.96392536078227,
            34.03394733129534,
            23.032678348758107,
            20.957462309985523,
            30.337790241005834,
            33.45878323415535,
            19.054340108277973,
            33.540543854659475,
            24.610309180003014,
            37.18191677406117,
            22.693921712124908,
            22.949286689681028,
            20.80459784252688,
            22.974797630252905,
            14.760008619649867,
            26.540060591887425,
            24.558849949464264,
            10.699485193872494
        ],
        "power_bs1": [
            33.12415276105041,
            30.12415276105041,
            33.12415276105041,
            32.124152761050404,
            33.12415276105041,
            32.124152761050404,
            35.12415276105041,
            34.12415276105041,
            35.12415276105041,
            32.124152761050404,
            31.124152761050404,
            34.12415276105041,
            31.124152761050404,
            34.124152761050404,
            33.12415276105041,
            36.124152761050404,
            35.124152761050404,
            38.12415276105041,
            39.124152761050404,
            42.124152761050404
        ],
        "power_bs2": [
            45.04043767678038,
            46.04043767678037,
            43.04043767678038,
            46.04043767678037,
            43.04043767678038,
            40.04043767678037,
            41.04043767678037,
            38.04043767678037,
            41.04043767678037,
            40.04043767678037,
            43.04043767678038,
            44.04043767678037,
            41.04043767678037,
            44.04043767678037,
            41.04043767678037,
            40.04043767678037,
            37.04043767678037,
            38.04043767678037,
            39.04043767678037,
            40.04043767678037
        ]
    }
}