{
    "episode": 3999,
    "seed": 3999,
    "metrics": {
        "sinr_ue1": [
            32.77460744438275,
            28.220987009496806,
            31.377474763782445,
            27.272117857208947,
            27.37779881822788,
            15.212673308099639,
            30.648438843083376,
            20.97527906867599,
            39.60663927855867,
            22.375736330914155,
            35.18922678119744,
            35.98057940681836,
            20.115056344243932,
            18.391752033770306,
            30.32457150701636,
            33.07377861389058,
            26.50097279924493,
            13.177465630500935,
            13.148832408981379,
            7.281987252871209
        ],
        "sinr_ue2": [
            16.073198956603644,
            22.234037694400143,
            18.399552627643644,
            22.50517591633639,
            20.302187554766228,
            37.72254916965085,
            16.54864443344036,
            24.934267575020968,
            12.552178148450519,
            22.027761532574942,
            14.129338268426723,
            14.328375326946123,
            26.119539796330532,
            31.62726180863619,
            16.27414811122435,
            16.11755935276042,
            21.938722559882592,
            35.46808498124936,
            33.37482218783424,
            39.7109930309765
        ],
        "power_bs1": [
            43.036146257155195,
            40.0361462571552,
            41.03614625715521,
            40.0361462571552,
            43.036146257155195,
            44.0361462571552,
            43.036146257155195,
            46.03614625715521,
            43.036146257155195,
            44.0361462571552,
            43.036146257155195,
            40.0361462571552,
            41.03614625715521,
            40.0361462571552,
            39.0361462571552,
            42.0361462571552,
            39.0361462571552,
            40.0361462571552,
            39.0361462571552,
            36.036146257155195
        ],
        "power_bs2": [
            38.78973573890179,
            41.78973573890179,
            38.78973573890179,
            41.78973573890179,
            42.7897357389018,
            41.78973573890179,
            38.78973573890179,
            37.78973573890179,
            34.78973573890179,
            33.78973573890179,
            36.78973573890179,
            33.78973573890179,
            32.78973573890179,
            33.78973573890179,
            34.78973573890179,
            37.78973573890179,
            40.7897357389018,
            39.78973573890179,
            38.78973573890179,
            41.78973573890179
        ]
    }
}