{
    "episode": 1116,
    "seed": 1116,
    "metrics": {
        "sinr_ue1": [
            28.184310218881024,
            4.740980877666079,
            4.74193627679802,
            28.7072542658241,
            22.627247636422805,
            17.697432098604317,
            29.72545786715017,
            10.199218831816177,
            12.306007410714532,
            32.93016135801849,
            14.968852164128128,
            31.26192072713048,
            6.498171750456151,
            23.844051700540252,
            34.635410834606915,
            14.091771644729976,
            16.237688489959964,
            17.910117425712254,
            19.72241174565618,
            21.5724509209279
        ],
        "sinr_ue2": [
            9.217843336989468,
            28.227946962458525,
            35.24571034520482,
            9.196101805486599,
            25.637748695419347,
            11.046077120437088,
            9.196698398434126,
            26.73642369840868,
            25.212076539688354,
            7.2025112665019675,
            7.105144893925433,
            7.223448475631935,
            30.205841930822462,
            11.288802278533003,
            5.309001965814789,
            17.906227881473768,
            16.797935069027105,
            19.849218977642533,
            17.14918242272013,
            14.954489535487973
        ],
        "power_bs1": [
            42.38495690316344,
            39.384956903163435,
            36.38495690316344,
            39.384956903163435,
            38.384956903163435,
            35.38495690316344,
            38.384956903163435,
            35.384956903163435,
            38.384956903163435,
            39.384956903163435,
            38.384956903163435,
            41.384956903163435,
            38.384956903163435,
            39.384956903163435,
            42.38495690316343,
            39.384956903163435,
            42.38495690316343,
            41.384956903163435,
            42.38495690316343,
            43.384956903163435
        ],
        "power_bs2": [
            39.24755541091074,
            42.24755541091074,
            39.24755541091074,
            36.24755541091074,
            37.24755541091074,
            34.24755541091074,
            35.24755541091074,
            32.247555410910735,
            33.247555410910735,
            34.24755541091074,
            33.247555410910735,
            36.24755541091074,
            39.24755541091074,
            38.247555410910735,
            35.24755541091074,
            32.247555410910735,
            33.247555410910735,
            30.247555410910742,
            29.24755541091074,
            28.24755541091074
        ]
    }
}