{
    "episode": 3301,
    "seed": 3301,
    "metrics": {
        "sinr_ue1": [
            33.11233037190647,
            23.93417195525732,
            11.708922050366136,
            27.746081670802724,
            9.06121659039446,
            23.76743245497337,
            5.688387179979326,
            27.944019378823043,
            29.681472091148777,
            9.083067882978696,
            9.850834189250627,
            22.842317445028915,
            23.387816908224313,
            23.155091059583786,
            13.208856582390236,
            22.842633705062312,
            10.309974961490076,
            0.3300680310195012,
            8.21238207643897,
            23.723930728670382
        ],
        "sinr_ue2": [
            15.780412400837061,
            15.77540553678129,
            29.837097116548314,
            34.839082231363,
            32.88048550679575,
            17.331760783929244,
            34.820572273811756,
            18.493206471531572,
            14.961579126580297,
            26.78986632223529,
            26.168388751864995,
            16.060033261015704,
            37.15241629360015,
            23.208634701375694,
            26.530587027994393,
            13.175263853143608,
            29.564124154412674,
            37.0305655200413,
            36.80660361460315,
            23.10732292118886
        ],
        "power_bs1": [
            37.83682609021155,
            36.83682609021156,
            33.83682609021156,
            32.83682609021155,
            29.836826090211556,
            28.836826090211556,
            27.836826090211556,
            28.836826090211556,
            27.836826090211556,
            26.836826090211552,
            27.836826090211556,
            24.836826090211552,
            27.836826090211556,
            30.836826090211552,
            31.836826090211552,
            28.836826090211552,
            29.836826090211552,
            28.836826090211552,
            31.836826090211552,
            28.836826090211552
        ],
        "power_bs2": [
            36.80918675325498,
            35.80918675325498,
            32.80918675325498,
            33.80918675325498,
            30.809186753254973,
            29.809186753254977,
            32.80918675325498,
            29.809186753254973,
            26.809186753254973,
            23.80918675325497,
            24.809186753254973,
            25.809186753254973,
            28.80918675325497,
            25.809186753254973,
            26.809186753254973,
            25.809186753254973,
            28.80918675325497,
            31.809186753254973,
            34.80918675325497,
            35.80918675325498
        ]
    }
}