{
    "episode": 2186,
    "seed": 2186,
    "metrics": {
        "sinr_ue1": [
            31.338038309373026,
            37.225397551736066,
            24.528186952999377,
            33.419470113270094,
            37.311968174852915,
            41.57184612624394,
            38.074988850616556,
            31.523943811282983,
            37.90178290796058,
            33.8330335697033,
            18.941095290855543,
            15.002592857648434,
            37.532258658095316,
            32.74890175118839,
            23.08192892667174,
            43.645578579314524,
            21.056621442811526,
            36.18673630140148,
            23.043290678700362,
            37.594859286689804
        ],
        "sinr_ue2": [
            32.7716658899922,
            15.397222956567813,
            17.435783668326085,
            17.35410263204993,
            13.4596291262006,
            9.62758344449782,
            13.588572905626355,
            13.390628076442683,
            13.29056206508495,
            11.396179736295615,
            28.794440810875216,
            33.491848244080025,
            11.248717240404302,
            9.430917931761089,
            27.599431675139794,
            7.512644200333853,
            30.93552915928975,
            13.54539375466738,
            24.197858118559054,
            9.613548964649286
        ],
        "power_bs1": [
            39.8849641379026,
            38.8849641379026,
            39.8849641379026,
            38.8849641379026,
            39.8849641379026,
            42.8849641379026,
            41.88496413790261,
            38.8849641379026,
            37.8849641379026,
            38.8849641379026,
            35.88496413790261,
            34.8849641379026,
            37.8849641379026,
            40.8849641379026,
            43.88496413790261,
            42.8849641379026,
            41.88496413790261,
            42.8849641379026,
            45.8849641379026,
            44.8849641379026
        ],
        "power_bs2": [
            42.54154223284968,
            43.541542232849686,
            46.541542232849686,
            45.541542232849686,
            42.54154223284968,
            41.541542232849686,
            44.54154223284968,
            41.541542232849686,
            40.54154223284968,
            39.54154223284968,
            38.54154223284968,
            41.541542232849686,
            38.54154223284968,
            39.54154223284968,
            42.54154223284968,
            39.54154223284968,
            42.54154223284968,
            45.54154223284968,
            44.54154223284968,
            43.54154223284968
        ]
    }
}