{
    "episode": 323,
    "seed": 323,
    "metrics": {
        "sinr_ue1": [
            26.103600983283467,
            13.62777537638851,
            30.131006465298945,
            16.289216580011995,
            11.933949559524793,
            37.15282950110142,
            21.424725916466528,
            37.72805099819165,
            36.57083454656927,
            21.653313881292032,
            39.023253264907964,
            21.65697050790572,
            21.072777450277407,
            17.605803045214127,
            15.496501900776051,
            13.684295912239936,
            30.81384763041138,
            39.654918935243046,
            22.61265404345046,
            41.099206630873525
        ],
        "sinr_ue2": [
            24.367818927571747,
            19.921488686731994,
            11.397825082953538,
            30.49381925191507,
            29.92888857675165,
            7.273817219583192,
            18.513009975674205,
            5.199642126673284,
            5.250882425013579,
            16.997830649463786,
            1.2900608164049348,
            3.321966621804708,
            21.422459412981325,
            14.49236336595348,
            26.5223789851101,
            13.28214474300979,
            7.27524489024844,
            5.361522751921842,
            17.50749931942361,
            3.3952588710653924
        ],
        "power_bs1": [
            40.27029207850151,
            37.27029207850151,
            38.27029207850151,
            35.27029207850151,
            38.27029207850151,
            41.27029207850151,
            40.27029207850151,
            39.27029207850151,
            42.27029207850151,
            45.27029207850151,
            44.27029207850151,
            45.27029207850151,
            42.27029207850151,
            41.270292078501505,
            38.27029207850151,
            37.27029207850151,
            40.27029207850151,
            41.270292078501505,
            42.27029207850151,
            41.270292078501505
        ],
        "power_bs2": [
            40.23826173098682,
            37.238261730986814,
            38.238261730986814,
            41.238261730986814,
            40.23826173098682,
            37.238261730986814,
            36.238261730986814,
            33.238261730986814,
            36.238261730986814,
            37.238261730986814,
            34.238261730986814,
            37.238261730986814,
            34.238261730986814,
            37.238261730986814,
            36.238261730986814,
            39.238261730986814,
            36.238261730986814,
            35.238261730986814,
            32.23826173098681,
            33.238261730986814
        ]
    }
}