{
    "episode": 4711,
    "seed": 4711,
    "metrics": {
        "sinr_ue1": [
            26.18498994704001,
            29.871061347841103,
            29.28179965299163,
            18.869655696543262,
            13.103127660452408,
            20.975734119902306,
            31.6226199633542,
            29.463671365123638,
            29.670754763562776,
            26.40331513157522,
            7.649986694130858,
            25.224539913149748,
            26.7888035022265,
            7.490752732299304,
            9.677136775388528,
            27.397904598379093,
            19.29559434225049,
            24.530088098111914,
            27.803271103433605,
            11.229454577876838
        ],
        "sinr_ue2": [
            23.4438194694359,
            24.357966562110043,
            18.871615358442316,
            37.12052564236349,
            38.773241514069746,
            40.960003287064524,
            13.59301033103472,
            23.848081172006516,
            26.16921457921293,
            43.564868097441874,
            50.360759826354034,
            30.569475763896257,
            28.812423000721182,
            47.72537430421301,
            39.520406535715324,
            26.513694717106414,
            29.509452931509404,
            30.504108272354863,
            28.26404883566262,
            43.971720584689066
        ],
        "power_bs1": [
            29.798693721230375,
            32.79869372123037,
            35.79869372123037,
            34.79869372123037,
            31.79869372123037,
            32.79869372123037,
            33.79869372123038,
            30.79869372123037,
            31.79869372123037,
            30.79869372123037,
            31.79869372123037,
            32.79869372123037,
            33.79869372123038,
            32.79869372123037,
            33.79869372123038,
            32.79869372123037,
            29.798693721230375,
            32.79869372123037,
            31.79869372123037,
            32.79869372123037
        ],
        "power_bs2": [
            37.15212235908063,
            40.15212235908063,
            37.15212235908063,
            36.15212235908062,
            39.15212235908062,
            40.15212235908063,
            39.15212235908062,
            38.15212235908062,
            41.15212235908062,
            42.15212235908062,
            45.15212235908062,
            46.15212235908062,
            45.15212235908062,
            46.15212235908062,
            45.15212235908062,
            42.15212235908062,
            43.15212235908063,
            46.15212235908062,
            43.15212235908063,
            42.15212235908062
        ]
    }
}