{
    "episode": 2780,
    "seed": 2780,
    "metrics": {
        "sinr_ue1": [
            20.80491223766785,
            13.751469616809223,
            15.585874538026658,
            28.97047401042197,
            34.43322330184664,
            30.80460423278153,
            31.939983197491408,
            11.558104343786537,
            29.123355500066204,
            29.444025299796735,
            34.746008045351104,
            17.826409023259203,
            17.686635422433024,
            26.960085062196285,
            27.595361440385897,
            15.826671727595972,
            16.049413262347265,
            22.90578073958836,
            31.741851200091876,
            31.995420874656094
        ],
        "sinr_ue2": [
            33.686736753714,
            33.0582985252721,
            16.05007634016588,
            14.967898609277539,
            9.046308538945766,
            12.943892868816443,
            12.81270081702104,
            28.164060378039267,
            27.558512179317262,
            28.369921164483856,
            10.840520343231507,
            22.231840568017496,
            8.970729338120014,
            27.053999935825605,
            14.774202999016302,
            26.297737754608477,
            26.864812078711985,
            14.894496917089729,
            12.876737446391724,
            10.892872022163475
        ],
        "power_bs1": [
            41.97694955837895,
            38.97694955837895,
            39.97694955837895,
            38.97694955837895,
            41.97694955837895,
            38.97694955837895,
            35.97694955837894,
            34.97694955837895,
            37.97694955837895,
            36.97694955837895,
            35.97694955837894,
            36.97694955837895,
            39.97694955837895,
            36.97694955837895,
            33.97694955837895,
            34.97694955837895,
            37.97694955837895,
            34.97694955837895,
            33.97694955837895,
            34.97694955837895
        ],
        "power_bs2": [
            46.52831349922097,
            43.52831349922098,
            42.52831349922098,
            45.52831349922098,
            42.52831349922098,
            43.52831349922098,
            40.52831349922098,
            41.52831349922097,
            38.52831349922098,
            39.52831349922098,
            38.52831349922098,
            37.52831349922098,
            40.52831349922098,
            43.52831349922098,
            40.52831349922098,
            37.52831349922098,
            40.52831349922098,
            41.52831349922097,
            38.52831349922098,
            37.52831349922098
        ]
    }
}