{
    "episode": 2255,
    "seed": 2255,
    "metrics": {
        "sinr_ue1": [
            30.67251150807513,
            32.05174920163697,
            40.56325710054152,
            26.696030514047813,
            26.395356242040656,
            40.53531534759527,
            24.471815690470752,
            24.734054471830657,
            26.540213690325988,
            43.223947056404896,
            22.317536204034703,
            40.41190184101448,
            35.858953853387135,
            20.534132604033395,
            20.759129510720733,
            45.09269220669901,
            26.22252804478514,
            40.51992730372775,
            16.34417014348049,
            18.402012463078712
        ],
        "sinr_ue2": [
            29.533064222553598,
            24.28872725383712,
            11.75063681377261,
            17.386430953958016,
            26.697590309164667,
            32.70612485432673,
            37.67899952357687,
            16.798661678021297,
            32.73057559494798,
            24.101809693790347,
            36.127133381337195,
            20.02435596087539,
            18.988273022212073,
            20.03647036205666,
            20.648838430265464,
            16.802097720431853,
            34.946568259441726,
            18.770245250393494,
            39.252831867710114,
            40.95845131399972
        ],
        "power_bs1": [
            32.707995281764376,
            31.707995281764376,
            30.707995281764376,
            31.707995281764376,
            30.707995281764376,
            31.707995281764376,
            32.707995281764376,
            35.707995281764376,
            38.707995281764376,
            37.707995281764376,
            34.707995281764376,
            31.707995281764376,
            28.707995281764376,
            31.707995281764376,
            34.70799528176437,
            35.707995281764376,
            38.707995281764376,
            35.707995281764376,
            32.70799528176437,
            33.70799528176437
        ],
        "power_bs2": [
            31.45910786791093,
            28.45910786791093,
            31.45910786791093,
            34.45910786791093,
            33.45910786791093,
            36.45910786791093,
            37.45910786791093,
            40.45910786791093,
            41.45910786791093,
            40.45910786791093,
            41.45910786791093,
            40.45910786791093,
            37.45910786791093,
            40.45910786791093,
            43.45910786791093,
            40.45910786791093,
            41.45910786791093,
            42.45910786791093,
            45.45910786791093,
            44.45910786791093
        ]
    }
}