{
    "episode": 1056,
    "seed": 1056,
    "metrics": {
        "sinr_ue1": [
            36.19063749082705,
            29.347140295912734,
            32.5250115911882,
            17.09314751085305,
            36.54881974430009,
            15.467677029964237,
            30.267796418739636,
            25.182048097046852,
            13.21557513856918,
            33.26266052415001,
            31.90270399649936,
            18.41208361535661,
            11.828218026106029,
            27.441636810604702,
            27.400588880635016,
            24.56442806026952,
            33.0745737169764,
            17.213049596523625,
            26.45678914301272,
            13.777049826727774
        ],
        "sinr_ue2": [
            5.3649167173376195,
            20.03847224655808,
            10.796948943747973,
            20.63834551837241,
            7.204111398486357,
            26.302126352745457,
            10.380861608460961,
            11.395751066802218,
            12.33527310090777,
            15.165152856055975,
            13.069299507465267,
            27.71292639147815,
            29.393943105376522,
            14.132772720658856,
            12.810676279589979,
            13.000812449220284,
            11.137250819787996,
            16.652294613042773,
            14.810030975737117,
            13.161229636917312
        ],
        "power_bs1": [
            42.80162787191376,
            39.80162787191376,
            36.80162787191376,
            37.80162787191375,
            40.80162787191376,
            37.80162787191375,
            34.80162787191376,
            31.80162787191375,
            34.80162787191376,
            37.80162787191375,
            38.80162787191375,
            35.80162787191375,
            36.80162787191375,
            33.80162787191375,
            36.80162787191375,
            37.80162787191375,
            38.80162787191375,
            35.80162787191375,
            36.80162787191375,
            39.80162787191375
        ],
        "power_bs2": [
            35.22366723084062,
            36.22366723084062,
            35.22366723084062,
            34.22366723084062,
            35.22366723084062,
            36.22366723084062,
            33.22366723084062,
            32.22366723084062,
            35.22366723084062,
            36.22366723084062,
            39.22366723084062,
            38.22366723084062,
            39.22366723084062,
            36.22366723084062,
            37.22366723084062,
            38.22366723084062,
            37.22366723084062,
            40.22366723084062,
            39.22366723084062,
            40.22366723084062
        ]
    }
}