{
    "episode": 2107,
    "seed": 2107,
    "metrics": {
        "sinr_ue1": [
            32.76406980117612,
            8.796121779429365,
            2.7708411816045557,
            18.777185197951983,
            19.23530582645004,
            6.771467603792274,
            33.99402435827911,
            21.0924546099128,
            21.695055373473142,
            8.526881010783312,
            30.644975415932024,
            8.624987322350872,
            12.3794730035329,
            12.258321788948521,
            11.80018984480782,
            12.182888770076213,
            6.351418585105666,
            21.98899193817137,
            6.225927233903517,
            4.4023703823351354
        ],
        "sinr_ue2": [
            6.747402325059434,
            8.874936368223947,
            19.18354569493865,
            16.618935157282294,
            14.49283296433074,
            28.664670463473584,
            6.522261426970236,
            6.396844366543131,
            23.061593203275027,
            22.89283678989556,
            4.633616660175804,
            23.180585330269004,
            20.893234536276047,
            24.168152349041137,
            21.70209791849073,
            4.739892660765818,
            22.447488337773777,
            14.312725113947627,
            25.54624860643755,
            26.653178314308118
        ],
        "power_bs1": [
            29.314314880167714,
            30.314314880167714,
            27.31431488016771,
            26.314314880167714,
            25.314314880167714,
            28.314314880167714,
            31.314314880167714,
            30.314314880167714,
            29.314314880167714,
            28.314314880167714,
            29.314314880167714,
            28.314314880167714,
            29.314314880167714,
            28.314314880167714,
            25.314314880167714,
            28.314314880167714,
            25.314314880167714,
            22.31431488016771,
            23.314314880167714,
            24.314314880167714
        ],
        "power_bs2": [
            36.15540887310332,
            39.15540887310332,
            42.15540887310332,
            43.155408873103326,
            40.15540887310331,
            39.15540887310332,
            38.15540887310332,
            37.15540887310332,
            38.15540887310332,
            37.15540887310332,
            34.15540887310332,
            37.15540887310332,
            34.15540887310332,
            33.15540887310332,
            30.155408873103315,
            33.15540887310332,
            36.15540887310332,
            37.15540887310332,
            34.15540887310332,
            37.15540887310332
        ]
    }
}