{
    "episode": 4284,
    "seed": 4284,
    "metrics": {
        "sinr_ue1": [
            24.200532463088088,
            8.943866563402889,
            8.723772775892245,
            6.604345374188366,
            21.06259407861912,
            27.60838467975136,
            8.83020038721119,
            28.703351570504758,
            12.38134297866212,
            17.699285241526734,
            33.64844544778688,
            31.008360892930643,
            15.369610210008059,
            26.626811297851198,
            11.565657705158836,
            13.030016500709722,
            8.00244648451449,
            25.959705843855424,
            6.395747999525325,
            18.124177797028338
        ],
        "sinr_ue2": [
            23.469393748708363,
            36.9554812595216,
            38.9086094408046,
            43.106925063881114,
            39.10024386174476,
            24.78957592660844,
            38.6387938580244,
            17.58914695090799,
            24.5118287838983,
            28.234350343716276,
            25.680128877530738,
            13.66763677744995,
            28.934914505105095,
            26.032072572082996,
            24.702800517779107,
            15.813103921875758,
            36.935027369705374,
            19.87118984967682,
            40.80292063254038,
            26.07845927282028
        ],
        "power_bs1": [
            38.22415199416432,
            39.22415199416432,
            36.224151994164316,
            33.22415199416432,
            36.224151994164316,
            37.22415199416432,
            38.22415199416432,
            39.22415199416432,
            38.22415199416432,
            41.224151994164316,
            42.22415199416432,
            39.224151994164316,
            38.22415199416432,
            35.224151994164316,
            32.22415199416432,
            35.224151994164316,
            32.22415199416432,
            33.22415199416432,
            32.22415199416432,
            31.22415199416432
        ],
        "power_bs2": [
            42.43778671849152,
            41.437786718491516,
            38.437786718491516,
            37.437786718491516,
            38.437786718491516,
            37.437786718491516,
            40.43778671849152,
            37.437786718491516,
            36.437786718491516,
            33.437786718491516,
            32.437786718491516,
            33.437786718491516,
            32.437786718491516,
            31.437786718491516,
            28.437786718491516,
            31.437786718491516,
            34.437786718491516,
            33.437786718491516,
            36.437786718491516,
            37.437786718491516
        ]
    }
}