{
    "episode": 1859,
    "seed": 1859,
    "metrics": {
        "sinr_ue1": [
            43.908289348342215,
            25.41507208686779,
            25.519328937188707,
            27.573766302866378,
            33.2671116778549,
            30.117865272343543,
            23.670817736413543,
            23.547295463112413,
            23.475517222920637,
            21.633902241917227,
            39.03282668540639,
            23.755016081901577,
            40.361724573529465,
            25.984534117851624,
            24.05763878144953,
            23.983499915466098,
            18.097284249378404,
            30.88466175006741,
            18.077922597605173,
            29.90073851811985
        ],
        "sinr_ue2": [
            6.798349775484449,
            29.45035684390969,
            10.838742616370764,
            25.540690192995854,
            34.759372939779475,
            35.95187448197244,
            18.411488123494944,
            30.976528058467547,
            26.053996283513882,
            21.811310453115485,
            12.745277583439039,
            24.692383892960635,
            8.697063772997458,
            25.09612599490034,
            30.041021403315465,
            30.73692939223763,
            30.934707472104073,
            33.858685264551575,
            34.455610241500295,
            20.545703371079256
        ],
        "power_bs1": [
            42.293249547700384,
            41.29324954770038,
            44.29324954770038,
            43.29324954770038,
            40.293249547700384,
            37.29324954770038,
            40.293249547700384,
            37.29324954770038,
            38.29324954770038,
            37.29324954770038,
            40.293249547700384,
            37.29324954770038,
            40.293249547700384,
            43.29324954770038,
            42.293249547700384,
            39.29324954770038,
            36.29324954770038,
            39.29324954770038,
            38.29324954770038,
            37.29324954770038
        ],
        "power_bs2": [
            37.39605913829995,
            40.39605913829995,
            43.396059138299954,
            40.39605913829995,
            41.396059138299954,
            42.39605913829995,
            41.396059138299954,
            38.39605913829995,
            39.39605913829995,
            40.39605913829995,
            41.396059138299954,
            38.39605913829995,
            41.396059138299954,
            42.39605913829995,
            43.396059138299954,
            40.39605913829995,
            43.396059138299954,
            46.396059138299954,
            45.39605913829995,
            46.396059138299954
        ]
    }
}