{
    "episode": 4819,
    "seed": 4819,
    "metrics": {
        "sinr_ue1": [
            13.510287405941437,
            14.848512112838165,
            32.152896331464255,
            9.595534726764438,
            30.173837836053373,
            11.287733188719987,
            37.060206005930226,
            23.54042365682975,
            33.88653323083936,
            24.777553614251154,
            13.490756704679683,
            17.304473666263412,
            32.32285971532868,
            32.7021249806991,
            19.08660071668927,
            37.66859729832886,
            26.82279652233809,
            23.74729576664403,
            26.17502896351459,
            13.411489780153818
        ],
        "sinr_ue2": [
            31.04721881700496,
            33.49582714947544,
            17.139282172762165,
            38.550470344718526,
            16.98728046610347,
            32.391518828019976,
            25.439888837699716,
            26.28709671792086,
            24.145197967558673,
            16.914019464918102,
            16.96898138901053,
            35.04064581784633,
            10.886436180481752,
            10.82592583245084,
            26.045312665752025,
            10.740472303299008,
            14.65115038652031,
            18.67229477423069,
            16.748950279919782,
            37.82296454625476
        ],
        "power_bs1": [
            38.14710666324091,
            37.14710666324091,
            36.14710666324091,
            35.14710666324091,
            36.14710666324091,
            35.14710666324091,
            38.14710666324091,
            35.14710666324091,
            38.147106663240905,
            35.14710666324091,
            38.147106663240905,
            41.147106663240905,
            42.14710666324091,
            41.147106663240905,
            42.14710666324091,
            45.14710666324091,
            42.14710666324091,
            41.147106663240905,
            40.14710666324091,
            37.147106663240905
        ],
        "power_bs2": [
            35.69156726919013,
            32.69156726919013,
            33.69156726919013,
            36.69156726919013,
            33.69156726919013,
            34.69156726919013,
            31.69156726919013,
            30.69156726919013,
            29.691567269190134,
            32.69156726919013,
            35.69156726919013,
            34.69156726919013,
            33.69156726919013,
            32.69156726919013,
            33.69156726919013,
            36.69156726919013,
            37.69156726919013,
            40.69156726919013,
            37.69156726919013,
            34.69156726919013
        ]
    }
}