{
    "episode": 2540,
    "seed": 2540,
    "metrics": {
        "sinr_ue1": [
            30.80007368856417,
            29.199820813209367,
            11.042034011374891,
            9.397036720673299,
            27.989330466656366,
            12.719677220216765,
            3.847556680928792,
            11.254650430415525,
            23.354344159479346,
            28.48808360860862,
            9.281679899477018,
            11.393052957547944,
            27.621658440982362,
            8.912806136579999,
            25.785753745787474,
            26.524199198244688,
            13.04824354939516,
            11.15729929112955,
            29.166797366644385,
            37.07580806546031
        ],
        "sinr_ue2": [
            13.138947885753996,
            28.857361931283766,
            27.877455751469455,
            29.342745432181715,
            13.21681813492795,
            31.027230076892565,
            32.07000909202503,
            18.80579014557502,
            13.12828978737992,
            15.109294825069881,
            33.686855452628016,
            30.324619649119754,
            14.892294710423535,
            28.774947580936654,
            14.17585542872299,
            12.742852049003668,
            13.074240702365731,
            32.84970922071456,
            11.153488525735682,
            9.272947949763891
        ],
        "power_bs1": [
            39.897486724426884,
            40.897486724426884,
            37.897486724426884,
            38.897486724426884,
            41.89748672442689,
            38.897486724426884,
            35.897486724426884,
            38.897486724426884,
            41.897486724426884,
            40.897486724426884,
            37.897486724426884,
            40.897486724426884,
            37.897486724426884,
            34.897486724426884,
            33.897486724426884,
            36.897486724426884,
            39.897486724426884,
            38.897486724426884,
            41.897486724426884,
            44.897486724426884
        ],
        "power_bs2": [
            37.07653240202807,
            36.07653240202807,
            37.07653240202807,
            40.076532402028064,
            39.076532402028064,
            40.07653240202807,
            37.07653240202807,
            38.076532402028064,
            39.076532402028064,
            40.07653240202807,
            39.076532402028064,
            40.07653240202807,
            37.07653240202807,
            36.07653240202807,
            33.076532402028064,
            34.076532402028064,
            37.07653240202807,
            38.076532402028064,
            37.07653240202807,
            38.076532402028064
        ]
    }
}