{
    "episode": 4544,
    "seed": 4544,
    "metrics": {
        "sinr_ue1": [
            34.78461012795401,
            13.8330445648043,
            15.694179354335029,
            15.290198170983222,
            31.592441335625875,
            28.055258871931464,
            20.49855667403301,
            23.17937696851233,
            17.486240407149666,
            19.33315860818627,
            13.542628353906174,
            17.285354432415772,
            16.474901681252142,
            35.67484031985958,
            38.430426701727356,
            21.10217410738921,
            34.95481890777968,
            25.11507979589659,
            40.7999489961042,
            19.09762917506171
        ],
        "sinr_ue2": [
            40.04537156686303,
            52.68552304531531,
            46.51303977171522,
            40.156942751958134,
            21.71727310502792,
            21.944901474748313,
            38.05950025257754,
            46.70259535165922,
            39.962386681380465,
            41.95506619103887,
            35.302885463037,
            25.914328379089987,
            40.16647270395859,
            19.680213058077285,
            19.84273723024089,
            20.0777692001139,
            20.387853923813935,
            34.37961741069276,
            18.130490580542222,
            40.87572586028587
        ],
        "power_bs1": [
            36.233619799741376,
            35.233619799741376,
            36.233619799741376,
            33.23361979974138,
            36.233619799741376,
            39.233619799741376,
            36.233619799741376,
            33.23361979974138,
            36.233619799741376,
            37.233619799741376,
            34.233619799741376,
            35.233619799741376,
            32.233619799741376,
            35.233619799741376,
            32.233619799741376,
            35.233619799741376,
            36.233619799741376,
            39.233619799741376,
            36.233619799741376,
            33.233619799741376
        ],
        "power_bs2": [
            36.773791362880836,
            37.773791362880836,
            36.773791362880836,
            33.773791362880836,
            30.773791362880832,
            33.773791362880836,
            30.773791362880832,
            33.773791362880836,
            34.77379136288083,
            33.773791362880836,
            30.773791362880832,
            33.773791362880836,
            30.773791362880832,
            27.77379136288083,
            24.77379136288083,
            27.77379136288083,
            28.77379136288083,
            27.77379136288083,
            26.773791362880832,
            27.77379136288083
        ]
    }
}