{
    "episode": 713,
    "seed": 713,
    "metrics": {
        "sinr_ue1": [
            40.70055900605716,
            24.942613271373286,
            21.095845955349603,
            18.922122762875382,
            19.538095056218467,
            20.44138063905281,
            32.51402337288968,
            29.962852600791518,
            17.208134682956036,
            11.59907497788923,
            10.036239632034675,
            20.39963532419927,
            30.72297477748165,
            11.567395321258655,
            28.046696648379168,
            17.55800773252803,
            13.796023918181575,
            13.869400935265359,
            13.885301814095056,
            23.43076319496489
        ],
        "sinr_ue2": [
            23.20318408688675,
            22.485875108039718,
            23.874685540759835,
            26.208030686978848,
            23.405552679211855,
            22.317562462065737,
            28.84977117191341,
            12.913269838467132,
            31.62127673900332,
            37.58146127819416,
            32.994329325472115,
            14.666386718781258,
            18.160199987831742,
            18.68674212412439,
            16.944608477935883,
            30.71547833047811,
            17.068723511888937,
            17.116679202978812,
            23.011877185180033,
            17.033796635043274
        ],
        "power_bs1": [
            45.159063116707614,
            46.159063116707614,
            43.159063116707614,
            40.159063116707614,
            37.159063116707614,
            40.159063116707614,
            37.159063116707614,
            40.159063116707614,
            39.159063116707614,
            36.159063116707614,
            35.15906311670761,
            36.159063116707614,
            33.159063116707614,
            36.159063116707614,
            39.15906311670761,
            42.15906311670761,
            41.159063116707614,
            44.15906311670761,
            45.159063116707614,
            42.15906311670761
        ],
        "power_bs2": [
            34.2536575173545,
            35.253657517354505,
            36.253657517354505,
            35.253657517354505,
            34.2536575173545,
            33.2536575173545,
            36.2536575173545,
            37.2536575173545,
            36.2536575173545,
            39.2536575173545,
            36.2536575173545,
            35.2536575173545,
            36.2536575173545,
            39.2536575173545,
            40.2536575173545,
            39.2536575173545,
            42.2536575173545,
            45.2536575173545,
            46.253657517354505,
            43.2536575173545
        ]
    }
}