{
    "episode": 3991,
    "seed": 3991,
    "metrics": {
        "sinr_ue1": [
            31.90055233346262,
            30.30734263170143,
            29.84199684087079,
            45.40290096137964,
            44.20813579236479,
            43.35840756527691,
            29.317030085141525,
            31.036106714745433,
            41.459322107069774,
            45.365645708834734,
            41.734039534504355,
            32.76096268656762,
            57.115477138068336,
            46.75478192027668,
            36.32087235408372,
            43.12880532595477,
            58.49983768473419,
            53.48407451771198,
            38.9816025508108,
            49.34506506022917
        ],
        "sinr_ue2": [
            8.939917609682874,
            10.845084715688449,
            23.164237838244702,
            12.91498856584742,
            14.874711276515633,
            14.617305986034113,
            22.884176152959203,
            24.947649862633078,
            10.840077631972122,
            8.750073438374042,
            10.470451546105437,
            22.441315101704497,
            4.893817547661213,
            6.680325245960532,
            6.538805057831922,
            8.631807915959207,
            4.898041177456532,
            4.670989292136238,
            16.95688100198717,
            14.224615169240561
        ],
        "power_bs1": [
            45.660929962039006,
            42.66092996203901,
            41.66092996203901,
            42.66092996203901,
            41.66092996203901,
            38.66092996203901,
            41.66092996203901,
            42.66092996203901,
            41.66092996203901,
            40.660929962039006,
            37.66092996203901,
            38.66092996203901,
            41.66092996203901,
            38.66092996203901,
            37.66092996203901,
            38.66092996203901,
            41.660929962039006,
            38.66092996203901,
            41.660929962039006,
            40.660929962039006
        ],
        "power_bs2": [
            41.0985709996059,
            40.098570999605904,
            39.098570999605904,
            42.098570999605904,
            43.0985709996059,
            40.098570999605904,
            39.098570999605904,
            38.098570999605904,
            39.098570999605904,
            36.098570999605904,
            35.098570999605904,
            32.098570999605904,
            33.0985709996059,
            32.098570999605904,
            31.098570999605904,
            34.098570999605904,
            33.0985709996059,
            30.098570999605904,
            29.0985709996059,
            28.0985709996059
        ]
    }
}