{
    "episode": 1476,
    "seed": 1476,
    "metrics": {
        "sinr_ue1": [
            30.145695476716163,
            22.946355282560063,
            29.602306382285107,
            6.388159444253314,
            23.078463449353936,
            16.48549289934071,
            22.80647948168106,
            14.755443776473482,
            28.865257326406805,
            29.62598217721777,
            13.860301219552689,
            27.575898779585643,
            26.189198580510066,
            13.84327855833439,
            15.982200991986403,
            15.906416334536914,
            29.03382362516481,
            17.218211113868964,
            34.16922524205943,
            19.67289092445955
        ],
        "sinr_ue2": [
            15.740192226478262,
            16.414818524826412,
            6.653098563817142,
            26.485918941896813,
            18.497308380382734,
            15.226183407902688,
            27.25242703344163,
            22.73691692617266,
            8.661574731043746,
            11.349259041582261,
            29.94658113575958,
            8.63463055796758,
            9.128945194855007,
            24.85955598265001,
            24.46867873613341,
            23.08118564747599,
            6.793608494196096,
            20.62781799282831,
            3.141157447701582,
            16.85696117650486
        ],
        "power_bs1": [
            31.50299985770345,
            28.502999857703447,
            27.502999857703443,
            24.502999857703447,
            25.502999857703443,
            26.502999857703443,
            29.502999857703447,
            28.502999857703447,
            25.502999857703443,
            26.502999857703443,
            29.502999857703447,
            28.502999857703447,
            29.502999857703447,
            26.502999857703443,
            27.502999857703443,
            28.502999857703447,
            25.502999857703447,
            28.502999857703447,
            29.502999857703447,
            32.50299985770344
        ],
        "power_bs2": [
            35.12837109799722,
            34.12837109799722,
            31.12837109799722,
            32.128371097997224,
            35.12837109799722,
            32.128371097997224,
            29.128371097997217,
            26.12837109799722,
            25.12837109799722,
            28.128371097997217,
            29.128371097997217,
            26.12837109799722,
            27.12837109799722,
            24.128371097997217,
            21.12837109799722,
            24.128371097997217,
            23.128371097997217,
            20.12837109799722,
            21.12837109799722,
            24.128371097997217
        ]
    }
}