{
    "episode": 3630,
    "seed": 3630,
    "metrics": {
        "sinr_ue1": [
            19.847009375919747,
            19.21037055482384,
            4.176239401065346,
            6.268268563224108,
            24.955696408336845,
            12.07764645483999,
            11.809158051901644,
            11.710709519234012,
            5.9611256031608795,
            2.108465405582021,
            12.161534746354787,
            7.970689402275321,
            19.454494628046337,
            8.079488599628544,
            30.250000162973734,
            9.94658744844443,
            21.143225935451913,
            11.739161305228503,
            28.87306074446823,
            30.644497928784237
        ],
        "sinr_ue2": [
            22.217299167336538,
            20.388480132706018,
            38.60385617358141,
            34.75486710857597,
            14.58538696344502,
            28.755731357359096,
            28.605398774937033,
            30.827310695467382,
            32.68601631269794,
            34.61922892981967,
            12.40228113473123,
            33.94122587510352,
            17.688931163324643,
            35.75268460413379,
            13.487840858266079,
            30.787417987685288,
            26.959731743475626,
            30.188759017837317,
            23.690577474085508,
            8.61188977738675
        ],
        "power_bs1": [
            32.83537947538229,
            33.83537947538229,
            30.83537947538229,
            33.83537947538229,
            34.83537947538229,
            33.83537947538229,
            30.835379475382286,
            29.83537947538229,
            26.835379475382286,
            25.835379475382286,
            28.83537947538229,
            29.83537947538229,
            30.835379475382286,
            31.835379475382286,
            32.83537947538229,
            33.83537947538229,
            32.83537947538229,
            33.83537947538229,
            36.83537947538228,
            35.83537947538228
        ],
        "power_bs2": [
            42.45959568406218,
            41.45959568406218,
            38.45959568406218,
            39.45959568406218,
            36.45959568406218,
            33.45959568406218,
            30.45959568406218,
            29.45959568406218,
            32.45959568406218,
            35.45959568406218,
            36.45959568406218,
            33.45959568406218,
            36.45959568406218,
            35.45959568406218,
            32.45959568406218,
            35.45959568406218,
            36.45959568406218,
            33.45959568406218,
            30.45959568406218,
            31.45959568406218
        ]
    }
}