{
    "episode": 4084,
    "seed": 4084,
    "metrics": {
        "sinr_ue1": [
            24.38834156992855,
            30.650650146019256,
            26.173561042689034,
            30.895959440441317,
            31.725237001026684,
            36.94976109090773,
            32.01867196591632,
            12.288405373557012,
            34.76365523223298,
            16.763946435958317,
            34.74595268909036,
            17.081516623579304,
            18.903199912626732,
            19.095530571112473,
            33.72929209700747,
            34.31493907899149,
            21.16698143087618,
            15.32235155490926,
            33.368249739400014,
            16.851393059902524
        ],
        "sinr_ue2": [
            17.450847725080266,
            19.351667587486197,
            18.702428378305477,
            27.869993509345996,
            34.290070166319964,
            14.699613541048212,
            17.167708712330786,
            36.74870091994271,
            17.15174744742913,
            16.34729605147767,
            15.114552858807905,
            36.11634491578319,
            23.983145211072042,
            23.087206307284873,
            17.689438729840102,
            15.836200507818116,
            27.30425588164689,
            37.08446026951809,
            19.12957240361643,
            38.07353177852082
        ],
        "power_bs1": [
            35.54997864464277,
            34.54997864464277,
            31.549978644642774,
            30.54997864464277,
            27.549978644642774,
            26.549978644642774,
            27.549978644642774,
            24.54997864464277,
            27.549978644642774,
            30.54997864464277,
            33.54997864464277,
            34.54997864464277,
            33.54997864464277,
            36.54997864464277,
            37.54997864464278,
            40.54997864464277,
            39.54997864464277,
            36.54997864464277,
            33.54997864464277,
            32.54997864464277
        ],
        "power_bs2": [
            39.5292759876597,
            40.529275987659695,
            37.5292759876597,
            34.5292759876597,
            33.5292759876597,
            30.5292759876597,
            33.5292759876597,
            32.5292759876597,
            33.5292759876597,
            34.5292759876597,
            35.5292759876597,
            38.5292759876597,
            35.529275987659695,
            38.5292759876597,
            41.5292759876597,
            42.5292759876597,
            39.5292759876597,
            42.5292759876597,
            39.5292759876597,
            36.529275987659695
        ]
    }
}