{
    "episode": 371,
    "seed": 371,
    "metrics": {
        "sinr_ue1": [
            22.523404775389224,
            20.427747960731637,
            27.817721181571635,
            22.08451686083783,
            42.753709407786154,
            27.85166745872567,
            43.62456513559843,
            26.017898432901386,
            41.15447093739089,
            41.60185700361319,
            25.76439925696821,
            41.016032269127706,
            28.018802500668922,
            25.931347748393296,
            29.86243280354268,
            42.17087529211553,
            44.010359212064756,
            31.76759650434945,
            17.930644909271688,
            33.91652873841926
        ],
        "sinr_ue2": [
            22.61521439607141,
            26.479032742192487,
            9.66985888241035,
            25.560727449547635,
            7.800805922070903,
            25.760873099013097,
            8.279468252108282,
            23.114469745525454,
            9.729543638329476,
            3.86691824433394,
            24.077831379014214,
            7.940300026374292,
            11.084263595870464,
            27.14770646224215,
            20.96637357695231,
            5.968398363979617,
            9.878907527827955,
            13.894194039728765,
            34.302645773050465,
            15.934634783018115
        ],
        "power_bs1": [
            39.262468006071416,
            36.26246800607142,
            37.26246800607142,
            36.26246800607142,
            39.262468006071416,
            40.262468006071416,
            39.262468006071416,
            42.26246800607142,
            39.262468006071416,
            42.26246800607142,
            41.262468006071416,
            42.26246800607142,
            45.262468006071416,
            44.26246800607142,
            45.262468006071416,
            46.262468006071416,
            43.262468006071416,
            42.26246800607142,
            39.262468006071416,
            42.26246800607142
        ],
        "power_bs2": [
            38.58305815383859,
            37.58305815383859,
            34.583058153838586,
            35.58305815383859,
            34.58305815383859,
            33.58305815383859,
            34.58305815383859,
            37.58305815383859,
            36.58305815383859,
            33.58305815383859,
            36.58305815383859,
            37.58305815383859,
            38.58305815383859,
            39.58305815383859,
            36.58305815383859,
            39.583058153838586,
            40.58305815383859,
            43.583058153838586,
            42.58305815383859,
            45.58305815383859
        ]
    }
}