{
    "episode": 1337,
    "seed": 1337,
    "metrics": {
        "sinr_ue1": [
            41.71135047470692,
            31.41623044069022,
            36.5923884858215,
            28.575461537742704,
            38.370129156058056,
            39.33043601898697,
            22.54322421195448,
            20.799540893947967,
            16.897245191385196,
            27.891078543370625,
            27.86564129820832,
            26.087511998473193,
            27.6788667598562,
            28.731059151247713,
            18.737367483075516,
            18.552069919384092,
            34.21887791118316,
            37.057178092647234,
            32.13408127353038,
            36.85157861275653
        ],
        "sinr_ue2": [
            20.02347184284945,
            23.890132383737566,
            19.908357625329778,
            31.76071918880234,
            21.95028224910679,
            31.317055910738137,
            40.77520596186888,
            23.683326573410003,
            42.92361678008953,
            32.874252500235464,
            30.661881460555303,
            32.491051849003505,
            32.73297134100777,
            30.862471246343503,
            45.47310578531927,
            41.29587965560649,
            28.650246952540556,
            23.269968249146594,
            25.46255207742049,
            31.163504315071435
        ],
        "power_bs1": [
            39.52582404469506,
            38.52582404469506,
            39.52582404469506,
            42.525824044695064,
            39.52582404469506,
            38.52582404469506,
            35.52582404469506,
            36.52582404469506,
            33.52582404469506,
            30.52582404469506,
            29.52582404469506,
            28.525824044695057,
            29.52582404469506,
            30.52582404469506,
            33.52582404469506,
            32.52582404469506,
            29.52582404469506,
            32.52582404469506,
            33.52582404469506,
            36.52582404469506
        ],
        "power_bs2": [
            36.60430805682288,
            39.60430805682289,
            36.60430805682288,
            35.60430805682288,
            38.60430805682289,
            35.60430805682288,
            34.60430805682289,
            37.60430805682289,
            38.60430805682289,
            41.60430805682289,
            38.60430805682288,
            39.60430805682288,
            40.60430805682288,
            39.60430805682288,
            36.60430805682288,
            35.60430805682288,
            36.60430805682288,
            33.60430805682288,
            36.60430805682288,
            33.60430805682288
        ]
    }
}