{
    "episode": 660,
    "seed": 660,
    "metrics": {
        "sinr_ue1": [
            15.08434386490604,
            32.0739297100392,
            24.25128406966894,
            11.11378521440389,
            12.943037979326434,
            29.29391799322538,
            22.079826670461166,
            15.063247076697447,
            17.224208681056403,
            28.381701499789717,
            21.047707815820303,
            43.63092143460874,
            27.748107054236037,
            29.211655050694027,
            41.626635838293026,
            40.314741469588576,
            27.87557232180664,
            49.93147886731583,
            42.718276341470755,
            47.49669712669728
        ],
        "sinr_ue2": [
            34.71238053744889,
            16.734959150476286,
            18.60962636494733,
            37.58424148487397,
            33.96370379558144,
            29.03819469399782,
            15.564949508180064,
            32.84924004548558,
            30.04596458837245,
            14.37271465578322,
            29.264008120654793,
            6.486777829437115,
            20.846634430041608,
            5.59991591418428,
            5.862526875741735,
            2.2726152081955413,
            20.583537997337352,
            0.5369328587829668,
            0.45179688663790524,
            14.727508353547925
        ],
        "power_bs1": [
            39.43843556155154,
            38.43843556155154,
            37.43843556155154,
            34.43843556155154,
            33.43843556155154,
            32.43843556155154,
            31.438435561551543,
            32.43843556155154,
            35.43843556155154,
            36.43843556155154,
            39.43843556155154,
            38.43843556155154,
            35.43843556155154,
            32.43843556155154,
            33.43843556155154,
            36.43843556155154,
            37.43843556155154,
            38.43843556155154,
            37.43843556155154,
            38.43843556155154
        ],
        "power_bs2": [
            41.83829298083757,
            42.83829298083758,
            43.83829298083757,
            40.83829298083757,
            37.83829298083758,
            34.83829298083757,
            35.83829298083757,
            34.83829298083757,
            35.83829298083757,
            38.83829298083757,
            35.83829298083757,
            32.83829298083757,
            29.838292980837572,
            26.838292980837572,
            27.838292980837572,
            26.838292980837572,
            25.838292980837572,
            26.838292980837572,
            25.838292980837572,
            24.838292980837572
        ]
    }
}