{
    "episode": 3853,
    "seed": 3853,
    "metrics": {
        "sinr_ue1": [
            38.58897372533347,
            39.72067355616306,
            27.329435431763535,
            37.35096966570587,
            27.348384953442725,
            34.83811526993078,
            41.04121913828125,
            22.200994097167204,
            41.98173229702567,
            32.184785125983176,
            30.1773375485404,
            30.75835645886051,
            37.62250791895103,
            14.521442794083812,
            10.460545754429287,
            8.508826873599313,
            8.6318159010169,
            10.792044755639624,
            16.791871870600954,
            23.946114426670633
        ],
        "sinr_ue2": [
            27.256404219383114,
            18.565131911025286,
            13.715257535597157,
            9.868956721189067,
            28.71031879747731,
            9.848793699432607,
            4.09634299535907,
            24.041005849951315,
            5.8822321138321065,
            9.803337177152683,
            11.868743981858614,
            9.922387584009446,
            9.841739369435773,
            23.733013675357313,
            34.70638489480636,
            39.46700273152868,
            33.26140983472973,
            38.004788685145904,
            28.902559768564046,
            32.26837090269933
        ],
        "power_bs1": [
            40.67308482008973,
            37.67308482008973,
            34.67308482008973,
            35.67308482008973,
            36.67308482008973,
            35.67308482008973,
            38.67308482008973,
            37.67308482008973,
            36.67308482008973,
            35.67308482008973,
            36.67308482008973,
            37.67308482008973,
            36.67308482008973,
            33.67308482008973,
            32.67308482008973,
            33.67308482008973,
            30.673084820089723,
            33.67308482008973,
            36.67308482008973,
            33.67308482008973
        ],
        "power_bs2": [
            35.937438521690545,
            32.937438521690545,
            35.937438521690545,
            32.937438521690545,
            33.937438521690545,
            32.937438521690545,
            29.937438521690545,
            30.93743852169055,
            29.937438521690545,
            32.937438521690545,
            35.937438521690545,
            34.937438521690545,
            33.937438521690545,
            34.937438521690545,
            37.937438521690545,
            40.937438521690545,
            37.937438521690545,
            38.937438521690545,
            35.937438521690545,
            38.937438521690545
        ]
    }
}