{
    "episode": 510,
    "seed": 510,
    "metrics": {
        "sinr_ue1": [
            16.77062375341621,
            20.40143868942543,
            20.760443816064797,
            38.65939628180266,
            16.752007272667292,
            18.808032667749753,
            32.289550342000894,
            26.78777767162056,
            23.491419822742152,
            31.36346725989892,
            11.071176131471482,
            31.21291942158894,
            17.512139183963054,
            21.799456053450058,
            25.037748092679074,
            25.422299359060435,
            27.01613359783831,
            27.151932566186442,
            8.613827551493118,
            18.822019441971932
        ],
        "sinr_ue2": [
            29.45147457904159,
            28.617302398651123,
            27.54892168361653,
            12.623906274538971,
            28.9761693655525,
            28.851661812571862,
            12.427955244080888,
            18.14576617718197,
            20.092592406030604,
            18.192644793818303,
            39.327574946648056,
            16.246317271486827,
            19.765838815357093,
            21.879419147918206,
            40.86946656312967,
            22.996205460437977,
            16.33869916524054,
            23.12150051446111,
            35.78418168342045,
            23.5397343269062
        ],
        "power_bs1": [
            40.19607067525832,
            41.19607067525831,
            44.19607067525831,
            43.19607067525831,
            40.19607067525832,
            43.19607067525831,
            40.19607067525831,
            37.19607067525831,
            36.19607067525831,
            37.19607067525831,
            36.19607067525831,
            37.19607067525831,
            34.19607067525831,
            35.19607067525831,
            34.19607067525831,
            31.196070675258312,
            32.19607067525831,
            31.196070675258312,
            30.196070675258312,
            27.196070675258312
        ],
        "power_bs2": [
            36.44957890068584,
            33.44957890068584,
            36.44957890068584,
            37.44957890068584,
            36.44957890068584,
            37.44957890068584,
            34.44957890068585,
            37.44957890068584,
            38.44957890068584,
            37.44957890068584,
            38.44957890068584,
            35.44957890068584,
            36.44957890068584,
            39.44957890068585,
            38.44957890068584,
            37.44957890068584,
            34.44957890068584,
            37.44957890068584,
            34.44957890068584,
            35.44957890068584
        ]
    }
}