{
    "episode": 2774,
    "seed": 2774,
    "metrics": {
        "sinr_ue1": [
            14.707522716472518,
            18.747974024058596,
            16.200400834145764,
            17.542405344588452,
            5.303076712644512,
            6.96921829499192,
            31.0292095701071,
            19.9031196194315,
            28.891876278022522,
            11.244606141902114,
            11.088756330379274,
            33.16960211881843,
            19.61326463959749,
            21.188436708385808,
            37.86988679865476,
            26.303466739422404,
            40.77881361051139,
            39.667215536705584,
            19.621121281794697,
            19.930951399303787
        ],
        "sinr_ue2": [
            23.195612215990288,
            19.597770041502216,
            42.20880771883654,
            22.54148071934486,
            35.8604049974834,
            30.823864942927738,
            13.445737477450706,
            28.78446883016349,
            13.41456103391469,
            31.46082853512493,
            32.8309182027158,
            23.935136539722365,
            13.457794225237548,
            16.44570733412991,
            0.287262011653853,
            1.7673610753241689,
            0.17497946864084524,
            2.495700086895192,
            19.34807845138232,
            23.202966869313293
        ],
        "power_bs1": [
            29.59863366927994,
            32.59863366927994,
            29.59863366927994,
            26.59863366927994,
            29.59863366927994,
            28.59863366927994,
            31.59863366927994,
            28.59863366927994,
            31.59863366927994,
            34.59863366927994,
            33.59863366927994,
            34.59863366927994,
            37.59863366927994,
            38.59863366927994,
            41.59863366927994,
            42.59863366927994,
            41.59863366927994,
            38.59863366927994,
            37.59863366927994,
            38.59863366927994
        ],
        "power_bs2": [
            43.41125083013796,
            42.41125083013795,
            43.41125083013796,
            40.41125083013796,
            39.41125083013795,
            36.41125083013796,
            35.41125083013795,
            38.41125083013796,
            35.41125083013795,
            38.41125083013796,
            37.41125083013796,
            34.41125083013795,
            31.411250830137956,
            30.411250830137956,
            29.411250830137952,
            28.411250830137952,
            31.411250830137956,
            30.411250830137956,
            31.411250830137956,
            32.41125083013795
        ]
    }
}