{
    "episode": 848,
    "seed": 848,
    "metrics": {
        "sinr_ue1": [
            35.61514195907312,
            16.893773255537056,
            19.479330784663414,
            30.271507999075006,
            15.569304147666616,
            15.35073285006844,
            17.129149638101815,
            16.867550318472368,
            28.146817856003516,
            17.21144013065527,
            14.708892427153373,
            26.021167350264378,
            26.65902168841029,
            27.744476807315426,
            7.509212503923212,
            6.154954288791144,
            5.682663394091865,
            22.45316377155943,
            13.959994794661352,
            20.309300574679213
        ],
        "sinr_ue2": [
            9.602481473412121,
            27.903607730870675,
            20.783216313697444,
            13.814283521217924,
            19.950467963929324,
            29.174048188661352,
            28.109235598954214,
            31.561454452164412,
            24.604356980850337,
            25.99306982539632,
            27.60384012479647,
            14.224774795782293,
            12.880192122171039,
            16.382202399852975,
            35.31573956487797,
            36.604158291679965,
            20.37362892327705,
            17.57236276577586,
            20.26931633439756,
            38.78142776968512
        ],
        "power_bs1": [
            37.77352197524491,
            38.77352197524491,
            41.77352197524491,
            40.77352197524491,
            39.77352197524491,
            38.77352197524491,
            39.77352197524491,
            38.77352197524491,
            39.77352197524491,
            36.77352197524491,
            33.77352197524491,
            30.773521975244908,
            27.77352197524491,
            26.77352197524491,
            29.773521975244908,
            26.77352197524491,
            25.773521975244908,
            22.773521975244904,
            23.773521975244908,
            26.77352197524491
        ],
        "power_bs2": [
            32.61562742445163,
            33.61562742445163,
            36.61562742445163,
            39.61562742445163,
            36.615627424451624,
            35.61562742445163,
            34.61562742445163,
            33.61562742445163,
            32.61562742445163,
            29.61562742445163,
            28.615627424451628,
            31.615627424451628,
            28.615627424451628,
            31.615627424451628,
            34.615627424451624,
            31.615627424451628,
            30.615627424451624,
            31.615627424451628,
            34.615627424451624,
            37.61562742445163
        ]
    }
}