{
    "episode": 3734,
    "seed": 3734,
    "metrics": {
        "sinr_ue1": [
            34.66560759855736,
            28.72176354731136,
            19.331750236695225,
            29.254943254487618,
            41.306531144238434,
            40.894935003610314,
            22.243558918021474,
            38.62593015352896,
            31.73062160019859,
            18.756152650489646,
            38.099713327559556,
            21.591743609386597,
            21.482117540624177,
            42.5379518399549,
            18.87713478239319,
            20.765229872158173,
            17.220086719105975,
            37.76622296070288,
            18.157562054293408,
            19.71481474011081
        ],
        "sinr_ue2": [
            10.86441468049285,
            12.649746901248607,
            19.848718797785335,
            19.926162952985546,
            2.9779466461450643,
            14.404970936120433,
            18.86241426072505,
            4.8777808386001,
            5.002106282548343,
            29.214786632773937,
            8.80945550662294,
            20.65635221688349,
            21.74698748816514,
            14.748922787652337,
            19.667506283735378,
            22.23818389204089,
            29.47844529489541,
            6.835155086636783,
            29.745182045313953,
            25.893060346314453
        ],
        "power_bs1": [
            36.85450248047866,
            35.85450248047866,
            36.85450248047866,
            37.85450248047866,
            38.85450248047866,
            41.85450248047865,
            38.85450248047866,
            37.85450248047866,
            38.85450248047866,
            35.85450248047866,
            36.85450248047866,
            37.85450248047866,
            36.85450248047866,
            37.85450248047866,
            34.85450248047866,
            37.85450248047866,
            34.85450248047866,
            37.85450248047866,
            34.85450248047866,
            37.85450248047865
        ],
        "power_bs2": [
            29.855564656340597,
            32.8555646563406,
            29.85556465634059,
            26.855564656340594,
            25.855564656340594,
            24.85556465634059,
            27.85556465634059,
            26.855564656340594,
            27.85556465634059,
            28.85556465634059,
            29.85556465634059,
            26.855564656340594,
            23.85556465634059,
            22.85556465634059,
            25.855564656340594,
            28.85556465634059,
            29.85556465634059,
            28.85556465634059,
            27.855564656340594,
            30.855564656340594
        ]
    }
}