{
    "episode": 3323,
    "seed": 3323,
    "metrics": {
        "sinr_ue1": [
            17.888414402174377,
            36.23968890073498,
            31.175018355177052,
            26.565850103379375,
            24.358079807542676,
            13.94139106428132,
            25.55696536360309,
            13.882658526825045,
            11.816701402873493,
            32.73306115713007,
            15.422916139208096,
            17.50693734661302,
            17.925428705258582,
            36.00248556632437,
            17.397808104885122,
            38.6115046126045,
            19.02047316639726,
            31.07262354202346,
            30.42446202040743,
            23.20903621258788
        ],
        "sinr_ue2": [
            46.5178700882477,
            28.359014603132945,
            30.266476292896666,
            30.804188452934113,
            45.70988122592826,
            48.43202494321315,
            30.20898523307322,
            48.02170673995839,
            46.53785312574455,
            27.733805274895946,
            39.12923246391153,
            41.07618634761262,
            44.3601868266373,
            25.203666019160632,
            44.51874253133391,
            20.591236590110356,
            29.688899470482433,
            17.3680045905343,
            20.716288882699647,
            38.87155754316653
        ],
        "power_bs1": [
            28.531414745032567,
            25.531414745032563,
            24.531414745032567,
            27.531414745032563,
            26.531414745032563,
            25.531414745032563,
            24.531414745032567,
            23.531414745032567,
            22.531414745032563,
            23.531414745032567,
            20.531414745032563,
            21.531414745032563,
            24.531414745032563,
            23.531414745032567,
            20.531414745032563,
            21.531414745032563,
            20.531414745032563,
            21.531414745032563,
            22.531414745032563,
            23.531414745032567
        ],
        "power_bs2": [
            40.14049065651547,
            39.14049065651546,
            40.14049065651547,
            43.14049065651546,
            42.14049065651547,
            41.14049065651546,
            40.14049065651547,
            39.14049065651546,
            40.14049065651547,
            37.14049065651547,
            34.14049065651546,
            33.14049065651546,
            36.14049065651547,
            35.14049065651547,
            32.14049065651546,
            29.140490656515464,
            30.140490656515464,
            33.14049065651546,
            30.14049065651546,
            29.140490656515464
        ]
    }
}