{
    "episode": 4903,
    "seed": 4903,
    "metrics": {
        "sinr_ue1": [
            27.508340980750443,
            23.0466620345792,
            30.090120083837185,
            12.701570801762752,
            12.693033492720733,
            27.853348925632805,
            18.516651086886505,
            14.804466780920865,
            28.37269648781816,
            25.175875294963184,
            6.913268695939666,
            19.543825339939943,
            7.105831663193715,
            0.73919314150964,
            7.217075071040064,
            15.858744738727138,
            31.000411305684462,
            34.787255228674645,
            13.10799201064065,
            5.514867836199919
        ],
        "sinr_ue2": [
            46.777447474479104,
            59.141522300925764,
            47.373009220284096,
            60.47660949325713,
            63.21766707415271,
            44.871797295923756,
            56.16824949195335,
            59.70484271766824,
            54.89430033250056,
            45.33768882463037,
            69.27576944683834,
            48.26518367197788,
            63.58796487545246,
            66.9410859748632,
            62.69323106945657,
            62.49643806144348,
            46.47259170070242,
            44.1513982680194,
            56.33716539591408,
            63.01473661779574
        ],
        "power_bs1": [
            31.57446984454402,
            32.57446984454401,
            33.57446984454401,
            34.57446984454401,
            33.57446984454401,
            32.57446984454402,
            35.57446984454402,
            34.57446984454401,
            33.57446984454401,
            30.574469844544016,
            29.574469844544016,
            30.574469844544016,
            29.574469844544016,
            32.57446984454401,
            35.57446984454402,
            36.57446984454402,
            37.57446984454402,
            36.57446984454402,
            35.57446984454402,
            38.57446984454401
        ],
        "power_bs2": [
            31.334486964165148,
            34.334486964165144,
            37.33448696416515,
            36.334486964165144,
            35.334486964165144,
            34.334486964165144,
            31.334486964165148,
            34.334486964165144,
            31.334486964165144,
            34.334486964165144,
            37.334486964165144,
            36.334486964165144,
            37.334486964165144,
            40.334486964165144,
            43.334486964165144,
            42.33448696416515,
            41.334486964165144,
            38.334486964165144,
            37.334486964165144,
            38.334486964165144
        ]
    }
}