{
    "episode": 1386,
    "seed": 1386,
    "metrics": {
        "sinr_ue1": [
            34.61237610865078,
            12.62207709205276,
            27.90871257777181,
            38.76239630914477,
            16.322042009618748,
            17.848560180993847,
            23.98141806531266,
            13.892605571282605,
            10.102260763452923,
            33.67739297977891,
            32.736198590194256,
            18.099702324963527,
            15.401450616509067,
            16.02760361632705,
            12.40394813094734,
            13.321451817981602,
            15.51954786170452,
            31.564290596298925,
            17.050631023905467,
            5.672651580207844
        ],
        "sinr_ue2": [
            10.589276715773991,
            23.6312441194184,
            15.674630182882602,
            4.52976825827116,
            25.825459772925523,
            26.44918314283673,
            10.359589855439538,
            24.849109400946627,
            24.500760793412248,
            8.156104374818048,
            25.678034257840146,
            14.78641621200666,
            16.472809529924973,
            26.51322280002079,
            25.223966623588694,
            31.273766582179242,
            28.514154177108857,
            11.81579413271951,
            15.057436614459892,
            34.70895943723984
        ],
        "power_bs1": [
            38.34338421322556,
            35.34338421322556,
            34.34338421322556,
            37.34338421322556,
            36.34338421322556,
            35.34338421322556,
            34.34338421322556,
            31.343384213225566,
            28.343384213225562,
            31.343384213225566,
            28.343384213225562,
            31.343384213225566,
            32.34338421322556,
            29.343384213225562,
            26.343384213225562,
            29.343384213225562,
            32.34338421322556,
            29.34338421322556,
            26.343384213225562,
            23.343384213225562
        ],
        "power_bs2": [
            41.323575299217225,
            40.323575299217225,
            37.323575299217225,
            34.323575299217225,
            37.323575299217225,
            36.323575299217225,
            37.323575299217225,
            34.323575299217225,
            35.323575299217225,
            32.323575299217225,
            31.323575299217225,
            28.323575299217225,
            27.323575299217225,
            28.323575299217225,
            29.32357529921722,
            32.323575299217225,
            33.323575299217225,
            34.323575299217225,
            35.323575299217225,
            34.323575299217225
        ]
    }
}