{
    "episode": 1227,
    "seed": 1227,
    "metrics": {
        "sinr_ue1": [
            27.473274948354604,
            10.56864165993435,
            10.632192034048117,
            14.546043531238869,
            41.75050880571944,
            38.501567280648395,
            14.507453876774738,
            14.408966078373776,
            12.331031929012973,
            12.520870885858034,
            31.734265960813666,
            14.170003542535435,
            31.07811452249484,
            26.80386384636842,
            26.03438464261511,
            8.345923985049321,
            25.9435137681852,
            26.82459605378184,
            17.317106344665458,
            15.714015281298616
        ],
        "sinr_ue2": [
            23.687799739173904,
            42.99323245689201,
            33.87889316872445,
            34.80779389748811,
            14.11141803477474,
            16.001090566840602,
            34.28417768151364,
            23.68912575304449,
            35.92816394223125,
            37.57139018069055,
            19.831520587841183,
            35.82060150744943,
            23.752443034673032,
            36.58878490503997,
            25.463761052417794,
            36.946455703481774,
            25.29327079068149,
            27.08108639189806,
            26.708797452618764,
            31.842749484922763
        ],
        "power_bs1": [
            37.52366585457212,
            40.52366585457213,
            41.52366585457212,
            42.52366585457213,
            45.52366585457213,
            44.52366585457212,
            41.52366585457212,
            40.52366585457213,
            37.52366585457212,
            40.52366585457213,
            39.52366585457212,
            38.52366585457212,
            37.52366585457212,
            38.52366585457212,
            35.52366585457212,
            34.52366585457212,
            33.52366585457212,
            32.52366585457212,
            29.523665854572126,
            26.523665854572123
        ],
        "power_bs2": [
            41.590384722305345,
            44.590384722305345,
            45.59038472230534,
            42.590384722305345,
            39.59038472230534,
            40.59038472230534,
            41.590384722305345,
            40.59038472230534,
            39.59038472230534,
            42.590384722305345,
            39.59038472230534,
            38.59038472230534,
            41.59038472230534,
            38.59038472230534,
            41.59038472230534,
            40.59038472230534,
            39.59038472230534,
            40.59038472230534,
            37.59038472230534,
            40.59038472230534
        ]
    }
}