{
    "episode": 112,
    "seed": 112,
    "metrics": {
        "sinr_ue1": [
            24.841692796326,
            33.84822166663702,
            49.42454303267824,
            35.88077792347443,
            55.54328401095329,
            48.49012326503113,
            32.23929985295621,
            35.00725054034311,
            34.10543766806646,
            23.084566262916496,
            26.64570956501068,
            39.658875946194875,
            34.73642825218268,
            22.304235942834723,
            23.082109988358766,
            28.167689409938347,
            25.71456385924211,
            8.136777532041267,
            13.925072427144066,
            18.004723058703256
        ],
        "sinr_ue2": [
            20.517111402956537,
            15.654064249621735,
            14.096218590225764,
            1.6468980157307536,
            0.6077497045313119,
            2.5174093387888257,
            19.388999904223024,
            6.42085555535378,
            10.380205995516354,
            28.935066273988582,
            18.053094863954776,
            16.06426032273282,
            28.14741691181076,
            15.85622010201382,
            17.435474671054628,
            21.209025144098863,
            24.32430840305692,
            34.75371305332737,
            29.776130452848836,
            32.766523079157075
        ],
        "power_bs1": [
            41.87283564935229,
            42.87283564935229,
            39.87283564935229,
            42.87283564935229,
            41.87283564935229,
            40.87283564935228,
            41.87283564935229,
            38.87283564935229,
            37.87283564935229,
            34.87283564935229,
            31.872835649352286,
            32.87283564935229,
            29.87283564935229,
            30.872835649352286,
            27.87283564935229,
            26.872835649352286,
            23.87283564935229,
            24.872835649352286,
            27.87283564935229,
            30.872835649352286
        ],
        "power_bs2": [
            32.78830514719659,
            31.788305147196585,
            32.78830514719659,
            29.78830514719658,
            30.788305147196585,
            31.788305147196585,
            32.78830514719659,
            33.78830514719659,
            36.78830514719658,
            35.78830514719658,
            38.78830514719659,
            37.78830514719659,
            36.78830514719658,
            35.78830514719658,
            34.78830514719658,
            37.78830514719659,
            38.78830514719659,
            39.78830514719659,
            38.78830514719659,
            35.78830514719658
        ]
    }
}