{
    "episode": 3529,
    "seed": 3529,
    "metrics": {
        "sinr_ue1": [
            38.3343241333718,
            44.75210664103515,
            46.74997974041445,
            27.31030671412709,
            27.044633038308625,
            26.81344124929153,
            44.83064991003797,
            24.687368154269752,
            36.40396604755358,
            25.13007603337104,
            44.609664449849696,
            40.48031148972775,
            21.4793986694006,
            17.68501012056729,
            23.698231910648374,
            23.497293495867527,
            42.108685652329534,
            34.37962107912083,
            15.527528500749881,
            19.249326657650908
        ],
        "sinr_ue2": [
            7.6105209974792825,
            7.93279038697359,
            6.0882360037769025,
            27.558446965332834,
            25.256361537663846,
            22.838452274136504,
            9.16326360794851,
            30.56361919224049,
            27.959408969134554,
            10.917641011160264,
            11.20202161586326,
            11.763288894402223,
            32.22386523595739,
            39.10045854492229,
            30.149343031870668,
            31.123389058523635,
            14.741687586169592,
            16.436661476438413,
            39.77176264053173,
            37.80372511028912
        ],
        "power_bs1": [
            36.72485212480821,
            39.72485212480821,
            42.72485212480821,
            41.724852124808216,
            38.72485212480821,
            35.72485212480821,
            34.72485212480821,
            31.72485212480821,
            30.72485212480821,
            33.72485212480821,
            34.72485212480821,
            37.72485212480821,
            34.72485212480821,
            33.72485212480821,
            36.72485212480821,
            33.72485212480821,
            32.72485212480821,
            31.72485212480821,
            30.724852124808212,
            31.724852124808216
        ],
        "power_bs2": [
            30.104829493669524,
            33.10482949366952,
            34.10482949366952,
            37.10482949366952,
            34.10482949366952,
            31.10482949366952,
            30.104829493669524,
            29.10482949366952,
            28.10482949366952,
            31.10482949366952,
            32.10482949366952,
            35.10482949366952,
            36.10482949366952,
            39.10482949366952,
            36.10482949366952,
            33.10482949366952,
            34.10482949366952,
            35.10482949366952,
            38.10482949366952,
            35.10482949366952
        ]
    }
}