{
    "episode": 874,
    "seed": 874,
    "metrics": {
        "sinr_ue1": [
            34.352906566373235,
            36.23221420709973,
            32.175920855970816,
            40.501831628173065,
            41.33667013577647,
            28.26516386417486,
            49.915007709631496,
            52.61756131352889,
            28.62089950517538,
            43.135655622960336,
            53.782023907286,
            42.39381016480894,
            32.981250545491015,
            29.240367508056956,
            51.812482497017,
            38.421490869060634,
            49.532680588151194,
            29.507269737301737,
            29.676757409420254,
            27.922097736338024
        ],
        "sinr_ue2": [
            12.370328263825751,
            12.440099265761779,
            14.500254965028512,
            10.541695909698515,
            20.41065983943305,
            6.5686059295042485,
            0.5667128802005071,
            0.5435555482439616,
            21.75160322623151,
            6.457651717700833,
            0.5833376683055862,
            21.510131012135005,
            17.94020586558833,
            22.700728855375147,
            4.577901318918707,
            10.464617096752217,
            6.628493108598931,
            6.708394542299146,
            23.911599559326522,
            27.07526059929835
        ],
        "power_bs1": [
            34.10702887192086,
            37.10702887192086,
            38.10702887192086,
            39.10702887192086,
            40.10702887192086,
            43.10702887192086,
            46.10702887192086,
            43.10702887192086,
            40.10702887192086,
            37.10702887192086,
            40.10702887192085,
            37.10702887192086,
            40.10702887192085,
            37.10702887192085,
            38.10702887192085,
            35.10702887192086,
            38.10702887192085,
            41.10702887192086,
            42.10702887192085,
            43.10702887192086
        ],
        "power_bs2": [
            39.393985655676914,
            42.39398565567691,
            45.393985655676914,
            42.39398565567691,
            39.393985655676914,
            42.39398565567691,
            39.393985655676914,
            36.39398565567691,
            39.393985655676914,
            36.39398565567691,
            33.39398565567691,
            36.39398565567691,
            35.39398565567691,
            36.39398565567691,
            35.39398565567691,
            38.39398565567691,
            37.39398565567691,
            40.39398565567691,
            41.3939856556769,
            44.393985655676914
        ]
    }
}