{
    "episode": 4979,
    "seed": 4979,
    "metrics": {
        "sinr_ue1": [
            29.810303418296044,
            6.303101156517879,
            8.261229276175827,
            4.30832399009131,
            15.29422895539853,
            21.18343959971595,
            8.203150599549009,
            23.68513077464991,
            6.1147338555262865,
            7.9685491969932425,
            8.112550466205839,
            2.1669628662559393,
            19.29734133539059,
            6.2111324095346365,
            19.483051412245032,
            10.197310716893712,
            8.277548845107525,
            20.913324636221276,
            34.99639137564544,
            33.54921709755975
        ],
        "sinr_ue2": [
            8.774648246427489,
            35.92615737405488,
            12.808593002332891,
            34.81683364668141,
            20.541894451615104,
            16.63628075202916,
            16.902282670062647,
            28.88864953767915,
            28.446222812124482,
            28.52986059372929,
            12.649404688727726,
            35.76852843935583,
            18.60697334536185,
            29.833040151650977,
            28.355696133154265,
            27.31202014577757,
            28.05564237450995,
            27.647391099255664,
            6.795509042965375,
            4.791343563027377
        ],
        "power_bs1": [
            42.00474998857838,
            39.00474998857838,
            42.00474998857838,
            39.00474998857838,
            36.00474998857838,
            37.00474998857838,
            38.00474998857838,
            35.00474998857838,
            36.00474998857838,
            35.00474998857838,
            38.004749988578375,
            35.00474998857838,
            38.004749988578375,
            39.004749988578375,
            40.00474998857838,
            39.004749988578375,
            40.00474998857838,
            41.004749988578375,
            44.00474998857838,
            43.004749988578375
        ],
        "power_bs2": [
            40.51148391220056,
            43.51148391220057,
            44.51148391220056,
            45.51148391220057,
            46.51148391220056,
            43.51148391220057,
            40.51148391220056,
            37.51148391220056,
            40.51148391220056,
            37.51148391220056,
            40.51148391220056,
            43.51148391220057,
            46.51148391220056,
            43.51148391220056,
            42.51148391220056,
            39.51148391220056,
            42.51148391220056,
            39.51148391220056,
            40.51148391220056,
            37.51148391220056
        ]
    }
}