{
    "episode": 4841,
    "seed": 4841,
    "metrics": {
        "sinr_ue1": [
            29.24893188498452,
            28.407957716859205,
            21.69016388528099,
            38.160176841034854,
            36.6693142860356,
            31.304397401108204,
            17.936305728658596,
            38.32238041082145,
            35.3508282145887,
            19.9759995566072,
            20.215029878349426,
            42.35638910372397,
            19.698995294789228,
            37.80193859861397,
            34.14651307511539,
            26.647569203426436,
            28.550015702564664,
            16.347035498356192,
            27.92748284272291,
            22.145147189888633
        ],
        "sinr_ue2": [
            32.82708908321562,
            28.97768205857659,
            36.19808039153421,
            22.72090388090789,
            29.882421568058497,
            34.611068511114965,
            33.54854246741685,
            26.728761426871888,
            26.746048946229855,
            40.526871104198364,
            30.074715383277294,
            23.992182029489463,
            40.48449506207527,
            22.108790062632785,
            25.9038259171864,
            31.903694274332736,
            32.2419441522223,
            36.21766915870679,
            36.36551981621809,
            36.535856705961386
        ],
        "power_bs1": [
            40.98467001935493,
            41.98467001935492,
            44.98467001935492,
            41.98467001935492,
            38.98467001935492,
            41.98467001935492,
            44.98467001935492,
            45.98467001935492,
            42.98467001935492,
            41.98467001935492,
            38.98467001935492,
            41.98467001935492,
            40.98467001935492,
            43.98467001935492,
            40.98467001935492,
            37.98467001935492,
            40.98467001935492,
            39.98467001935492,
            40.98467001935492,
            43.98467001935492
        ],
        "power_bs2": [
            37.73082553677454,
            34.73082553677454,
            31.730825536774535,
            28.73082553677454,
            29.73082553677454,
            32.73082553677454,
            35.73082553677453,
            36.73082553677454,
            33.73082553677454,
            30.730825536774535,
            33.73082553677454,
            30.730825536774535,
            29.730825536774535,
            30.730825536774535,
            31.730825536774535,
            34.73082553677453,
            37.73082553677454,
            40.73082553677453,
            41.73082553677453,
            44.73082553677454
        ]
    }
}