{
    "episode": 4071,
    "seed": 4071,
    "metrics": {
        "sinr_ue1": [
            41.01447158064307,
            22.993519022852173,
            24.758526337645574,
            35.7952459388307,
            37.565017656985496,
            28.075011256932243,
            24.385559924316986,
            38.27427472076867,
            42.57175804935903,
            35.26540063812115,
            22.470823109385947,
            22.345370641846248,
            21.986319922563275,
            33.45637140875847,
            24.878069251097173,
            17.954273551048075,
            18.494204570645124,
            33.190248577374305,
            28.853802826106087,
            16.82262609559981
        ],
        "sinr_ue2": [
            29.94583241184102,
            25.438125403054567,
            21.158995401982537,
            32.09055639407376,
            13.383727432339134,
            22.530742651222987,
            25.352290087241162,
            7.1857403733728376,
            12.880030394811044,
            5.163660962141736,
            9.07292906101254,
            27.305641517465943,
            26.74606261432283,
            9.827541169952212,
            25.934374852598808,
            27.4260800106357,
            27.498192232515688,
            12.894003514370162,
            15.104006632618855,
            15.477850408371642
        ],
        "power_bs1": [
            37.03908709650521,
            36.03908709650521,
            35.03908709650521,
            32.039087096505206,
            35.03908709650521,
            36.039087096505206,
            33.039087096505206,
            32.039087096505206,
            33.039087096505206,
            32.039087096505206,
            31.039087096505206,
            30.03908709650521,
            29.03908709650521,
            26.039087096505206,
            23.03908709650521,
            26.039087096505206,
            29.03908709650521,
            30.039087096505206,
            31.039087096505206,
            34.03908709650521
        ],
        "power_bs2": [
            40.15524722855084,
            37.15524722855084,
            34.15524722855084,
            37.15524722855084,
            34.15524722855084,
            31.15524722855084,
            32.15524722855084,
            31.15524722855084,
            30.15524722855084,
            29.15524722855084,
            32.15524722855084,
            31.15524722855084,
            30.15524722855084,
            29.15524722855084,
            30.15524722855084,
            31.155247228550845,
            34.15524722855084,
            35.15524722855084,
            38.15524722855084,
            41.15524722855084
        ]
    }
}