{
    "episode": 4843,
    "seed": 4843,
    "metrics": {
        "sinr_ue1": [
            39.9004094278937,
            30.809832461048522,
            32.080153654014744,
            8.987186833300608,
            31.676621670419873,
            28.51012697120215,
            25.081048885420728,
            31.43915587925621,
            32.7628151115053,
            18.287834573089512,
            37.276286055178055,
            24.85248034733749,
            44.993155734173385,
            46.45011115414747,
            30.21182804164758,
            40.80984278686372,
            27.73372646713125,
            41.38585788406199,
            39.05205324992532,
            27.460709719640683
        ],
        "sinr_ue2": [
            26.58050600080752,
            15.7794963944703,
            19.57125468752611,
            40.053453976659725,
            34.748967985780055,
            17.521239053421635,
            35.228138693913294,
            19.195310613970925,
            15.311043420279397,
            25.725987829109123,
            15.384477739064286,
            9.712409641207701,
            7.813994256044027,
            3.8978279656734593,
            22.072360003803976,
            17.96069755225889,
            22.83659194516435,
            9.153331710322863,
            22.582814712007103,
            5.612942534484713
        ],
        "power_bs1": [
            42.134008094583784,
            41.13400809458379,
            38.134008094583784,
            35.13400809458379,
            36.13400809458379,
            37.13400809458379,
            38.13400809458379,
            35.13400809458379,
            36.13400809458379,
            35.13400809458379,
            36.13400809458379,
            39.13400809458379,
            40.13400809458379,
            43.13400809458379,
            42.134008094583784,
            39.13400809458379,
            38.13400809458379,
            35.13400809458379,
            38.13400809458379,
            37.13400809458379
        ],
        "power_bs2": [
            39.927857322733004,
            42.927857322733004,
            43.927857322733004,
            44.927857322733004,
            43.927857322733004,
            40.927857322733004,
            41.927857322733004,
            40.927857322733004,
            37.927857322733004,
            34.927857322733004,
            37.927857322733004,
            34.927857322733004,
            33.927857322733004,
            32.927857322733004,
            29.927857322733004,
            28.927857322733,
            27.927857322733004,
            30.927857322733004,
            27.927857322733,
            26.927857322733004
        ]
    }
}