{
    "episode": 795,
    "seed": 795,
    "metrics": {
        "sinr_ue1": [
            8.363376834509307,
            24.788324537434253,
            10.64026847758296,
            24.190906339608613,
            19.19454277114864,
            23.44581899154985,
            4.231661046852344,
            28.00169090786779,
            24.06863146427964,
            9.70477593887335,
            11.628266308724521,
            13.614383826803987,
            13.729692594895354,
            19.495967200794105,
            13.83006570159971,
            23.732263404797575,
            11.42052401671663,
            13.616238289380231,
            1.7982761797407805,
            1.9742718566889204
        ],
        "sinr_ue2": [
            40.743117011887264,
            47.57684694430885,
            53.12148032274118,
            38.896077873025014,
            55.39529679996222,
            40.62211341654681,
            41.07808672938131,
            37.05827267719982,
            54.000100906305406,
            48.422735081262196,
            49.68175920372906,
            43.84505274802826,
            31.533061887668595,
            41.13578518229836,
            44.74795378648129,
            37.08472790640472,
            39.376178542321696,
            57.756458173706385,
            62.867574777347656,
            43.69167001147215
        ],
        "power_bs1": [
            36.628610128172205,
            39.628610128172205,
            36.628610128172205,
            33.628610128172205,
            30.628610128172205,
            29.628610128172205,
            32.6286101281722,
            33.628610128172205,
            30.628610128172205,
            29.628610128172205,
            30.628610128172205,
            31.628610128172205,
            34.628610128172205,
            37.6286101281722,
            34.628610128172205,
            31.628610128172205,
            30.628610128172205,
            29.628610128172205,
            28.628610128172202,
            31.628610128172205
        ],
        "power_bs2": [
            39.70469979301625,
            36.70469979301625,
            33.70469979301625,
            34.70469979301625,
            33.70469979301625,
            32.70469979301625,
            35.70469979301625,
            32.70469979301625,
            29.704699793016253,
            26.704699793016253,
            25.704699793016253,
            24.704699793016253,
            27.704699793016253,
            24.704699793016253,
            27.70469979301625,
            30.704699793016253,
            31.704699793016253,
            32.704699793016246,
            33.70469979301625,
            36.70469979301625
        ]
    }
}