{
    "episode": 1214,
    "seed": 1214,
    "metrics": {
        "sinr_ue1": [
            14.57590124816952,
            28.637517299734206,
            30.661896296903976,
            16.226587452909744,
            18.036537169977812,
            20.987487772123995,
            10.496966888070947,
            33.99121210511567,
            12.504846790464336,
            29.33793329573646,
            25.315101848072224,
            25.739973622563383,
            8.43183078981939,
            17.0055977778816,
            12.638909057970478,
            7.075975696042339,
            24.926410876414078,
            11.020801174526639,
            11.942751413815841,
            18.073902355479575
        ],
        "sinr_ue2": [
            32.768612592461274,
            7.327970369977255,
            18.413697557383728,
            35.036687709709966,
            24.11570651029239,
            34.72746813522709,
            31.11523559032234,
            18.095507972367944,
            36.57216915104881,
            16.253287757939372,
            20.049585191084045,
            19.768836242061454,
            38.34529729602703,
            21.384268776980555,
            44.26946605641368,
            39.42472793791393,
            20.770880086617204,
            33.83487287984297,
            26.605540616281743,
            20.01521988362427
        ],
        "power_bs1": [
            38.659965007691916,
            35.65996500769191,
            32.659965007691916,
            31.659965007691913,
            28.659965007691916,
            29.65996500769191,
            26.659965007691913,
            25.659965007691913,
            28.659965007691916,
            27.659965007691913,
            26.659965007691913,
            23.65996500769191,
            24.65996500769191,
            21.659965007691913,
            18.65996500769191,
            17.659965007691913,
            18.65996500769191,
            21.659965007691913,
            20.659965007691913,
            17.659965007691913
        ],
        "power_bs2": [
            42.12688809754691,
            39.1268880975469,
            38.1268880975469,
            41.1268880975469,
            40.12688809754691,
            37.1268880975469,
            34.1268880975469,
            31.126888097546903,
            34.1268880975469,
            31.126888097546903,
            34.1268880975469,
            31.126888097546903,
            34.1268880975469,
            31.126888097546903,
            30.126888097546903,
            27.126888097546903,
            28.1268880975469,
            27.126888097546903,
            24.126888097546903,
            27.126888097546903
        ]
    }
}