{
    "episode": 3042,
    "seed": 3042,
    "metrics": {
        "sinr_ue1": [
            19.878928339594808,
            35.33282929625196,
            18.281581817055564,
            38.3434530498363,
            23.96656219116324,
            36.612333020819264,
            39.751328366124355,
            28.648015805777245,
            35.127255520795366,
            35.50225442956352,
            35.00647926251119,
            20.430672005090624,
            32.75663820442122,
            35.359082698897325,
            26.536106546317235,
            6.9499476593900535,
            6.919837055332826,
            20.36645725732309,
            7.27819294172542,
            4.796762240974238
        ],
        "sinr_ue2": [
            24.78001637954997,
            9.164387823235085,
            22.97728192959571,
            7.14697351437149,
            24.151079597856096,
            9.252107647135372,
            16.656025940063188,
            20.22478270447457,
            9.249874144634344,
            29.068058429072007,
            11.222819740083734,
            25.494033980520065,
            18.87141381725748,
            11.165801193261391,
            17.009393127623092,
            38.344618711914606,
            34.076556698937466,
            32.35913452023346,
            39.364253603934664,
            38.34658811454264
        ],
        "power_bs1": [
            42.445997046327264,
            43.44599704632727,
            42.445997046327264,
            43.44599704632727,
            46.445997046327264,
            43.44599704632727,
            46.445997046327264,
            43.44599704632727,
            44.445997046327264,
            43.44599704632727,
            44.445997046327264,
            45.44599704632727,
            46.445997046327264,
            43.44599704632727,
            40.445997046327264,
            37.445997046327264,
            36.445997046327264,
            35.445997046327264,
            32.445997046327264,
            31.445997046327268
        ],
        "power_bs2": [
            34.262584551093546,
            35.26258455109355,
            36.262584551093546,
            33.262584551093546,
            34.262584551093546,
            35.262584551093546,
            34.262584551093546,
            37.262584551093546,
            36.262584551093546,
            35.262584551093546,
            38.262584551093546,
            37.262584551093546,
            34.262584551093546,
            37.262584551093546,
            40.26258455109355,
            43.262584551093546,
            42.26258455109354,
            39.262584551093546,
            40.26258455109355,
            39.262584551093546
        ]
    }
}