{
    "episode": 4944,
    "seed": 4944,
    "metrics": {
        "sinr_ue1": [
            36.04073289548902,
            28.97173760527819,
            19.744540490522144,
            19.55822792147825,
            34.59739787665901,
            17.69520817306693,
            33.588141383957,
            35.56557996575765,
            20.85084544279946,
            17.715206892107418,
            33.81799152472907,
            31.157089333285555,
            15.68998577599109,
            11.883053397034278,
            33.833095679603396,
            9.89350694006313,
            20.410983008505504,
            14.90765855564157,
            9.855281394307386,
            24.35518341228882
        ],
        "sinr_ue2": [
            9.758304544279182,
            7.726231754631114,
            28.698394864385698,
            21.02502004115525,
            11.596071957788022,
            29.692844892136208,
            9.813199140887376,
            15.610516555837247,
            13.755384052765292,
            26.21496480563077,
            13.596738621097636,
            15.089479736337044,
            33.07876252455348,
            29.259090658342743,
            17.887961299728524,
            25.825312183675226,
            40.41103244889272,
            36.608826146943926,
            37.540014088660044,
            18.99203360896276
        ],
        "power_bs1": [
            41.81400730779227,
            40.81400730779227,
            41.81400730779227,
            38.81400730779227,
            37.81400730779227,
            38.81400730779227,
            39.81400730779227,
            36.81400730779227,
            37.81400730779227,
            36.81400730779227,
            35.81400730779227,
            32.81400730779227,
            35.81400730779227,
            34.81400730779227,
            37.81400730779227,
            34.81400730779227,
            31.814007307792266,
            32.81400730779227,
            35.81400730779227,
            32.81400730779226
        ],
        "power_bs2": [
            38.11460614899328,
            35.11460614899328,
            38.11460614899328,
            35.11460614899328,
            36.11460614899328,
            37.11460614899328,
            36.11460614899328,
            39.11460614899328,
            38.11460614899328,
            35.11460614899328,
            36.11460614899328,
            35.11460614899328,
            36.11460614899328,
            39.11460614899328,
            42.11460614899329,
            41.11460614899328,
            44.114606148993275,
            43.11460614899328,
            42.11460614899329,
            39.114606148993275
        ]
    }
}