{
    "episode": 903,
    "seed": 903,
    "metrics": {
        "sinr_ue1": [
            24.541966791503587,
            46.62346277980606,
            39.298697464526064,
            20.562576536590637,
            16.707445611480654,
            32.025778657155485,
            30.99861951546889,
            4.724778911164908,
            33.429477506959884,
            40.25015045402874,
            40.43664767712427,
            21.644691786147185,
            21.926683374941625,
            23.048816596482027,
            23.84409815920082,
            22.089828365977226,
            29.939677850890067,
            22.0561417172227,
            23.385232503299328,
            35.91612975346003
        ],
        "sinr_ue2": [
            20.24740867850417,
            18.667428903676637,
            5.595611585643018,
            26.018474773908746,
            26.97781256082287,
            17.21577973653726,
            13.486767451845463,
            26.58585349301373,
            11.389110407382324,
            7.4904574151428225,
            26.036580622189476,
            10.659645325130299,
            24.738804738280578,
            23.85631886945069,
            3.595854771051903,
            17.015344647891087,
            9.298281166368723,
            17.595353922182582,
            27.072398164796972,
            9.4738568695778
        ],
        "power_bs1": [
            45.2325711216994,
            46.232571121699394,
            43.2325711216994,
            42.2325711216994,
            41.232571121699394,
            38.2325711216994,
            41.232571121699394,
            42.2325711216994,
            39.2325711216994,
            40.2325711216994,
            39.2325711216994,
            38.2325711216994,
            39.2325711216994,
            38.2325711216994,
            41.232571121699394,
            40.2325711216994,
            37.2325711216994,
            40.2325711216994,
            39.2325711216994,
            36.232571121699394
        ],
        "power_bs2": [
            33.78548883516697,
            30.785488835166976,
            33.78548883516697,
            34.78548883516697,
            37.78548883516697,
            40.78548883516697,
            39.78548883516697,
            38.78548883516697,
            35.78548883516697,
            32.78548883516697,
            29.785488835166973,
            28.78548883516697,
            29.785488835166973,
            26.785488835166973,
            29.785488835166973,
            30.785488835166973,
            31.785488835166973,
            30.785488835166973,
            27.78548883516697,
            30.785488835166973
        ]
    }
}