{
    "episode": 2333,
    "seed": 2333,
    "metrics": {
        "sinr_ue1": [
            19.90216263891787,
            18.04790063086482,
            17.511049053410282,
            20.543112658317696,
            26.594864447448465,
            12.019497701603912,
            26.819536776058186,
            17.133669444853833,
            34.40087990754654,
            23.150853153959858,
            16.71163530390508,
            31.57133726517933,
            29.735346932084028,
            12.469323352579371,
            32.751811353597866,
            32.199419411174894,
            15.858955425259252,
            32.8205173369297,
            20.366187194348964,
            18.73607873232746
        ],
        "sinr_ue2": [
            20.65567746848217,
            36.82666503140241,
            28.596595498372913,
            21.38222039792408,
            4.772584475571245,
            35.05406455024802,
            33.2754704798454,
            29.792981676936332,
            13.217770544475837,
            21.646550355269405,
            15.285932119123277,
            13.472268854231764,
            13.461992921841519,
            33.16550946753219,
            24.83939817101088,
            9.540521229502668,
            9.792025702218934,
            9.503843876602678,
            24.160357298762815,
            13.29185815129446
        ],
        "power_bs1": [
            45.28640525819612,
            44.286405258196126,
            41.286405258196126,
            42.286405258196126,
            39.286405258196126,
            38.286405258196126,
            37.286405258196126,
            40.28640525819612,
            37.286405258196126,
            38.286405258196126,
            35.28640525819612,
            34.286405258196126,
            33.286405258196126,
            32.286405258196126,
            31.286405258196123,
            32.286405258196126,
            35.28640525819612,
            32.286405258196126,
            29.28640525819612,
            26.286405258196123
        ],
        "power_bs2": [
            35.60219621937626,
            36.60219621937626,
            33.60219621937626,
            30.60219621937626,
            33.60219621937626,
            36.60219621937626,
            35.60219621937626,
            32.60219621937626,
            31.60219621937626,
            34.60219621937626,
            31.60219621937626,
            28.602196219376257,
            27.60219621937626,
            26.60219621937626,
            23.60219621937626,
            22.60219621937626,
            25.60219621937626,
            22.60219621937626,
            19.602196219376257,
            20.60219621937626
        ]
    }
}