{
    "episode": 991,
    "seed": 991,
    "metrics": {
        "sinr_ue1": [
            19.293655280466982,
            40.662695153763366,
            29.2539660539312,
            21.24080358257718,
            13.238369047286762,
            27.103676797236396,
            11.303996334447346,
            9.210065610538518,
            11.329563827221678,
            30.73836327095213,
            31.414762860675395,
            31.95586290962671,
            31.579986146243936,
            26.372790669914078,
            29.596739263008498,
            8.973514749058673,
            29.67778737208822,
            11.221227493359144,
            13.176897167432225,
            13.175077332485756
        ],
        "sinr_ue2": [
            30.82010160181953,
            12.534960963684764,
            30.824698393799125,
            18.497746396209845,
            36.6868626257247,
            23.7969269819145,
            38.25031892398397,
            40.861543008449736,
            43.269237869691736,
            23.562658512007335,
            21.775414088308484,
            19.864172651298603,
            17.791790142280327,
            19.53687078527601,
            22.702142792192177,
            41.23474264895694,
            21.185686556407365,
            41.53161211953196,
            33.600699216625564,
            34.80715906788272
        ],
        "power_bs1": [
            41.726277670374344,
            44.726277670374344,
            41.72627767037434,
            40.726277670374344,
            37.726277670374344,
            34.726277670374344,
            33.726277670374344,
            30.726277670374344,
            33.726277670374344,
            30.726277670374344,
            31.726277670374337,
            32.72627767037434,
            31.726277670374337,
            30.726277670374344,
            27.72627767037434,
            28.72627767037434,
            29.72627767037434,
            32.72627767037434,
            35.726277670374344,
            38.726277670374344
        ],
        "power_bs2": [
            41.05898867791656,
            40.05898867791657,
            39.05898867791657,
            42.05898867791657,
            41.05898867791656,
            40.05898867791657,
            39.05898867791657,
            38.05898867791656,
            39.05898867791657,
            38.05898867791656,
            37.05898867791656,
            36.05898867791656,
            33.05898867791656,
            34.05898867791657,
            35.05898867791656,
            36.05898867791656,
            35.05898867791657,
            38.05898867791656,
            39.05898867791657,
            42.05898867791656
        ]
    }
}