{
    "episode": 4714,
    "seed": 4714,
    "metrics": {
        "sinr_ue1": [
            4.6671951273230725,
            0.6690184142735718,
            23.88270092325542,
            17.200421945196037,
            17.582816728276395,
            12.803993871156214,
            16.05889379450977,
            2.8349458357386563,
            18.529821050322248,
            4.755299654274489,
            4.827051946042781,
            2.900672213568657,
            2.254500063561805,
            12.5253084297246,
            2.9807437736598743,
            4.934819534202152,
            6.96728495001037,
            23.140345478200185,
            16.72155807761996,
            0.7629290109376743
        ],
        "sinr_ue2": [
            38.17113646367601,
            43.841244579511795,
            22.85230958853234,
            22.574559243122923,
            24.61030599493785,
            24.49371560264676,
            28.044426064920856,
            38.21093475353062,
            24.941371897902073,
            38.29122935595881,
            37.32557803142511,
            41.108802147279526,
            24.235484402976617,
            26.03960115183615,
            43.34680533526722,
            36.1700681558479,
            33.8421510128683,
            29.442501641710862,
            27.98341305484005,
            42.212279950261205
        ],
        "power_bs1": [
            36.24755159424809,
            35.24755159424808,
            38.24755159424808,
            35.24755159424808,
            36.24755159424808,
            35.24755159424808,
            32.24755159424808,
            35.24755159424808,
            32.24755159424808,
            35.24755159424808,
            36.24755159424808,
            35.24755159424808,
            34.24755159424808,
            33.24755159424808,
            36.24755159424808,
            39.24755159424808,
            38.24755159424808,
            35.24755159424808,
            32.24755159424808,
            29.24755159424808
        ],
        "power_bs2": [
            42.58916879497778,
            45.58916879497778,
            46.58916879497778,
            43.58916879497778,
            46.58916879497778,
            45.58916879497778,
            46.58916879497778,
            43.58916879497777,
            40.58916879497778,
            41.58916879497778,
            42.58916879497778,
            43.58916879497778,
            44.58916879497778,
            45.58916879497778,
            44.58916879497778,
            45.58916879497778,
            42.58916879497778,
            41.58916879497778,
            42.58916879497778,
            39.58916879497778
        ]
    }
}