{
    "episode": 343,
    "seed": 343,
    "metrics": {
        "sinr_ue1": [
            24.368475632216743,
            33.276035801115604,
            40.25029765145269,
            23.99277315756315,
            21.941493419131742,
            21.81048987581104,
            37.41746085933659,
            37.37501105707912,
            21.495094716273,
            37.568234897723734,
            19.81999813318201,
            30.8579603676184,
            48.69708554477742,
            33.10844509729995,
            34.16051378808869,
            21.09372351061659,
            21.785094127930165,
            41.59860506338547,
            25.874062637924695,
            37.540727662174646
        ],
        "sinr_ue2": [
            26.9406633634504,
            13.901956005364058,
            13.67690599055587,
            28.442502253554416,
            27.04387378511015,
            18.134879463461544,
            15.002530243853279,
            12.46891869411861,
            27.95873581048268,
            15.482143950084657,
            27.03901777542388,
            12.385306322697907,
            9.165723224203514,
            14.402099184321429,
            15.189951877206093,
            23.22913766278056,
            27.419263844249464,
            24.75706482642519,
            27.164589493196022,
            17.543218882638172
        ],
        "power_bs1": [
            39.29822772863281,
            40.29822772863281,
            37.29822772863281,
            34.29822772863281,
            31.298227728632813,
            30.29822772863281,
            27.29822772863281,
            26.298227728632813,
            29.29822772863281,
            28.29822772863281,
            29.29822772863281,
            30.29822772863281,
            33.29822772863281,
            30.29822772863281,
            27.29822772863281,
            28.29822772863281,
            31.298227728632813,
            34.29822772863281,
            37.29822772863281,
            34.29822772863281
        ],
        "power_bs2": [
            36.34286804163328,
            37.34286804163328,
            34.34286804163328,
            31.342868041633277,
            30.34286804163328,
            29.34286804163328,
            28.34286804163328,
            25.342868041633277,
            28.34286804163328,
            29.34286804163328,
            30.34286804163328,
            27.34286804163328,
            26.342868041633277,
            29.34286804163328,
            28.34286804163328,
            27.34286804163328,
            30.342868041633277,
            29.34286804163328,
            32.34286804163328,
            35.34286804163328
        ]
    }
}