{
    "episode": 1911,
    "seed": 1911,
    "metrics": {
        "sinr_ue1": [
            28.387179145214812,
            18.33745762687906,
            40.70219353781282,
            37.59189792688085,
            34.04284600189935,
            14.451528161039395,
            27.284115975616015,
            37.65696120022703,
            21.98168258232331,
            18.115553145092395,
            33.11015609329683,
            30.099050016740062,
            23.52513414907895,
            13.040219538437583,
            30.214351517578656,
            15.368826764596902,
            11.565017207694467,
            26.595714331834273,
            7.7163640580866915,
            4.017630656395409
        ],
        "sinr_ue2": [
            39.237740451103484,
            44.314286477114386,
            25.434943455308535,
            25.487091972251108,
            31.508896851314447,
            48.6228391566268,
            46.23865028305921,
            27.1753651101725,
            35.97860412027454,
            42.56865879814589,
            27.044060015224257,
            26.70593382563481,
            48.443960964591454,
            50.49091264795946,
            30.3312456028701,
            47.305018102713696,
            50.48570403006147,
            31.46002194191493,
            48.58016726448197,
            57.57906197902973
        ],
        "power_bs1": [
            41.66467013840149,
            38.6646701384015,
            39.6646701384015,
            40.6646701384015,
            37.6646701384015,
            38.6646701384015,
            35.6646701384015,
            38.6646701384015,
            39.6646701384015,
            38.6646701384015,
            35.6646701384015,
            32.6646701384015,
            29.664670138401497,
            26.664670138401494,
            27.664670138401494,
            30.664670138401494,
            27.664670138401494,
            24.66467013840149,
            23.664670138401497,
            22.664670138401494
        ],
        "power_bs2": [
            41.33001206416276,
            38.330012064162766,
            37.330012064162766,
            38.330012064162766,
            41.33001206416276,
            42.33001206416276,
            41.33001206416276,
            38.33001206416276,
            35.33001206416276,
            38.33001206416276,
            35.33001206416276,
            32.33001206416276,
            29.33001206416276,
            30.330012064162762,
            31.33001206416276,
            32.33001206416276,
            33.33001206416276,
            30.330012064162762,
            33.33001206416276,
            36.33001206416276
        ]
    }
}