{
    "episode": 3960,
    "seed": 3960,
    "metrics": {
        "sinr_ue1": [
            22.70847428380533,
            23.195297959922527,
            19.38287428837809,
            31.226497894586483,
            31.21965206163591,
            38.76743210928756,
            32.863079694102844,
            28.30988596408726,
            29.82046771333408,
            19.401157159843056,
            32.78578165822719,
            17.823048637787146,
            17.69195350755989,
            38.73441058642915,
            40.06020041995616,
            22.023056569039625,
            43.62402897244431,
            29.885899614989846,
            46.95096948778966,
            43.62028355796325
        ],
        "sinr_ue2": [
            26.43931505624108,
            12.196736810937267,
            31.25682451009835,
            16.104735485143983,
            20.01355875520972,
            16.020545226955395,
            15.90350751554157,
            23.675787982663262,
            11.920982475981074,
            35.23458833797577,
            29.583851140413056,
            34.16512411493223,
            34.00105762013473,
            12.008705610445498,
            9.920685975990398,
            28.90195331967228,
            7.9451994362905545,
            19.73103940216177,
            4.045429590093047,
            12.11187342534123
        ],
        "power_bs1": [
            38.03279016960233,
            41.03279016960233,
            40.03279016960232,
            41.03279016960233,
            38.03279016960233,
            39.03279016960233,
            36.03279016960232,
            39.03279016960232,
            38.03279016960232,
            37.03279016960232,
            36.03279016960232,
            39.03279016960232,
            36.03279016960232,
            37.03279016960232,
            36.03279016960232,
            37.03279016960232,
            38.03279016960232,
            39.03279016960232,
            42.03279016960232,
            39.03279016960232
        ],
        "power_bs2": [
            37.79208822357021,
            36.79208822357021,
            39.79208822357022,
            42.79208822357021,
            43.79208822357021,
            40.79208822357021,
            37.79208822357021,
            38.79208822357021,
            35.79208822357021,
            36.79208822357021,
            39.79208822357021,
            40.79208822357021,
            37.79208822357021,
            34.79208822357021,
            31.79208822357021,
            34.79208822357021,
            31.792088223570207,
            28.79208822357021,
            31.792088223570207,
            30.79208822357021
        ]
    }
}