{
    "episode": 1863,
    "seed": 1863,
    "metrics": {
        "sinr_ue1": [
            26.831882656267403,
            36.380914726019554,
            16.59550276552274,
            27.839372488936284,
            30.5548771466728,
            19.639144439177535,
            14.739197277213501,
            33.87469573928699,
            29.831353327977737,
            12.485564756926003,
            31.70985125388905,
            19.863473493299402,
            14.003293308433868,
            12.143137253345209,
            24.502701496981185,
            26.225140981698047,
            24.57793210511824,
            7.060665161518118,
            16.867455187345467,
            24.98442218961309
        ],
        "sinr_ue2": [
            33.095246101233975,
            29.312622038912785,
            31.114459080074333,
            32.93538346325025,
            35.03391265529196,
            33.41063016729805,
            49.11630972515488,
            30.1321125158665,
            47.93101920594245,
            49.11517008286144,
            32.23324965404531,
            52.80810642107635,
            56.14842311267738,
            50.190415047630815,
            37.362454251256324,
            51.685466561960006,
            40.340215046221985,
            40.12267528646955,
            42.23542510601558,
            46.62617664643571
        ],
        "power_bs1": [
            39.859253334181794,
            40.8592533341818,
            39.859253334181794,
            36.8592533341818,
            33.859253334181794,
            36.8592533341818,
            35.8592533341818,
            36.8592533341818,
            33.859253334181794,
            30.859253334181798,
            31.859253334181794,
            28.859253334181794,
            29.859253334181798,
            28.859253334181794,
            27.859253334181794,
            30.859253334181794,
            31.859253334181794,
            34.859253334181794,
            31.859253334181794,
            34.859253334181794
        ],
        "power_bs2": [
            38.77806036001998,
            35.77806036001998,
            34.77806036001998,
            35.77806036001998,
            34.77806036001998,
            35.77806036001998,
            32.77806036001997,
            31.77806036001997,
            28.778060360019975,
            29.778060360019975,
            28.778060360019975,
            29.778060360019975,
            26.77806036001997,
            27.778060360019975,
            30.77806036001998,
            33.77806036001998,
            36.77806036001997,
            39.77806036001998,
            38.77806036001998,
            37.77806036001997
        ]
    }
}