{
    "episode": 4687,
    "seed": 4687,
    "metrics": {
        "sinr_ue1": [
            19.687690901178023,
            15.768187748454398,
            34.40244310180239,
            34.21859861567103,
            31.330670076924022,
            15.77876305363098,
            22.826564967824158,
            29.05325339113773,
            17.720173180111203,
            17.600338318044138,
            23.02262423064411,
            19.28324142943275,
            31.102443972068762,
            17.28835848931464,
            36.48165324785139,
            15.933764838619693,
            28.486372989896545,
            26.04801508359462,
            15.05979044861537,
            20.157217845885466
        ],
        "sinr_ue2": [
            25.082573972491268,
            30.577219681659386,
            23.483032911438503,
            6.682179072965298,
            22.510030130079194,
            28.581117057399275,
            14.324278064068519,
            14.487482101722374,
            25.8434005574963,
            26.897716700571394,
            12.714231025920526,
            12.33517002684293,
            8.386033572019311,
            26.69508655321264,
            8.862003662772159,
            22.429727294825632,
            14.42499218670289,
            18.26498451644877,
            23.518655645280457,
            20.301624257132747
        ],
        "power_bs1": [
            43.22992499482722,
            40.22992499482722,
            41.229924994827215,
            40.22992499482722,
            39.229924994827215,
            40.22992499482722,
            37.22992499482722,
            38.22992499482722,
            41.229924994827215,
            40.229924994827215,
            43.22992499482722,
            40.229924994827215,
            37.229924994827215,
            38.229924994827215,
            41.229924994827215,
            40.229924994827215,
            37.229924994827215,
            36.229924994827215,
            33.229924994827215,
            36.229924994827215
        ],
        "power_bs2": [
            38.00520424483817,
            39.00520424483817,
            36.00520424483817,
            35.00520424483817,
            38.00520424483817,
            39.00520424483817,
            40.00520424483817,
            41.00520424483817,
            38.00520424483817,
            37.00520424483817,
            34.00520424483817,
            35.00520424483817,
            34.00520424483817,
            35.00520424483817,
            38.00520424483817,
            39.00520424483817,
            40.00520424483817,
            43.00520424483817,
            46.00520424483817,
            45.00520424483817
        ]
    }
}