{
    "episode": 4315,
    "seed": 4315,
    "metrics": {
        "sinr_ue1": [
            42.08802299692729,
            40.609641252968075,
            45.32786826630344,
            27.863915240005575,
            22.03961123397994,
            41.70497883335722,
            29.748233257001267,
            44.21330108373493,
            40.28062809370201,
            21.90115202256599,
            42.913614156491214,
            45.728752677015365,
            35.97195967029756,
            27.545042284369305,
            48.86713993865168,
            27.52110126190933,
            27.540411815488213,
            27.49729056582662,
            33.237602727898555,
            47.65624972688072
        ],
        "sinr_ue2": [
            5.211386202332263,
            3.251233299146226,
            21.745809210302816,
            19.53683481701739,
            30.66166446208574,
            16.68968725479471,
            18.679400273623706,
            15.117873971197934,
            4.464569913873922,
            22.67019134003612,
            7.009277311741018,
            7.0562565658077725,
            9.133611169530523,
            26.200946788226833,
            5.267391808271959,
            20.370734624210208,
            18.245434551210643,
            12.357149839193262,
            15.944154813398105,
            1.1724173559207507
        ],
        "power_bs1": [
            43.83666515881523,
            44.83666515881523,
            41.83666515881523,
            38.83666515881523,
            35.83666515881522,
            38.83666515881523,
            41.83666515881523,
            42.83666515881522,
            39.83666515881523,
            36.83666515881522,
            39.83666515881523,
            40.83666515881522,
            41.83666515881523,
            42.83666515881522,
            45.83666515881522,
            44.83666515881523,
            41.83666515881523,
            40.83666515881522,
            43.83666515881522,
            40.83666515881522
        ],
        "power_bs2": [
            37.13768971265777,
            36.13768971265777,
            33.13768971265777,
            32.13768971265777,
            35.13768971265777,
            36.13768971265777,
            33.13768971265777,
            32.13768971265777,
            35.13768971265777,
            36.13768971265777,
            35.13768971265777,
            36.13768971265777,
            39.13768971265777,
            36.13768971265777,
            39.13768971265777,
            38.13768971265777,
            35.13768971265777,
            34.13768971265777,
            31.137689712657767,
            30.137689712657767
        ]
    }
}