{
    "episode": 2994,
    "seed": 2994,
    "metrics": {
        "sinr_ue1": [
            13.33000746064689,
            28.886810813546276,
            7.39937015957156,
            24.936134551217457,
            25.54968243766769,
            9.37582008202959,
            33.855863395148205,
            23.235647676992507,
            13.39425216184555,
            27.04307115732285,
            17.157284369029718,
            17.327018754378656,
            23.113092309610334,
            19.312057901133752,
            31.212952736487555,
            36.179816289371075,
            34.882046700328345,
            33.48337400503781,
            33.742319666367266,
            36.959052469370086
        ],
        "sinr_ue2": [
            43.672256883604675,
            29.390424539299783,
            48.499067124044174,
            35.60668402506158,
            39.62155359663727,
            48.45735214126642,
            25.063259098101355,
            30.812898884010092,
            45.49298729979449,
            20.860476683668434,
            36.375804332336784,
            20.690373174882843,
            28.224344306306264,
            37.33683684337957,
            36.511208508499706,
            21.069694029440544,
            15.19078221090808,
            21.024957203298953,
            22.769435651413048,
            20.59078484373748
        ],
        "power_bs1": [
            40.561281912911866,
            37.561281912911866,
            36.561281912911866,
            37.561281912911866,
            38.561281912911866,
            37.561281912911866,
            40.561281912911866,
            37.561281912911866,
            40.561281912911866,
            41.561281912911866,
            40.561281912911866,
            43.561281912911866,
            46.561281912911866,
            45.561281912911866,
            42.56128191291186,
            39.56128191291186,
            42.56128191291186,
            39.56128191291186,
            36.56128191291186,
            37.56128191291186
        ],
        "power_bs2": [
            42.2049133299313,
            43.204913329931294,
            44.204913329931294,
            43.204913329931294,
            42.2049133299313,
            43.204913329931294,
            42.2049133299313,
            45.2049133299313,
            42.2049133299313,
            39.204913329931294,
            38.204913329931294,
            41.204913329931294,
            38.204913329931294,
            41.204913329931294,
            38.204913329931294,
            37.204913329931294,
            34.204913329931294,
            37.204913329931294,
            36.204913329931294,
            35.204913329931294
        ]
    }
}