{
    "episode": 3304,
    "seed": 3304,
    "metrics": {
        "sinr_ue1": [
            13.774210122014509,
            31.625291171189183,
            9.832087907094714,
            24.23388112664361,
            11.97566567997212,
            24.021372154392925,
            16.35289934798989,
            21.228675860129872,
            3.927990599745926,
            7.901481385116896,
            6.013767612849814,
            23.73851187984122,
            9.71499535283067,
            9.601476198415051,
            24.305389245766243,
            25.061897382649473,
            13.217280425122667,
            14.967676164307713,
            12.68561275418092,
            17.697726669521554
        ],
        "sinr_ue2": [
            25.89002980036552,
            12.25568102944942,
            31.94264272906355,
            19.117137138114416,
            17.97479652411946,
            19.49382154753117,
            31.38782938895092,
            21.532546450281792,
            36.498624576106565,
            33.590864079078415,
            35.852892970024044,
            17.18162611724553,
            36.15501931107149,
            30.911337339601047,
            16.95642788569037,
            15.504294603859165,
            26.051954036054447,
            20.005003027228486,
            29.236516319206128,
            18.785748983832484
        ],
        "power_bs1": [
            39.23983703824756,
            40.23983703824756,
            37.23983703824756,
            34.23983703824756,
            31.239837038247558,
            30.239837038247558,
            31.239837038247558,
            30.239837038247558,
            31.239837038247558,
            34.23983703824756,
            35.23983703824756,
            34.23983703824756,
            33.23983703824756,
            32.23983703824756,
            29.239837038247558,
            30.239837038247558,
            33.23983703824756,
            34.23983703824756,
            31.239837038247558,
            34.23983703824756
        ],
        "power_bs2": [
            41.25256301097763,
            42.25256301097764,
            43.25256301097763,
            44.252563010977624,
            41.25256301097763,
            42.25256301097764,
            43.25256301097763,
            44.252563010977624,
            43.25256301097763,
            42.25256301097764,
            45.25256301097763,
            42.25256301097764,
            39.25256301097763,
            38.25256301097763,
            39.25256301097763,
            38.25256301097763,
            35.25256301097763,
            34.25256301097763,
            33.25256301097763,
            30.252563010977628
        ]
    }
}