{
    "episode": 3838,
    "seed": 3838,
    "metrics": {
        "sinr_ue1": [
            10.578282631932412,
            10.593059596533433,
            24.973384618400715,
            10.701801713957595,
            12.501982592090746,
            29.379254041376512,
            14.434230412231921,
            16.42615622585142,
            14.624082453735312,
            29.555813872991422,
            27.279531716122975,
            8.646456413355061,
            18.345605863317164,
            6.732878177469498,
            8.748282350783622,
            21.369935948127868,
            20.263422694601076,
            10.815494035030838,
            26.43753097640885,
            10.824553838397133
        ],
        "sinr_ue2": [
            25.55611066193878,
            18.34129755060683,
            9.110108591607972,
            9.167724994205402,
            27.53205272198418,
            5.176629683437076,
            17.871412888211132,
            21.576030517904556,
            21.581297193572414,
            7.032000473959038,
            18.934716341278317,
            28.703283412340348,
            11.129879988082676,
            13.226079455905278,
            29.085266126024333,
            24.02845983725178,
            13.137703146579227,
            27.394272047811327,
            7.253407153550494,
            24.994708032563363
        ],
        "power_bs1": [
            41.71809419256779,
            40.71809419256779,
            37.71809419256779,
            40.71809419256779,
            39.71809419256779,
            42.71809419256779,
            41.71809419256779,
            42.71809419256779,
            43.71809419256779,
            40.71809419256779,
            43.71809419256778,
            40.71809419256779,
            41.71809419256779,
            42.71809419256779,
            41.71809419256779,
            40.71809419256779,
            43.71809419256778,
            44.71809419256779,
            43.71809419256778,
            44.71809419256779
        ],
        "power_bs2": [
            34.7538566119582,
            33.7538566119582,
            30.7538566119582,
            33.7538566119582,
            30.7538566119582,
            31.7538566119582,
            30.7538566119582,
            29.753856611958195,
            32.75385661195819,
            31.7538566119582,
            32.7538566119582,
            35.7538566119582,
            36.7538566119582,
            39.7538566119582,
            36.7538566119582,
            37.7538566119582,
            40.7538566119582,
            37.75385661195819,
            34.7538566119582,
            37.75385661195819
        ]
    }
}