{
    "episode": 3255,
    "seed": 3255,
    "metrics": {
        "sinr_ue1": [
            26.07254475431207,
            9.608247632972407,
            29.82545516162755,
            36.00289258520177,
            41.366478732222404,
            38.90325809091821,
            34.31748414324495,
            18.852581630730022,
            32.57381373765871,
            32.49480071575625,
            15.042472691305079,
            17.14263328357683,
            35.669978598964704,
            29.597122757689807,
            32.91173118057745,
            17.15468861958234,
            38.33763035092725,
            13.154325372176762,
            30.564171347320766,
            32.90020133176368
        ],
        "sinr_ue2": [
            43.276442829535036,
            53.460180772741026,
            41.227713296674494,
            35.14991826247147,
            31.126031191501976,
            29.47122672796761,
            44.69308235424588,
            46.802789161966686,
            28.432464682884593,
            33.34813325068475,
            54.857208405535275,
            52.88710054416769,
            39.485008634570875,
            39.16303846078546,
            34.88914912462703,
            48.593479031864284,
            35.15133868598343,
            54.098038286424185,
            50.282869695942374,
            38.359035423295445
        ],
        "power_bs1": [
            37.15794563828636,
            38.15794563828636,
            37.15794563828636,
            40.15794563828636,
            41.15794563828636,
            42.15794563828635,
            39.15794563828635,
            40.15794563828636,
            37.15794563828636,
            40.15794563828635,
            37.15794563828636,
            40.15794563828635,
            39.15794563828635,
            38.15794563828635,
            37.15794563828635,
            40.15794563828635,
            39.15794563828635,
            36.15794563828635,
            37.15794563828635,
            40.15794563828635
        ],
        "power_bs2": [
            43.551853337608634,
            40.551853337608634,
            41.551853337608634,
            38.551853337608634,
            35.551853337608634,
            34.551853337608634,
            33.551853337608634,
            36.551853337608634,
            33.551853337608634,
            36.55185333760863,
            37.55185333760863,
            38.551853337608634,
            41.55185333760863,
            40.551853337608634,
            39.551853337608634,
            38.551853337608634,
            37.55185333760863,
            38.551853337608634,
            39.551853337608634,
            42.551853337608634
        ]
    }
}