{
    "episode": 1707,
    "seed": 1707,
    "metrics": {
        "sinr_ue1": [
            22.720617003657956,
            43.62993589685021,
            22.616156762740015,
            45.5316131845213,
            34.803563860261654,
            42.04752580161036,
            22.573540726717173,
            24.770448366174232,
            18.213402033248357,
            20.034375223327835,
            35.28638994600355,
            37.61931300868602,
            16.31934061139055,
            20.11229572668031,
            33.981309176224755,
            23.84428341000075,
            35.745936844244504,
            19.51344124208972,
            38.89469218181612,
            41.71649527822619
        ],
        "sinr_ue2": [
            36.245951099467774,
            16.034794907087992,
            30.097624689110635,
            14.088220413675906,
            18.129251362383847,
            16.100168585257233,
            33.013680092438626,
            31.532227476700307,
            39.493304242170346,
            36.63867082513289,
            35.37746963619863,
            21.470240299845173,
            36.848582758871004,
            37.248059089494404,
            17.73970185099026,
            30.723274807556855,
            17.908371941974856,
            18.027223777773173,
            14.164748371597767,
            14.271634243300465
        ],
        "power_bs1": [
            39.94959525347922,
            36.94959525347921,
            35.94959525347921,
            38.94959525347921,
            35.94959525347921,
            34.94959525347921,
            37.94959525347921,
            34.94959525347921,
            37.94959525347921,
            40.94959525347921,
            37.94959525347921,
            34.94959525347921,
            37.94959525347921,
            38.94959525347921,
            37.94959525347921,
            38.94959525347921,
            37.94959525347921,
            40.94959525347921,
            41.9495952534792,
            40.94959525347921
        ],
        "power_bs2": [
            37.47140289646617,
            34.47140289646616,
            33.47140289646617,
            34.47140289646617,
            35.47140289646616,
            32.47140289646617,
            35.47140289646616,
            38.47140289646617,
            39.47140289646617,
            40.47140289646617,
            39.47140289646617,
            38.47140289646617,
            41.47140289646616,
            38.47140289646617,
            37.47140289646617,
            34.47140289646616,
            37.47140289646617,
            40.47140289646617,
            37.47140289646617,
            36.47140289646616
        ]
    }
}