{
    "episode": 1528,
    "seed": 1528,
    "metrics": {
        "sinr_ue1": [
            29.168706152428324,
            16.209461585227125,
            14.265651605478826,
            33.944431412238785,
            34.22817857327394,
            22.242270758302706,
            24.460575380306775,
            43.16522985549808,
            42.11706884219949,
            48.69148356518356,
            37.63989101487939,
            40.38193715213196,
            20.698507832737775,
            18.67390311399076,
            24.2592449122614,
            20.667556022214523,
            20.83573928187829,
            32.62198814130499,
            37.66553032316453,
            26.60943561424421
        ],
        "sinr_ue2": [
            29.56091881993845,
            37.64521152302484,
            43.43376110987069,
            23.501953561378976,
            21.524138287705146,
            36.506581007373484,
            17.680067465393783,
            11.661806367020658,
            29.753417258768174,
            11.579945966221224,
            17.54940796012538,
            21.309507057336866,
            33.571401677451895,
            40.47965206184453,
            33.69845716044528,
            39.51095932502536,
            21.464180676885867,
            37.531445889418514,
            34.34479694036005,
            31.701852471594314
        ],
        "power_bs1": [
            34.11122835805673,
            35.11122835805673,
            32.111228358056735,
            35.11122835805673,
            34.11122835805673,
            35.11122835805673,
            38.111228358056735,
            41.111228358056735,
            40.11122835805673,
            39.11122835805673,
            36.11122835805673,
            33.11122835805673,
            32.111228358056735,
            31.11122835805673,
            34.11122835805673,
            33.11122835805673,
            36.11122835805673,
            39.11122835805673,
            42.111228358056735,
            43.11122835805673
        ],
        "power_bs2": [
            41.23801266868674,
            38.23801266868674,
            37.23801266868674,
            36.23801266868674,
            33.23801266868674,
            32.23801266868674,
            33.23801266868674,
            30.23801266868674,
            31.238012668686743,
            28.23801266868674,
            31.238012668686743,
            32.23801266868674,
            31.238012668686743,
            32.23801266868674,
            29.23801266868674,
            32.238012668686736,
            35.23801266868674,
            38.238012668686736,
            39.238012668686736,
            36.238012668686736
        ]
    }
}