{
    "episode": 3537,
    "seed": 3537,
    "metrics": {
        "sinr_ue1": [
            42.68173736627283,
            22.766773806955186,
            40.82287191283761,
            19.39153658673999,
            20.99262092405418,
            30.175430144553715,
            28.862950916467412,
            34.857413279719204,
            3.013714709952901,
            16.07894934983898,
            35.20359846953496,
            34.09104646388391,
            18.526754302494442,
            20.45312391888747,
            33.775254112774824,
            28.74461104974397,
            20.701383320585627,
            12.07277612833543,
            19.157093370849573,
            16.404724200995688
        ],
        "sinr_ue2": [
            4.031440268493327,
            24.28604979335312,
            5.972743460530441,
            27.076527127665496,
            24.673289980985523,
            5.967599030814458,
            24.88475359357841,
            11.821531795607154,
            27.435162200861058,
            29.061852902579403,
            9.367227411332363,
            10.478118361134447,
            9.771350946477215,
            17.707619610378856,
            5.790792032824657,
            19.11613106000712,
            9.274702493143135,
            25.170003092950957,
            16.537306278568433,
            29.415013095460928
        ],
        "power_bs1": [
            46.36670831874391,
            43.3667083187439,
            46.36670831874391,
            43.3667083187439,
            42.36670831874391,
            43.3667083187439,
            42.36670831874391,
            39.3667083187439,
            38.3667083187439,
            35.3667083187439,
            34.3667083187439,
            37.36670831874391,
            34.3667083187439,
            37.3667083187439,
            38.3667083187439,
            35.3667083187439,
            34.3667083187439,
            31.366708318743903,
            30.366708318743907,
            33.3667083187439
        ],
        "power_bs2": [
            34.88757436652574,
            33.88757436652574,
            36.88757436652573,
            37.88757436652573,
            34.88757436652573,
            33.88757436652574,
            34.88757436652573,
            35.88757436652573,
            32.88757436652573,
            31.887574366525733,
            28.887574366525737,
            25.887574366525733,
            24.887574366525733,
            27.887574366525737,
            28.887574366525733,
            25.887574366525733,
            28.887574366525733,
            31.887574366525733,
            30.887574366525733,
            27.887574366525733
        ]
    }
}