{
    "episode": 1723,
    "seed": 1723,
    "metrics": {
        "sinr_ue1": [
            31.00067009070453,
            24.808040720841447,
            12.90005581121913,
            8.991158332965517,
            25.523820640939192,
            35.22422383026411,
            39.713032440871075,
            30.28065889781947,
            20.19581107018389,
            35.35011600389599,
            17.57245745831955,
            22.23990732802762,
            19.587271555371718,
            37.76879184867174,
            16.264922036004275,
            16.83152791401602,
            14.925305160522036,
            30.421366765706384,
            29.911407602448573,
            13.300814768904958
        ],
        "sinr_ue2": [
            10.253550368320566,
            6.330695327711348,
            14.49135486969546,
            26.42286234192739,
            8.144486494606198,
            2.31421546138214,
            6.888406788248469,
            0.3088369463735078,
            16.54840070244876,
            2.353429836394318,
            17.555128342872713,
            13.465686157312774,
            12.594662048065548,
            1.6713423746576033,
            22.334128967395657,
            4.204023801415379,
            22.64422879786561,
            8.133537187732196,
            6.185350278139953,
            20.03865123842295
        ],
        "power_bs1": [
            39.63103324323922,
            40.63103324323922,
            37.63103324323922,
            34.63103324323922,
            35.63103324323922,
            38.63103324323922,
            39.63103324323922,
            38.63103324323922,
            41.631033243239216,
            38.63103324323922,
            37.63103324323922,
            40.63103324323922,
            39.63103324323922,
            38.63103324323922,
            37.63103324323922,
            40.63103324323922,
            39.63103324323922,
            38.63103324323922,
            41.631033243239216,
            42.63103324323922
        ],
        "power_bs2": [
            40.309082778829264,
            37.309082778829264,
            36.30908277882927,
            37.309082778829264,
            34.30908277882927,
            31.30908277882927,
            30.30908277882927,
            29.30908277882927,
            32.309082778829264,
            31.309082778829268,
            30.30908277882927,
            27.309082778829268,
            30.30908277882927,
            29.30908277882927,
            32.309082778829264,
            35.30908277882927,
            36.30908277882927,
            37.309082778829264,
            38.30908277882927,
            41.30908277882927
        ]
    }
}