{
    "episode": 3131,
    "seed": 3131,
    "metrics": {
        "sinr_ue1": [
            10.816677943664262,
            12.857370960847568,
            30.96652314917026,
            14.801207841242277,
            16.717457275271435,
            26.68029163222109,
            12.651939639533364,
            10.781357635989423,
            10.755237592347388,
            33.64003443058037,
            33.340695060172166,
            29.15981792688262,
            32.50185879011337,
            10.255161300233011,
            10.082282600400154,
            25.959781006641045,
            10.665960806097774,
            10.727595692074058,
            30.22619854189935,
            23.515075757908793
        ],
        "sinr_ue2": [
            34.3476665723325,
            39.295876026362635,
            15.262693469524496,
            30.813110276672646,
            25.98619106733503,
            15.209360868415748,
            28.782451265796375,
            37.23382319966142,
            31.804847766153262,
            13.113726050979116,
            15.001513096461307,
            14.936666255394304,
            22.78199187423628,
            35.22605000226057,
            41.74944405505988,
            19.014338462823247,
            35.69655094015288,
            31.905501743462686,
            35.414621284160134,
            23.198938565126788
        ],
        "power_bs1": [
            39.70866258791018,
            42.70866258791018,
            43.70866258791018,
            44.70866258791019,
            45.70866258791018,
            42.70866258791018,
            41.70866258791018,
            42.70866258791018,
            41.70866258791018,
            44.70866258791019,
            41.70866258791018,
            40.70866258791018,
            37.70866258791018,
            36.70866258791018,
            35.70866258791018,
            38.70866258791018,
            41.70866258791018,
            42.70866258791018,
            41.70866258791018,
            40.70866258791018
        ],
        "power_bs2": [
            40.43085520175709,
            41.4308552017571,
            40.43085520175709,
            41.4308552017571,
            40.43085520175709,
            39.4308552017571,
            40.43085520175709,
            43.43085520175709,
            42.4308552017571,
            39.4308552017571,
            38.4308552017571,
            37.4308552017571,
            34.43085520175709,
            37.4308552017571,
            36.43085520175709,
            39.43085520175709,
            42.4308552017571,
            43.43085520175709,
            44.4308552017571,
            45.43085520175709
        ]
    }
}