{
    "episode": 3937,
    "seed": 3937,
    "metrics": {
        "sinr_ue1": [
            33.74568380201566,
            14.443391574163599,
            30.077657290993667,
            18.25684350278427,
            41.72810701261355,
            18.0250087410846,
            18.169913491836084,
            32.24041305413306,
            16.291949084982182,
            27.521572440129937,
            24.083675782459963,
            25.070994061998476,
            30.89139231431783,
            13.767400045994695,
            33.72332735189461,
            15.391694638348588,
            11.487063230127232,
            28.100125676601806,
            11.461921698014779,
            18.575521026582894
        ],
        "sinr_ue2": [
            29.333371502067962,
            39.931657331614325,
            27.126337469416455,
            33.230276441889764,
            22.885887927584886,
            46.539161164190276,
            37.323849373248386,
            24.786967744083018,
            48.392373024491945,
            32.37987847698048,
            47.22970240650871,
            30.523538278231346,
            26.448327443819384,
            48.25692719832996,
            26.28935093160195,
            47.35894758905863,
            39.97001860249733,
            35.986299930361554,
            48.757433477683556,
            54.77915030628676
        ],
        "power_bs1": [
            41.03175853676706,
            40.03175853676705,
            41.03175853676706,
            40.03175853676706,
            41.03175853676706,
            38.03175853676706,
            39.03175853676706,
            40.03175853676706,
            39.03175853676706,
            36.03175853676706,
            37.03175853676706,
            34.03175853676706,
            37.03175853676706,
            34.03175853676706,
            35.03175853676706,
            34.03175853676706,
            31.031758536767057,
            30.031758536767054,
            31.031758536767057,
            30.031758536767054
        ],
        "power_bs2": [
            42.12004920249598,
            43.120049202495984,
            40.120049202495984,
            39.120049202495984,
            36.12004920249598,
            37.120049202495984,
            38.120049202495984,
            37.120049202495984,
            40.120049202495984,
            41.12004920249598,
            40.120049202495984,
            37.120049202495984,
            36.12004920249598,
            37.120049202495984,
            34.12004920249598,
            35.12004920249598,
            36.12004920249598,
            39.12004920249598,
            36.12004920249598,
            37.12004920249598
        ]
    }
}