{
    "episode": 388,
    "seed": 388,
    "metrics": {
        "sinr_ue1": [
            12.9391445807521,
            11.044411606534526,
            33.849701494839486,
            14.33726600942209,
            32.58242829802277,
            38.80388033052162,
            22.338825111187873,
            25.80878829033544,
            23.782231372192193,
            37.687187141789536,
            34.4629315741992,
            38.47293761157749,
            16.319394917848793,
            26.60362905022378,
            12.524622266178834,
            16.86728738326618,
            28.411382721228776,
            32.34950149734929,
            19.33665102597925,
            15.705994378043972
        ],
        "sinr_ue2": [
            33.50541409007037,
            32.12711858620128,
            26.067822211633306,
            29.37188876742053,
            8.796876453504236,
            4.965817292026627,
            20.228959201548975,
            13.989662278773078,
            16.691915663176005,
            2.8708093885096937,
            6.548926603961442,
            4.870316101957735,
            26.882078317338596,
            21.983298294848048,
            32.85695583582459,
            30.37444109045601,
            14.627060605036494,
            8.943986581653965,
            26.037382631928917,
            30.67872029153889
        ],
        "power_bs1": [
            39.08739015833423,
            38.08739015833423,
            41.08739015833422,
            38.08739015833423,
            39.08739015833423,
            42.08739015833423,
            43.08739015833423,
            46.08739015833422,
            43.08739015833423,
            40.08739015833423,
            37.08739015833422,
            40.08739015833423,
            37.08739015833422,
            36.08739015833422,
            37.08739015833422,
            38.08739015833423,
            37.08739015833422,
            40.08739015833423,
            41.08739015833422,
            38.08739015833423
        ],
        "power_bs2": [
            37.918647950530534,
            38.918647950530534,
            35.918647950530534,
            34.918647950530534,
            31.918647950530534,
            30.918647950530534,
            29.918647950530534,
            28.918647950530534,
            25.918647950530534,
            26.918647950530534,
            27.918647950530534,
            28.918647950530534,
            29.918647950530538,
            32.918647950530534,
            35.918647950530534,
            36.918647950530534,
            35.918647950530534,
            32.918647950530534,
            31.918647950530534,
            32.918647950530534
        ]
    }
}