{
    "episode": 1384,
    "seed": 1384,
    "metrics": {
        "sinr_ue1": [
            31.388487412134253,
            34.280040568673726,
            18.4210046712283,
            16.30021746704848,
            40.13493757904645,
            34.141408421659634,
            22.222155655522833,
            45.24200187111013,
            20.174933077514243,
            16.05672332124971,
            14.230024812147509,
            22.639313531199324,
            32.706596874341855,
            16.00054797204502,
            33.05845860141359,
            11.815594635197279,
            29.061463255420897,
            15.953935656779736,
            5.73516627816092,
            9.832670700318625
        ],
        "sinr_ue2": [
            27.348526413916858,
            19.832185862360703,
            36.12395155828346,
            37.151953951002604,
            17.79464103388948,
            30.947710941289746,
            36.69002145079056,
            15.586265712156514,
            31.387925493907186,
            35.790047829490774,
            35.820066703610735,
            25.063580538243045,
            21.210741872141835,
            41.39682535252929,
            22.86121901930138,
            33.15504731845398,
            26.2997400934842,
            29.182727142131917,
            30.239199188475624,
            47.088154259703636
        ],
        "power_bs1": [
            44.50451558247232,
            41.50451558247232,
            42.50451558247232,
            39.50451558247232,
            42.50451558247232,
            39.50451558247232,
            42.504515582472315,
            39.504515582472315,
            36.50451558247232,
            33.50451558247232,
            32.50451558247232,
            33.50451558247232,
            34.504515582472315,
            35.504515582472315,
            32.50451558247232,
            31.50451558247232,
            30.50451558247232,
            27.50451558247232,
            30.50451558247232,
            31.50451558247232
        ],
        "power_bs2": [
            42.65691279257936,
            41.656912792579355,
            42.65691279257936,
            41.656912792579355,
            40.65691279257936,
            37.656912792579355,
            38.65691279257936,
            35.65691279257936,
            34.65691279257936,
            35.65691279257936,
            36.656912792579355,
            39.65691279257936,
            36.656912792579355,
            37.656912792579355,
            36.656912792579355,
            37.656912792579355,
            38.65691279257936,
            39.65691279257936,
            42.65691279257936,
            39.65691279257936
        ]
    }
}