{
    "episode": 4138,
    "seed": 4138,
    "metrics": {
        "sinr_ue1": [
            10.699792317466343,
            19.769124950898135,
            19.457549565315105,
            19.12536281983076,
            33.171076666839305,
            35.32032612548312,
            20.43392519944412,
            39.377600131357525,
            37.239110723525506,
            16.498963337308933,
            37.64998854804578,
            14.636198477779455,
            14.802786828518613,
            10.75830004934738,
            12.690661698581271,
            12.717253105473375,
            8.703432715023553,
            12.790288212550697,
            35.50734074404913,
            22.696979282382664
        ],
        "sinr_ue2": [
            62.52667773333095,
            58.36811384316296,
            53.52273127284669,
            47.29730083960013,
            43.50581505385189,
            41.423204916641154,
            56.76084827512267,
            37.56001289168553,
            41.93263906230484,
            62.033654704042114,
            45.05132366047391,
            54.08433720936097,
            43.02244250533899,
            64.04452010103503,
            64.06777858962018,
            62.04503961008912,
            55.076303244508665,
            66.83511614408752,
            43.72455383713437,
            47.17515141419712
        ],
        "power_bs1": [
            36.472662782465896,
            33.472662782465896,
            30.472662782465893,
            33.472662782465896,
            36.472662782465896,
            39.47266278246589,
            40.472662782465896,
            43.472662782465896,
            40.472662782465896,
            37.472662782465896,
            38.472662782465896,
            35.472662782465896,
            38.47266278246589,
            37.472662782465896,
            40.47266278246589,
            39.47266278246589,
            36.47266278246589,
            39.47266278246589,
            40.47266278246589,
            37.47266278246589
        ],
        "power_bs2": [
            39.61515204229915,
            36.61515204229915,
            39.61515204229915,
            36.61515204229915,
            35.61515204229915,
            36.61515204229915,
            33.61515204229915,
            36.61515204229915,
            37.61515204229915,
            34.61515204229915,
            31.61515204229915,
            34.61515204229915,
            37.61515204229915,
            40.615152042299144,
            41.61515204229915,
            40.615152042299144,
            41.61515204229915,
            40.615152042299144,
            39.61515204229915,
            40.615152042299144
        ]
    }
}