{
    "episode": 4892,
    "seed": 4892,
    "metrics": {
        "sinr_ue1": [
            16.509164864112723,
            34.519775634783215,
            12.406477030957198,
            23.78396571485243,
            28.129335974278348,
            14.20729581765757,
            19.770640662256582,
            38.07605850824485,
            35.931008095152606,
            33.00456871992611,
            15.847468810298817,
            16.008311718156552,
            12.207828133045629,
            11.737835114580522,
            26.683032672083733,
            32.27610719709526,
            35.860262058627605,
            38.9753960447827,
            20.365410209727955,
            34.24977824154807
        ],
        "sinr_ue2": [
            32.19482597404936,
            14.568929510875549,
            33.07606053371996,
            35.223309022333204,
            14.409363163759314,
            37.502434089631286,
            25.81163435258066,
            8.290713528411729,
            8.677228894563129,
            25.096100928439622,
            32.0455314962112,
            30.95234068620785,
            33.768212727848145,
            35.493170416822544,
            16.333811209673506,
            13.497229373960947,
            10.222683476517249,
            10.66486496682164,
            23.50481427892113,
            10.443744267370933
        ],
        "power_bs1": [
            41.436143404483076,
            38.43614340448307,
            35.43614340448307,
            36.436143404483076,
            37.436143404483076,
            34.43614340448307,
            37.436143404483076,
            36.436143404483076,
            39.43614340448307,
            36.436143404483076,
            33.43614340448307,
            34.43614340448307,
            31.43614340448307,
            28.43614340448307,
            29.43614340448307,
            32.43614340448307,
            35.43614340448307,
            38.43614340448307,
            39.43614340448307,
            36.43614340448307
        ],
        "power_bs2": [
            41.61355861091843,
            38.61355861091843,
            39.61355861091843,
            38.61355861091843,
            37.61355861091843,
            36.61355861091843,
            33.61355861091843,
            30.613558610918435,
            33.61355861091843,
            34.61355861091843,
            33.61355861091843,
            34.61355861091843,
            35.61355861091843,
            32.61355861091843,
            33.61355861091843,
            32.61355861091843,
            31.613558610918435,
            34.61355861091843,
            35.61355861091843,
            32.61355861091843
        ]
    }
}