{
    "episode": 4253,
    "seed": 4253,
    "metrics": {
        "sinr_ue1": [
            17.20874718812839,
            35.52711894552648,
            28.505242218221092,
            36.29469077999116,
            34.995341266170975,
            22.16926749937247,
            22.408153087548193,
            18.615024741066136,
            15.052497406881562,
            37.42764527707707,
            43.36727468649965,
            36.03895506219049,
            40.725781158196995,
            39.56819484444144,
            23.11829181222037,
            20.615946723007447,
            27.22731429476398,
            27.618829130974092,
            29.511074092540497,
            36.109656967815276
        ],
        "sinr_ue2": [
            28.257102188963408,
            29.508637450576266,
            13.622694187660343,
            10.10898353784064,
            7.967855918969475,
            23.34230605738316,
            19.87051652578245,
            21.20916352615557,
            20.641161964426136,
            7.696316347854911,
            2.0974557461782513,
            1.6959259670737992,
            12.110887384393907,
            1.2481458227212394,
            1.8927431787631235,
            7.087660343935726,
            13.94926490935256,
            13.385875917978165,
            9.25884730173751,
            7.830747782121903
        ],
        "power_bs1": [
            39.16167191870522,
            36.161671918705224,
            35.16167191870522,
            38.161671918705224,
            37.161671918705224,
            38.161671918705224,
            39.16167191870522,
            36.161671918705224,
            35.16167191870522,
            36.161671918705224,
            39.16167191870522,
            36.16167191870522,
            37.16167191870522,
            34.16167191870522,
            37.16167191870522,
            40.16167191870522,
            41.161671918705224,
            40.16167191870522,
            41.161671918705224,
            38.16167191870522
        ],
        "power_bs2": [
            36.844737290345535,
            33.844737290345535,
            36.844737290345535,
            35.844737290345535,
            32.844737290345535,
            29.84473729034553,
            30.84473729034553,
            31.844737290345535,
            34.844737290345535,
            31.844737290345535,
            28.84473729034553,
            25.84473729034553,
            22.844737290345527,
            23.84473729034553,
            26.844737290345535,
            25.84473729034553,
            26.844737290345535,
            23.84473729034553,
            20.84473729034553,
            23.84473729034553
        ]
    }
}