{
    "episode": 1063,
    "seed": 1063,
    "metrics": {
        "sinr_ue1": [
            46.369703601073724,
            29.20517862208088,
            40.51258901249752,
            37.24420162846038,
            33.23950702784047,
            50.43754701515886,
            35.683469937176355,
            35.74297189190025,
            39.95168668405786,
            48.75943839482354,
            51.46788828504313,
            50.40465069107236,
            55.27008791651654,
            41.58527415613555,
            41.19265651765416,
            37.50757774320524,
            35.67156590355063,
            49.31924311052445,
            28.023238814334903,
            44.76076439799769
        ],
        "sinr_ue2": [
            9.918919810061892,
            32.33059676249347,
            17.886077574284535,
            15.942210658812382,
            25.391343298910975,
            9.934328974852361,
            26.56004259293219,
            28.423404255981733,
            25.82077987048059,
            3.565560601174664,
            9.616517321038987,
            11.729137612676963,
            7.65434641311785,
            21.051583031002203,
            22.977406487121957,
            22.05189870505485,
            9.643495882888907,
            13.545610383905426,
            32.37361852810315,
            15.408065277419272
        ],
        "power_bs1": [
            42.457957712645054,
            39.45795771264506,
            36.45795771264506,
            39.45795771264506,
            42.457957712645054,
            41.45795771264506,
            44.45795771264506,
            43.457957712645054,
            44.45795771264506,
            45.457957712645054,
            42.457957712645054,
            41.45795771264506,
            42.457957712645054,
            43.45795771264506,
            40.457957712645054,
            39.45795771264506,
            40.45795771264507,
            37.457957712645054,
            36.45795771264506,
            35.45795771264506
        ],
        "power_bs2": [
            40.917822008301584,
            43.91782200830158,
            42.917822008301584,
            43.91782200830158,
            42.917822008301584,
            39.91782200830158,
            42.917822008301584,
            41.91782200830158,
            38.91782200830158,
            37.91782200830158,
            40.917822008301584,
            41.91782200830158,
            38.91782200830158,
            35.91782200830158,
            32.91782200830158,
            35.91782200830158,
            38.91782200830158,
            39.91782200830158,
            42.91782200830157,
            39.91782200830158
        ]
    }
}