{
    "episode": 4927,
    "seed": 4927,
    "metrics": {
        "sinr_ue1": [
            31.344678263952268,
            29.343991509155508,
            45.60736514777295,
            25.665032483720587,
            32.093258482566355,
            42.67269978651771,
            25.6199967173924,
            41.012563545729606,
            42.270758913298835,
            40.98953856296633,
            41.13148402242496,
            19.400102062432502,
            32.311784484378485,
            38.53188203975043,
            41.65333262616269,
            23.014658543172814,
            33.673362772760356,
            23.655373693647807,
            17.547825916315475,
            22.657933797191948
        ],
        "sinr_ue2": [
            20.067143294016546,
            27.98956508943871,
            12.504424595208592,
            31.845058700980694,
            37.27134150465038,
            14.264188196711906,
            34.89455807888301,
            16.195224493038044,
            16.42713852817333,
            18.32665265903428,
            36.243052677332955,
            41.73776177508471,
            20.013945352751286,
            19.857026131905368,
            18.11829693595201,
            29.961701069697067,
            21.28030753965811,
            23.44419316738798,
            39.297834337657335,
            22.014126256056553
        ],
        "power_bs1": [
            38.63815638744037,
            37.638156387440375,
            40.638156387440375,
            37.638156387440375,
            36.638156387440375,
            37.638156387440375,
            36.638156387440375,
            37.638156387440375,
            40.638156387440375,
            39.63815638744037,
            36.638156387440375,
            33.63815638744037,
            36.638156387440375,
            35.638156387440375,
            38.63815638744037,
            35.638156387440375,
            32.63815638744037,
            33.63815638744037,
            36.638156387440375,
            33.63815638744037
        ],
        "power_bs2": [
            31.532170681656886,
            32.532170681656886,
            35.53217068165689,
            36.532170681656886,
            35.53217068165689,
            34.53217068165689,
            35.53217068165689,
            36.53217068165689,
            39.53217068165689,
            40.53217068165689,
            39.53217068165689,
            38.53217068165689,
            39.53217068165689,
            38.53217068165689,
            39.53217068165689,
            36.53217068165689,
            37.53217068165689,
            40.53217068165689,
            37.532170681656886,
            34.53217068165689
        ]
    }
}