{
    "episode": 3548,
    "seed": 3548,
    "metrics": {
        "sinr_ue1": [
            24.007601017316517,
            23.638452156480053,
            6.6721092218438125,
            22.923243607767375,
            19.034568401632544,
            12.168377091637774,
            16.890890332082712,
            4.502527906305817,
            29.3449928054676,
            18.075108624742036,
            4.654883139705145,
            6.6445295306302175,
            26.933898799829244,
            24.34852328326075,
            8.795274027217115,
            29.097421438156246,
            31.045545328642078,
            32.87309527325221,
            35.9584820985686,
            41.35071051162033
        ],
        "sinr_ue2": [
            33.89555243475222,
            20.865440881866874,
            30.343575923910606,
            14.872954309439514,
            14.670373320073367,
            30.515540379970822,
            22.07162010037662,
            34.673378683294004,
            15.026763602879985,
            28.234358888145074,
            32.98190590160636,
            17.46550533129978,
            15.638754315262782,
            19.399028683544714,
            27.562944278125098,
            11.543636117473879,
            9.140806881784718,
            5.627796241162784,
            20.608272324906956,
            1.600703514036152
        ],
        "power_bs1": [
            32.56231469614206,
            29.562314696142064,
            30.562314696142067,
            29.562314696142064,
            28.562314696142064,
            25.562314696142067,
            26.56231469614206,
            27.562314696142064,
            30.562314696142067,
            27.562314696142064,
            30.562314696142067,
            33.56231469614207,
            36.56231469614206,
            33.56231469614207,
            36.56231469614206,
            37.56231469614206,
            38.56231469614207,
            41.56231469614206,
            42.56231469614207,
            43.56231469614207
        ],
        "power_bs2": [
            40.21393841200508,
            41.21393841200508,
            38.21393841200508,
            35.21393841200508,
            34.21393841200508,
            37.21393841200508,
            40.21393841200508,
            37.21393841200508,
            36.21393841200508,
            39.21393841200508,
            40.21393841200508,
            41.21393841200508,
            42.213938412005085,
            43.21393841200508,
            42.213938412005085,
            39.21393841200508,
            40.21393841200508,
            37.21393841200508,
            38.21393841200508,
            35.21393841200508
        ]
    }
}