{
    "episode": 676,
    "seed": 676,
    "metrics": {
        "sinr_ue1": [
            27.760969602448846,
            11.247410784905664,
            20.79174700126948,
            28.787524150037985,
            27.550412781452547,
            32.39251976433824,
            7.259652400914195,
            25.33917267909823,
            26.693742015003423,
            29.904114911087262,
            14.130043970068915,
            15.159167320615126,
            40.14049881773494,
            31.7707049492733,
            31.229980533568163,
            21.63839067804481,
            24.851858424634056,
            21.662748862868387,
            33.190743315567595,
            30.85849289236938
        ],
        "sinr_ue2": [
            17.482671245757466,
            24.302068606008035,
            23.8684269081681,
            30.499512930137872,
            9.647998774172526,
            20.816902777721165,
            37.45755966443723,
            18.899067972043596,
            16.64767580757641,
            14.864538184868174,
            24.13090965477114,
            22.277815048602413,
            6.691198848479463,
            10.444980413734912,
            5.075522313229325,
            13.92343716956842,
            14.11592933784166,
            14.662227514377463,
            5.143685522165862,
            23.671096826985103
        ],
        "power_bs1": [
            39.85989568862871,
            42.85989568862871,
            39.85989568862871,
            42.85989568862871,
            43.85989568862872,
            40.85989568862871,
            37.85989568862871,
            34.85989568862871,
            33.85989568862871,
            34.85989568862871,
            35.85989568862871,
            34.85989568862871,
            33.85989568862871,
            32.85989568862871,
            35.85989568862871,
            38.85989568862871,
            41.85989568862871,
            38.85989568862871,
            35.85989568862871,
            32.85989568862871
        ],
        "power_bs2": [
            42.73946368191831,
            43.739463681918316,
            42.73946368191831,
            39.739463681918316,
            38.739463681918316,
            39.739463681918316,
            42.73946368191831,
            39.739463681918316,
            36.73946368191831,
            35.73946368191831,
            32.73946368191831,
            29.73946368191831,
            26.739463681918313,
            29.73946368191831,
            26.739463681918313,
            23.73946368191831,
            22.73946368191831,
            23.73946368191831,
            26.739463681918313,
            23.73946368191831
        ]
    }
}