{
    "episode": 791,
    "seed": 791,
    "metrics": {
        "sinr_ue1": [
            5.157697604038544,
            20.07762905800313,
            17.36844526492368,
            17.957576199732713,
            24.25720586609254,
            13.855169131559242,
            18.046033227541187,
            23.046530611654564,
            32.537675047917524,
            31.05366254085836,
            36.03712617740045,
            17.393191783636425,
            13.70832575855429,
            26.515170789901802,
            21.932324521956097,
            16.729079194525617,
            11.211281637005218,
            5.044943062171276,
            14.064923694553183,
            19.83310208199662
        ],
        "sinr_ue2": [
            17.085674252374957,
            20.930318448010365,
            15.248514355266451,
            15.174028606853492,
            15.081598442564463,
            16.62997045256968,
            21.885638719049542,
            12.233872326681485,
            6.892304242799538,
            8.712003672735571,
            4.903795101771527,
            20.70595288613342,
            24.881178186284764,
            10.722719021357424,
            14.960261957410806,
            24.065088097418425,
            30.25574596413709,
            32.642763934945336,
            17.191702537422643,
            17.643169343705274
        ],
        "power_bs1": [
            38.688040211229556,
            37.68804021122956,
            40.68804021122956,
            39.688040211229556,
            38.688040211229556,
            35.68804021122956,
            36.68804021122956,
            33.688040211229556,
            36.68804021122956,
            35.68804021122956,
            36.68804021122956,
            35.68804021122956,
            32.688040211229556,
            29.68804021122956,
            26.688040211229556,
            27.688040211229556,
            26.688040211229556,
            29.68804021122956,
            30.68804021122956,
            31.68804021122956
        ],
        "power_bs2": [
            41.89702733100425,
            44.89702733100425,
            41.89702733100425,
            40.897027331004246,
            39.89702733100425,
            38.89702733100425,
            35.89702733100425,
            32.89702733100425,
            29.897027331004253,
            30.897027331004253,
            27.89702733100425,
            24.897027331004253,
            25.897027331004253,
            28.89702733100425,
            31.897027331004253,
            32.89702733100425,
            35.89702733100425,
            32.89702733100425,
            35.897027331004246,
            36.897027331004246
        ]
    }
}