{
    "episode": 1922,
    "seed": 1922,
    "metrics": {
        "sinr_ue1": [
            12.0722322806963,
            11.9624133556872,
            17.828687403325027,
            17.74608758783058,
            20.404228140988266,
            28.92514811955701,
            35.32740397116475,
            23.676417039913687,
            37.92073438121055,
            39.44172031519753,
            35.42632628433808,
            19.85734598435651,
            21.603684816153525,
            23.453392584049748,
            28.886601906364607,
            46.02091319928337,
            25.188134814510228,
            37.108370658917735,
            24.832950666864853,
            25.268116868982645
        ],
        "sinr_ue2": [
            41.48621594059264,
            43.15600239757404,
            30.692464199414637,
            33.49796103266791,
            18.651545502634935,
            24.12140257817315,
            18.597877575091182,
            30.365039149557678,
            13.12661993048738,
            16.942369979630428,
            24.68124644841158,
            33.10613771082325,
            32.38413077045129,
            24.78510613828687,
            20.8670478924445,
            9.05955384564497,
            33.57867054804159,
            10.936571299867904,
            28.185663028335014,
            10.868334404038514
        ],
        "power_bs1": [
            35.72630566138002,
            36.726305661380025,
            39.72630566138002,
            36.726305661380025,
            35.72630566138002,
            32.72630566138002,
            35.72630566138002,
            38.72630566138002,
            41.726305661380025,
            38.72630566138002,
            35.72630566138002,
            38.72630566138002,
            37.72630566138002,
            36.72630566138002,
            39.72630566138002,
            40.72630566138002,
            37.72630566138002,
            38.72630566138002,
            35.72630566138002,
            38.72630566138002
        ],
        "power_bs2": [
            42.35123906506259,
            43.351239065062586,
            40.351239065062586,
            37.351239065062586,
            36.351239065062586,
            39.351239065062586,
            36.351239065062586,
            33.351239065062586,
            36.351239065062586,
            37.351239065062586,
            34.351239065062586,
            37.351239065062586,
            34.351239065062586,
            31.351239065062586,
            28.351239065062583,
            31.351239065062586,
            30.351239065062586,
            31.351239065062586,
            28.351239065062583,
            31.351239065062586
        ]
    }
}