{
    "episode": 1088,
    "seed": 1088,
    "metrics": {
        "sinr_ue1": [
            9.994798330575255,
            10.103431898273087,
            23.81795672504323,
            23.30177425203765,
            27.887969699764653,
            17.26448770109199,
            4.439584712257497,
            6.7103807183916055,
            4.314154139501513,
            6.365285238911955,
            4.331635121376305,
            4.365082239349883,
            24.01330721060802,
            13.168194934129714,
            7.030322792065485,
            6.24550853980434,
            16.91255100081647,
            16.336087759578653,
            4.367946733585764,
            2.4460128995919113
        ],
        "sinr_ue2": [
            26.323199909345934,
            27.445207919525465,
            17.287041332216482,
            17.16262190653913,
            15.363701074420309,
            13.462584764521015,
            19.364788114390322,
            34.15567342076346,
            35.02147831416987,
            24.804580843395772,
            34.084083333381884,
            32.646680578661375,
            17.60166809227138,
            35.79509921570876,
            19.05971322348332,
            33.161267663922175,
            22.96156384498707,
            23.43507164772238,
            34.365314159333785,
            41.02984201274139
        ],
        "power_bs1": [
            36.078541141526415,
            37.078541141526415,
            34.078541141526415,
            33.078541141526415,
            34.078541141526415,
            31.078541141526415,
            34.078541141526415,
            33.078541141526415,
            32.078541141526415,
            35.078541141526415,
            32.078541141526415,
            33.078541141526415,
            36.078541141526415,
            33.078541141526415,
            32.078541141526415,
            35.078541141526415,
            32.078541141526415,
            35.078541141526415,
            36.078541141526415,
            37.078541141526415
        ],
        "power_bs2": [
            36.88025771529124,
            37.88025771529124,
            38.88025771529124,
            37.88025771529124,
            36.88025771529124,
            37.88025771529124,
            40.88025771529124,
            39.88025771529124,
            38.88025771529124,
            39.88025771529124,
            38.88025771529124,
            39.88025771529124,
            40.88025771529124,
            41.88025771529125,
            38.88025771529124,
            39.88025771529124,
            42.88025771529124,
            45.88025771529124,
            42.88025771529124,
            45.88025771529124
        ]
    }
}