{
    "episode": 3821,
    "seed": 3821,
    "metrics": {
        "sinr_ue1": [
            36.36082894397105,
            24.31999555786998,
            42.18790151554008,
            30.56640872853034,
            19.413307457521984,
            32.34615811877424,
            23.78896665567444,
            23.911521715221014,
            33.75893099074018,
            40.946036156078726,
            43.02296957829463,
            27.021847001290933,
            39.12299592081093,
            27.065953474751446,
            36.03267534250564,
            46.58996599358445,
            44.136965022781986,
            23.81803280667765,
            31.04053222833151,
            20.197586699471948
        ],
        "sinr_ue2": [
            11.819099832948009,
            13.758392646828899,
            11.641585320136297,
            13.233839376279018,
            28.349053638126005,
            7.47440432101016,
            16.351286434000972,
            19.30052574251032,
            11.717560767680437,
            5.850311972943976,
            3.4767112926675203,
            22.01465029705335,
            3.6600399607086183,
            21.66994707593431,
            18.333813846916563,
            1.9979949562468762,
            5.909825889297875,
            12.455413641944828,
            24.074201970984372,
            26.040825518223407
        ],
        "power_bs1": [
            41.34965063036661,
            40.34965063036661,
            39.34965063036661,
            36.34965063036661,
            35.34965063036661,
            38.34965063036661,
            41.34965063036661,
            42.34965063036661,
            41.34965063036661,
            44.34965063036661,
            43.34965063036662,
            42.34965063036661,
            39.34965063036661,
            42.34965063036661,
            41.34965063036661,
            44.34965063036661,
            41.34965063036661,
            38.34965063036661,
            35.34965063036661,
            34.34965063036661
        ],
        "power_bs2": [
            37.97287707046475,
            38.97287707046475,
            35.97287707046475,
            34.97287707046474,
            31.972877070464744,
            30.972877070464744,
            33.97287707046474,
            34.97287707046474,
            37.97287707046475,
            34.97287707046474,
            33.97287707046474,
            30.972877070464744,
            27.972877070464747,
            30.972877070464744,
            31.972877070464744,
            30.972877070464744,
            31.972877070464744,
            28.972877070464747,
            27.972877070464747,
            28.972877070464747
        ]
    }
}