{
    "episode": 3703,
    "seed": 3703,
    "metrics": {
        "sinr_ue1": [
            33.01110625979089,
            33.97169574957444,
            28.891797467729013,
            27.457512435994524,
            23.347559514002576,
            15.07305099697837,
            31.447251081256024,
            28.036849929622086,
            9.247476632982398,
            30.624637952521514,
            6.870521430736439,
            17.77045143390154,
            10.381564595829126,
            18.098734551052797,
            17.407164060336218,
            6.982488020201826,
            18.903376183208998,
            9.313758515203858,
            29.947457901457003,
            13.934995170183315
        ],
        "sinr_ue2": [
            17.76297453829521,
            19.64906828675013,
            23.303027698897658,
            24.84390261813803,
            30.474422728112927,
            37.27719861779076,
            19.547206529039318,
            23.41542902856128,
            41.7319741663448,
            24.956810894190934,
            40.04738780433509,
            25.799398119699838,
            48.7854210854152,
            29.83417544247328,
            46.522997894573464,
            26.342950553230153,
            23.260674113929177,
            42.911874990939616,
            21.197978406578628,
            27.561361740867618
        ],
        "power_bs1": [
            39.19879243203164,
            38.198792432031645,
            35.198792432031645,
            32.198792432031645,
            35.198792432031645,
            38.19879243203164,
            39.19879243203164,
            36.198792432031645,
            33.19879243203164,
            32.19879243203164,
            29.19879243203164,
            28.19879243203164,
            25.19879243203164,
            28.19879243203164,
            27.198792432031638,
            30.19879243203164,
            33.19879243203164,
            34.19879243203164,
            35.198792432031645,
            34.19879243203164
        ],
        "power_bs2": [
            35.102082848469635,
            36.102082848469635,
            37.102082848469635,
            36.102082848469635,
            37.102082848469635,
            36.102082848469635,
            37.102082848469635,
            38.102082848469635,
            37.102082848469635,
            36.102082848469635,
            35.102082848469635,
            34.102082848469635,
            37.102082848469635,
            38.102082848469635,
            35.102082848469635,
            36.102082848469635,
            35.102082848469635,
            38.102082848469635,
            35.102082848469635,
            32.10208284846963
        ]
    }
}