{
    "episode": 4266,
    "seed": 4266,
    "metrics": {
        "sinr_ue1": [
            31.76311862719686,
            30.081026172647064,
            44.21936644104777,
            34.99428964701963,
            50.65375300290835,
            33.73717708708432,
            47.992694156663404,
            29.876338341550195,
            41.439641336521184,
            29.62717510978376,
            25.676350702668813,
            36.79541944053491,
            28.330769162138335,
            43.561186906121804,
            22.122948572179652,
            21.978158509601844,
            42.282502960717096,
            40.51890056746949,
            38.345730728572235,
            49.2036008443536
        ],
        "sinr_ue2": [
            28.382370966310702,
            29.315737687700384,
            13.490689773503075,
            13.545173656885696,
            19.462407648121573,
            11.48665620757007,
            15.322351684485444,
            15.496274851226921,
            15.293994804998892,
            31.68790117764982,
            36.806759945826535,
            16.888179478966528,
            24.240871896744665,
            21.133456325449508,
            40.63812772847857,
            40.08376593168897,
            20.79799059485235,
            32.413903957356816,
            22.661756064191852,
            32.05737434424173
        ],
        "power_bs1": [
            40.48674097731941,
            41.486740977319414,
            44.486740977319414,
            41.486740977319414,
            42.486740977319414,
            43.486740977319414,
            40.48674097731941,
            43.486740977319414,
            42.486740977319414,
            41.486740977319414,
            40.48674097731941,
            39.486740977319414,
            36.48674097731941,
            33.486740977319414,
            34.486740977319414,
            31.48674097731941,
            32.486740977319414,
            35.48674097731941,
            34.486740977319414,
            37.486740977319414
        ],
        "power_bs2": [
            33.64220637237843,
            36.642206372378425,
            37.642206372378425,
            34.64220637237843,
            31.64220637237843,
            34.642206372378425,
            35.642206372378425,
            38.642206372378425,
            37.642206372378425,
            36.642206372378425,
            39.642206372378425,
            36.642206372378425,
            33.642206372378425,
            34.642206372378425,
            37.642206372378425,
            34.642206372378425,
            33.642206372378425,
            34.642206372378425,
            37.642206372378425,
            34.642206372378425
        ]
    }
}