{
    "episode": 1103,
    "seed": 1103,
    "metrics": {
        "sinr_ue1": [
            36.46363774498602,
            18.255976453666097,
            14.257441753389116,
            32.01150837881173,
            34.91489552960743,
            32.26485785323911,
            33.20985814022262,
            33.36550841436238,
            33.81729887277254,
            32.013502535519535,
            38.411539503997275,
            20.17630187421298,
            20.90721433094437,
            34.54525234899593,
            20.11506614682481,
            41.95675603453537,
            41.62465269369582,
            25.799368293768982,
            38.783981105543894,
            37.187515882152475
        ],
        "sinr_ue2": [
            27.73872489279629,
            36.72247345593503,
            44.63406575469776,
            21.85958531654906,
            31.638620534140628,
            19.68242872903193,
            25.744927434394867,
            25.64163380225648,
            23.602315771291558,
            37.23155200386322,
            19.841607256763908,
            37.13783263233938,
            19.612292743939804,
            19.408806345404425,
            36.100909153157886,
            31.347670108488373,
            18.2005486913809,
            26.284155565313775,
            30.035269207296377,
            13.846493274950753
        ],
        "power_bs1": [
            44.228013308122854,
            41.22801330812286,
            40.22801330812286,
            41.22801330812286,
            44.228013308122854,
            43.22801330812286,
            40.22801330812286,
            41.22801330812286,
            40.22801330812286,
            39.22801330812286,
            42.22801330812287,
            41.22801330812286,
            40.22801330812286,
            37.22801330812286,
            38.22801330812286,
            37.22801330812286,
            38.22801330812286,
            41.22801330812286,
            40.22801330812286,
            37.22801330812286
        ],
        "power_bs2": [
            41.30998217545176,
            42.309982175451765,
            45.30998217545176,
            42.309982175451765,
            41.30998217545176,
            42.309982175451765,
            45.30998217545176,
            46.30998217545176,
            43.30998217545176,
            40.30998217545176,
            41.30998217545176,
            40.30998217545176,
            39.30998217545176,
            36.30998217545176,
            37.309982175451765,
            34.30998217545176,
            35.30998217545176,
            34.30998217545176,
            33.30998217545176,
            30.309982175451758
        ]
    }
}