{
    "episode": 2913,
    "seed": 2913,
    "metrics": {
        "sinr_ue1": [
            28.232130623874696,
            41.38838020664312,
            41.74104480305922,
            51.440319290702035,
            48.733738691804625,
            52.22252249023512,
            50.81147874536203,
            30.157988980122134,
            48.74990298697321,
            32.18927669798269,
            50.80605277850837,
            33.67533767307478,
            33.71526085522799,
            27.49489537633742,
            27.829402305402095,
            47.439084691011914,
            44.45886896441215,
            46.07120036653336,
            48.39455377034596,
            25.166651960613628
        ],
        "sinr_ue2": [
            31.863223565384114,
            32.790620737074306,
            15.471813931043119,
            11.645449742848049,
            23.32108721508185,
            9.636985942771888,
            11.74474414057919,
            32.27731335285577,
            5.882616704551209,
            29.528752517680328,
            9.783674636796501,
            17.26085745417412,
            11.825872189742988,
            33.567872581612114,
            36.16996993986631,
            15.907940808516578,
            15.787326847499374,
            15.89676919858678,
            14.014278283434681,
            34.50326250831311
        ],
        "power_bs1": [
            38.20844185403065,
            39.20844185403065,
            38.20844185403065,
            41.20844185403065,
            38.20844185403065,
            39.20844185403065,
            40.20844185403065,
            39.20844185403065,
            40.20844185403065,
            39.20844185403065,
            42.20844185403066,
            39.20844185403065,
            42.20844185403066,
            39.20844185403065,
            42.20844185403066,
            41.20844185403065,
            38.20844185403065,
            41.20844185403065,
            44.20844185403065,
            41.20844185403065
        ],
        "power_bs2": [
            39.88763639946814,
            40.88763639946815,
            37.88763639946814,
            36.88763639946814,
            35.88763639946814,
            32.88763639946814,
            35.88763639946814,
            38.88763639946814,
            37.88763639946814,
            36.88763639946814,
            35.88763639946814,
            34.88763639946814,
            37.88763639946814,
            40.887636399468136,
            43.88763639946815,
            40.887636399468136,
            37.88763639946814,
            40.887636399468136,
            41.88763639946814,
            44.88763639946814
        ]
    }
}