{
    "episode": 1397,
    "seed": 1397,
    "metrics": {
        "sinr_ue1": [
            38.90631653380964,
            31.845322668412628,
            25.892462517745834,
            29.930745709169084,
            49.22031713089688,
            38.22026980303145,
            38.790263806460295,
            39.178461156178884,
            23.78569251130265,
            21.561317580545996,
            23.555081617837672,
            37.395710637033304,
            43.58507528175346,
            25.63995623948982,
            31.675151343194997,
            19.79312330859113,
            19.76503711460608,
            25.708151062731005,
            39.04836387694134,
            29.84571310666809
        ],
        "sinr_ue2": [
            21.4640947512973,
            25.289099098828377,
            46.86712619947828,
            39.63753272765905,
            25.241573603842603,
            30.94601659395375,
            28.93612877749474,
            30.72170287215703,
            47.20140458386764,
            47.055888672867816,
            40.210122647017755,
            50.485672011985365,
            29.058196121037582,
            49.31604027420407,
            42.6706040747041,
            54.448477252763794,
            32.899108739286135,
            46.70236382091991,
            42.77994051986014,
            41.06579698601912
        ],
        "power_bs1": [
            45.26086131969742,
            42.260861319697426,
            39.260861319697426,
            42.260861319697426,
            39.260861319697426,
            36.26086131969742,
            39.260861319697426,
            36.26086131969742,
            39.260861319697426,
            36.26086131969742,
            37.260861319697426,
            36.26086131969742,
            39.260861319697426,
            38.260861319697426,
            41.260861319697426,
            38.260861319697426,
            41.260861319697426,
            44.260861319697426,
            45.26086131969742,
            44.260861319697426
        ],
        "power_bs2": [
            38.043604072280715,
            39.043604072280715,
            38.043604072280715,
            37.043604072280715,
            36.04360407228071,
            39.043604072280715,
            40.04360407228071,
            39.043604072280715,
            40.04360407228071,
            39.043604072280715,
            38.043604072280715,
            39.043604072280715,
            40.04360407228071,
            37.043604072280715,
            40.04360407228071,
            43.04360407228071,
            46.043604072280715,
            43.04360407228071,
            42.043604072280715,
            39.04360407228071
        ]
    }
}