{
    "episode": 887,
    "seed": 887,
    "metrics": {
        "sinr_ue1": [
            20.657383799387908,
            34.01015099925344,
            16.86565663730123,
            29.638467761095395,
            38.14922311001265,
            16.529084926704947,
            12.631913234773558,
            16.97261266990934,
            30.4222103722555,
            12.424174191725267,
            25.376960087364626,
            27.729998730429585,
            8.65909974075834,
            14.381017163251265,
            20.05014961704405,
            29.656987240309206,
            15.230779829248975,
            12.854879896555962,
            36.573846097256954,
            22.376555387946265
        ],
        "sinr_ue2": [
            36.1809401007781,
            20.94187615804985,
            35.07451099119709,
            22.712842165131427,
            22.586265397028317,
            44.10486029197404,
            42.609890661053036,
            25.066879167310923,
            43.42145597869715,
            33.414858432372355,
            44.682942854322235,
            26.92114374032229,
            28.4940991753237,
            44.06016315890143,
            32.54953858828098,
            20.104060946165475,
            42.67209366030768,
            45.29575761861402,
            21.978125323460475,
            28.01533797509846
        ],
        "power_bs1": [
            40.48604093828221,
            41.486040938282216,
            38.48604093828221,
            35.48604093828221,
            34.48604093828221,
            33.48604093828221,
            30.48604093828221,
            27.48604093828221,
            28.48604093828221,
            27.48604093828221,
            24.48604093828221,
            23.48604093828221,
            26.48604093828221,
            29.48604093828221,
            32.48604093828221,
            33.48604093828221,
            30.48604093828221,
            31.48604093828221,
            32.48604093828221,
            35.48604093828221
        ],
        "power_bs2": [
            40.768420896590044,
            43.768420896590044,
            42.76842089659005,
            39.768420896590044,
            38.768420896590044,
            37.76842089659005,
            38.768420896590044,
            35.768420896590044,
            34.768420896590044,
            35.768420896590044,
            36.76842089659005,
            35.768420896590044,
            38.768420896590044,
            35.768420896590044,
            32.76842089659005,
            35.768420896590044,
            36.76842089659005,
            39.768420896590044,
            36.76842089659005,
            33.768420896590044
        ]
    }
}