{
    "episode": 892,
    "seed": 892,
    "metrics": {
        "sinr_ue1": [
            35.8290565994007,
            47.93559759197774,
            55.43337850012507,
            53.04233806687766,
            49.401049921838194,
            66.61411028930029,
            49.301678337611,
            48.540733923114196,
            68.21697898408851,
            70.65577586144313,
            50.625850111237284,
            66.2767107203192,
            50.46260191096671,
            63.14883996370732,
            52.4566249290809,
            53.24266477218107,
            68.87888061881694,
            58.31357486552105,
            70.60685073029649,
            72.81660107893816
        ],
        "sinr_ue2": [
            50.476360100141456,
            36.58500820290947,
            26.470077776246825,
            22.48194811819909,
            33.1644791815268,
            16.68914476721081,
            36.36767448430092,
            31.792367440698253,
            14.610549132058459,
            12.639694876957835,
            21.877750164237213,
            10.472358502446673,
            22.38799351213943,
            7.9409594680312745,
            26.09561090723998,
            27.198308622859322,
            14.450050496016331,
            14.649761594642348,
            30.22136560000157,
            12.41134760676265
        ],
        "power_bs1": [
            35.85586407827213,
            38.85586407827213,
            39.85586407827213,
            40.855864078272134,
            43.85586407827213,
            42.85586407827212,
            43.85586407827213,
            40.855864078272134,
            39.85586407827213,
            40.855864078272134,
            39.85586407827213,
            42.85586407827212,
            39.85586407827213,
            42.85586407827212,
            41.85586407827213,
            42.85586407827212,
            41.85586407827213,
            44.85586407827213,
            45.85586407827212,
            44.85586407827213
        ],
        "power_bs2": [
            38.098996731890594,
            41.098996731890594,
            38.098996731890594,
            35.098996731890594,
            32.098996731890594,
            31.09899673189059,
            32.098996731890594,
            29.09899673189059,
            26.09899673189059,
            25.09899673189059,
            24.09899673189059,
            25.09899673189059,
            24.09899673189059,
            25.09899673189059,
            24.09899673189059,
            25.09899673189059,
            28.098996731890594,
            31.09899673189059,
            30.09899673189059,
            29.09899673189059
        ]
    }
}