{
    "episode": 4625,
    "seed": 4625,
    "metrics": {
        "sinr_ue1": [
            8.443754865158011,
            25.945753309916476,
            8.723746169378304,
            8.83515849143124,
            10.496763386701119,
            27.71304901845252,
            24.696041790775226,
            6.348664550724386,
            4.80377973453545,
            23.83141611715166,
            16.574910900951803,
            24.65585250071358,
            4.785799796839471,
            22.808992888476993,
            6.4848911995820675,
            4.310584791691454,
            18.783879803488887,
            9.760268488824886,
            2.472404438717009,
            4.589312218624498
        ],
        "sinr_ue2": [
            17.098489095009395,
            8.641884475566684,
            22.379691364003307,
            30.785399141113842,
            28.121467161973346,
            26.35500375287772,
            12.170579400742286,
            22.80364187188355,
            34.64949642678982,
            12.383807596588204,
            20.667993366300564,
            12.434256171618374,
            28.701769227456843,
            12.386575826685334,
            31.22172464770439,
            32.21555829617778,
            15.298996854148466,
            31.203082054501454,
            34.719484154878145,
            25.05826920542212
        ],
        "power_bs1": [
            36.4772929271865,
            39.4772929271865,
            38.4772929271865,
            39.4772929271865,
            38.4772929271865,
            35.4772929271865,
            34.4772929271865,
            33.4772929271865,
            34.4772929271865,
            35.4772929271865,
            34.4772929271865,
            35.4772929271865,
            34.4772929271865,
            35.4772929271865,
            34.4772929271865,
            31.477292927186497,
            30.477292927186497,
            27.477292927186497,
            30.477292927186497,
            33.4772929271865
        ],
        "power_bs2": [
            38.150102028867096,
            37.15010202886709,
            40.150102028867096,
            41.15010202886709,
            38.150102028867096,
            35.150102028867096,
            36.15010202886709,
            37.15010202886709,
            40.150102028867096,
            37.15010202886709,
            40.150102028867096,
            37.15010202886709,
            40.150102028867096,
            37.15010202886709,
            38.150102028867096,
            37.15010202886709,
            36.15010202886709,
            37.15010202886709,
            38.150102028867096,
            39.150102028867096
        ]
    }
}