{
    "episode": 529,
    "seed": 529,
    "metrics": {
        "sinr_ue1": [
            33.98265072519453,
            37.14518960682292,
            30.146713925377963,
            32.69827953028853,
            17.783975822465045,
            22.8786608507847,
            21.814137743820186,
            19.982644290348016,
            37.285226601357735,
            17.734373670881904,
            30.30981004303097,
            17.587209196126686,
            23.669748752835673,
            17.821635019167502,
            37.214943244048875,
            33.56362848294276,
            30.042561768763893,
            25.775465159719992,
            11.584425500536852,
            7.682856990519596
        ],
        "sinr_ue2": [
            14.79662983742584,
            10.88270591332412,
            8.802375948232848,
            12.676867812562708,
            12.70052869951477,
            12.73676784825433,
            19.87545831989446,
            25.637901204647783,
            12.953744289684332,
            20.096770321046876,
            14.916552372479277,
            34.38616691995587,
            12.945606736728053,
            25.609068371322643,
            8.946167870478032,
            12.922758922257335,
            14.9469518630952,
            28.075780313448703,
            30.112783816348013,
            41.305449241715834
        ],
        "power_bs1": [
            42.704711625315824,
            43.704711625315824,
            42.704711625315824,
            39.704711625315824,
            42.704711625315824,
            41.704711625315824,
            44.704711625315824,
            45.704711625315824,
            42.704711625315824,
            43.704711625315824,
            42.704711625315824,
            41.704711625315824,
            42.704711625315824,
            41.704711625315824,
            42.704711625315824,
            39.704711625315824,
            38.704711625315824,
            37.704711625315824,
            36.704711625315824,
            35.704711625315824
        ],
        "power_bs2": [
            41.275655288039026,
            38.275655288039026,
            35.275655288039026,
            36.275655288039026,
            39.275655288039026,
            38.275655288039026,
            37.275655288039026,
            40.27565528803903,
            39.275655288039026,
            40.27565528803903,
            41.275655288039026,
            38.275655288039026,
            39.275655288039026,
            38.275655288039026,
            35.27565528803903,
            36.27565528803903,
            37.27565528803903,
            36.27565528803903,
            39.275655288039026,
            42.27565528803903
        ]
    }
}