{
    "episode": 3014,
    "seed": 3014,
    "metrics": {
        "sinr_ue1": [
            23.82876119062166,
            21.982085069320576,
            26.11117878268238,
            42.581644295930374,
            30.05674534902697,
            42.93500155726847,
            48.28446328071983,
            23.948959089467667,
            39.55900929292043,
            21.85663686410235,
            21.981503230095875,
            38.263663137989276,
            35.93004719181006,
            31.40181206647028,
            33.23293817361835,
            16.496900718510744,
            18.407497825019597,
            35.110830974825625,
            20.265325288883155,
            34.27164603266745
        ],
        "sinr_ue2": [
            33.96514545452308,
            34.66612127154726,
            27.987969772719005,
            15.396851470299351,
            30.074175681147164,
            18.359059035945588,
            15.05416014235416,
            34.68806816364101,
            17.278733847830757,
            39.558939177607236,
            28.25816457523522,
            22.75679838866791,
            22.60709599917668,
            24.464720249226772,
            38.23364878150443,
            41.39813078993326,
            38.01071237498435,
            20.852047819260896,
            21.317328793801114,
            20.922008566978914
        ],
        "power_bs1": [
            41.52589228378808,
            40.525892283788075,
            41.52589228378808,
            44.52589228378808,
            45.525892283788075,
            44.52589228378808,
            41.52589228378808,
            40.525892283788075,
            37.52589228378808,
            34.525892283788075,
            33.52589228378808,
            32.52589228378808,
            31.525892283788078,
            30.525892283788075,
            33.52589228378808,
            34.52589228378808,
            33.52589228378808,
            32.52589228378808,
            35.525892283788075,
            32.52589228378808
        ],
        "power_bs2": [
            38.986252252566004,
            39.986252252566004,
            36.986252252566004,
            39.986252252566004,
            36.986252252566004,
            35.986252252566004,
            34.986252252566004,
            37.986252252566004,
            34.986252252566004,
            33.986252252566004,
            32.986252252566004,
            35.986252252566004,
            34.986252252566004,
            35.986252252566004,
            38.986252252566004,
            39.986252252566004,
            36.986252252566004,
            33.986252252566004,
            36.986252252566004,
            33.986252252566004
        ]
    }
}