{
    "episode": 2440,
    "seed": 2440,
    "metrics": {
        "sinr_ue1": [
            40.60665459509049,
            19.61525482921058,
            17.733028974000852,
            26.02122231787952,
            5.949012577450348,
            5.879313584856253,
            5.898373441692466,
            21.11903727657561,
            19.22685158482433,
            3.8314059203253823,
            3.8216813561352563,
            19.071224941869822,
            25.635804546363406,
            11.620231153697599,
            13.50037725229804,
            25.26299553499892,
            25.280941266483058,
            13.805193385519448,
            11.805669678835635,
            34.30902203370789
        ],
        "sinr_ue2": [
            4.66028224751848,
            21.651897728424903,
            29.30734127156455,
            14.515632528494834,
            40.93371763657207,
            38.714377732256644,
            23.42045719614507,
            22.232623569891334,
            24.175760936019035,
            38.80412626666357,
            29.17892879365467,
            28.8241106200554,
            16.3963101553641,
            32.566596276638535,
            27.153124825559143,
            14.299433803734747,
            14.22344470106751,
            24.979268969787118,
            27.54115634829306,
            12.04859833837276
        ],
        "power_bs1": [
            43.908094692645406,
            42.90809469264541,
            41.90809469264542,
            38.908094692645406,
            35.90809469264541,
            34.90809469264541,
            35.90809469264541,
            32.908094692645406,
            29.90809469264541,
            32.908094692645406,
            33.908094692645406,
            34.90809469264541,
            37.90809469264541,
            36.90809469264541,
            37.90809469264541,
            36.90809469264541,
            39.90809469264541,
            42.90809469264541,
            39.90809469264541,
            42.90809469264541
        ],
        "power_bs2": [
            36.57052964822648,
            37.57052964822648,
            38.57052964822648,
            41.57052964822648,
            44.57052964822648,
            43.57052964822648,
            44.57052964822648,
            43.57052964822648,
            42.57052964822648,
            43.57052964822648,
            44.57052964822648,
            43.57052964822648,
            42.57052964822648,
            39.57052964822648,
            38.57052964822648,
            39.57052964822648,
            42.57052964822648,
            43.57052964822648,
            42.57052964822648,
            43.57052964822648
        ]
    }
}