{
    "episode": 3498,
    "seed": 3498,
    "metrics": {
        "sinr_ue1": [
            29.765871685749005,
            12.68477416938753,
            6.972151725968674,
            4.915636765013066,
            6.822468801865641,
            13.584401957792727,
            5.00525649417469,
            23.756559821299206,
            4.994684768018921,
            30.80620965470044,
            7.00961041178762,
            25.80932458584789,
            22.8586317022843,
            25.385610794903478,
            11.114144370691946,
            11.075481179470657,
            12.82535372495385,
            14.35273943397344,
            27.253475721990135,
            6.645843122519331
        ],
        "sinr_ue2": [
            8.289985978434979,
            16.056482373475042,
            29.204856807030104,
            34.766656992568876,
            32.232374425601805,
            17.166089021384707,
            28.452331828958695,
            13.961071560168044,
            32.64097413588062,
            11.988180007220834,
            34.27341455264706,
            13.998507549877088,
            16.091935879603547,
            12.168452136377812,
            12.374631720126208,
            23.19891993369182,
            23.403492141413253,
            29.329814060941324,
            9.743580229161475,
            26.606568516021536
        ],
        "power_bs1": [
            41.19118389169419,
            40.19118389169418,
            37.19118389169418,
            34.19118389169419,
            35.19118389169418,
            34.19118389169419,
            35.19118389169418,
            38.19118389169419,
            35.19118389169418,
            38.19118389169418,
            37.19118389169418,
            38.19118389169418,
            39.19118389169418,
            40.19118389169418,
            43.19118389169418,
            42.19118389169418,
            41.19118389169419,
            40.19118389169418,
            37.19118389169418,
            34.19118389169418
        ],
        "power_bs2": [
            37.390637934843355,
            38.390637934843355,
            41.390637934843355,
            40.390637934843355,
            39.390637934843355,
            40.390637934843355,
            41.390637934843355,
            40.390637934843355,
            41.39063793484336,
            38.390637934843355,
            41.390637934843355,
            40.390637934843355,
            43.390637934843355,
            40.390637934843355,
            43.390637934843355,
            42.390637934843355,
            39.390637934843355,
            36.390637934843355,
            35.390637934843355,
            38.390637934843355
        ]
    }
}