{
    "episode": 2687,
    "seed": 2687,
    "metrics": {
        "sinr_ue1": [
            31.863011876606528,
            42.17451439275411,
            39.25164480752544,
            16.29806586237654,
            10.47327793316482,
            24.241364863410794,
            24.44626256970251,
            21.925427347326725,
            10.592054436242673,
            3.0952890882556905,
            30.333886674298064,
            6.728360928062252,
            4.790001055126219,
            20.541502820946146,
            27.711163248935794,
            16.260249338786853,
            10.891694911955465,
            10.796319906178978,
            27.650743737079317,
            11.034448321975836
        ],
        "sinr_ue2": [
            8.717627145347942,
            2.8664220799798663,
            4.671807471464415,
            15.065319359547711,
            26.237648461280006,
            14.147563335216002,
            13.137586096321577,
            11.271229096806888,
            29.267423504106684,
            28.104967987692962,
            12.15242044428761,
            32.76302184770911,
            35.9536600717865,
            15.935617759757593,
            14.116186716318344,
            30.659418563651755,
            31.7841945267212,
            25.40598039092636,
            12.11679284251633,
            31.49042361891004
        ],
        "power_bs1": [
            41.56820176892232,
            44.56820176892233,
            41.56820176892232,
            38.56820176892232,
            35.56820176892232,
            32.56820176892232,
            33.56820176892232,
            36.56820176892233,
            33.56820176892232,
            36.56820176892232,
            37.56820176892232,
            36.56820176892232,
            33.56820176892232,
            36.56820176892232,
            37.56820176892232,
            38.56820176892232,
            37.56820176892232,
            34.56820176892232,
            37.56820176892232,
            38.56820176892232
        ],
        "power_bs2": [
            40.23584967671029,
            37.23584967671029,
            36.235849676710295,
            35.23584967671029,
            38.23584967671029,
            41.23584967671029,
            38.23584967671029,
            37.23584967671029,
            36.23584967671029,
            37.23584967671029,
            40.23584967671029,
            43.23584967671029,
            42.235849676710295,
            43.23584967671029,
            42.235849676710295,
            43.23584967671029,
            40.23584967671029,
            37.23584967671029,
            40.23584967671029,
            41.23584967671029
        ]
    }
}