{
    "episode": 4594,
    "seed": 4594,
    "metrics": {
        "sinr_ue1": [
            35.564532171788144,
            35.042808548803784,
            19.638859559107114,
            31.558591923582643,
            28.51256320406938,
            35.34220851186698,
            20.05176152108863,
            20.221924177216426,
            22.041325881765253,
            39.03877257804011,
            25.864040093359144,
            40.932445398128074,
            39.63842289705387,
            23.501199512831732,
            26.971535104444527,
            36.89878982800574,
            34.82927874179,
            18.006169844588,
            21.796541283987242,
            22.015838787573287
        ],
        "sinr_ue2": [
            29.575584760655516,
            31.797091176684532,
            56.09102882343849,
            45.303807197423026,
            40.63937749415064,
            28.972707042623703,
            28.788898055471716,
            28.845947918414083,
            44.87729733615087,
            36.15428439679552,
            24.66068035999307,
            24.740558727579582,
            22.52546702550607,
            46.50576555834686,
            38.5538809212113,
            24.72100916160326,
            39.09758510274501,
            46.33732225597491,
            41.35387390888052,
            26.971753914223658
        ],
        "power_bs1": [
            37.33956762546329,
            38.339567625463296,
            35.33956762546329,
            36.33956762546329,
            39.33956762546329,
            38.339567625463296,
            41.33956762546329,
            44.339567625463296,
            43.33956762546329,
            42.33956762546329,
            45.33956762546329,
            44.339567625463296,
            43.33956762546329,
            40.33956762546329,
            41.33956762546329,
            40.33956762546329,
            43.33956762546329,
            40.33956762546329,
            41.33956762546329,
            44.339567625463296
        ],
        "power_bs2": [
            34.71418703257272,
            37.71418703257272,
            36.714187032572724,
            35.71418703257272,
            34.71418703257272,
            35.71418703257272,
            38.71418703257272,
            41.714187032572724,
            38.71418703257272,
            35.71418703257272,
            36.714187032572724,
            37.71418703257272,
            34.71418703257272,
            33.71418703257272,
            30.71418703257272,
            33.71418703257272,
            36.71418703257272,
            39.71418703257272,
            36.71418703257272,
            39.71418703257272
        ]
    }
}