{
    "episode": 264,
    "seed": 264,
    "metrics": {
        "sinr_ue1": [
            16.51379482549711,
            34.82225869482198,
            35.553818803824974,
            28.774892940226117,
            23.273158321625665,
            6.3425049101339495,
            4.201561164295249,
            17.636348184010004,
            4.554336638005423,
            8.550510945213723,
            13.600097258079572,
            25.3119203347412,
            12.545335900275077,
            34.09561298706629,
            39.30092644815146,
            33.673363554346516,
            26.088574029132392,
            16.335379274426096,
            16.474365563003712,
            30.282005987571736
        ],
        "sinr_ue2": [
            34.331785351059885,
            11.845261971672262,
            11.370730527382388,
            27.16772787721368,
            16.28579174214546,
            39.43958123439322,
            37.89405673624383,
            22.96866398349497,
            24.335297428660144,
            41.69495837153096,
            21.747710006977286,
            19.593545429334483,
            30.684701482499733,
            12.135695489746464,
            10.100162247901388,
            13.991046951408993,
            37.43247012410679,
            32.539036242968486,
            14.036062635755805,
            13.952047949560807
        ],
        "power_bs1": [
            37.48699483559277,
            36.48699483559276,
            33.48699483559277,
            30.48699483559276,
            29.486994835592768,
            26.486994835592764,
            23.48699483559276,
            26.486994835592764,
            29.48699483559276,
            32.48699483559277,
            35.48699483559276,
            34.48699483559276,
            37.48699483559277,
            40.48699483559276,
            39.48699483559276,
            38.48699483559276,
            35.48699483559276,
            38.48699483559276,
            41.48699483559276,
            40.48699483559276
        ],
        "power_bs2": [
            38.55500561364711,
            35.55500561364711,
            32.55500561364711,
            33.55500561364711,
            34.55500561364711,
            37.55500561364711,
            36.55500561364711,
            39.55500561364711,
            42.55500561364711,
            41.55500561364711,
            44.55500561364711,
            41.55500561364711,
            42.55500561364711,
            39.55500561364711,
            36.55500561364711,
            39.55500561364711,
            42.55500561364711,
            39.55500561364711,
            42.55500561364711,
            41.55500561364711
        ]
    }
}