{
    "episode": 3502,
    "seed": 3502,
    "metrics": {
        "sinr_ue1": [
            37.44050856439599,
            21.559794600960892,
            41.847862350806565,
            25.08846719202125,
            44.610580290388484,
            20.801787634816186,
            21.279933064337285,
            36.55571586586122,
            24.89538449656272,
            15.768424340624343,
            13.849440576869085,
            19.66992608670074,
            30.45034758440359,
            19.673901722669612,
            31.22619199734129,
            40.44979050426306,
            21.806972317482828,
            29.581243586518443,
            34.71454415535217,
            32.19624146800112
        ],
        "sinr_ue2": [
            14.769518682496328,
            21.876732544742126,
            14.676955598591828,
            23.830715281664354,
            12.342017739735862,
            34.579639228445764,
            14.205849438395147,
            16.301362409456846,
            21.91261163551047,
            38.40882314958418,
            39.55250188110333,
            33.954988655184756,
            14.450278078408099,
            32.86359149915969,
            26.356397285201744,
            14.177548357659983,
            21.11257508614848,
            37.068931536602946,
            31.837941182381392,
            18.094035690118993
        ],
        "power_bs1": [
            38.3930592164804,
            39.39305921648041,
            36.39305921648041,
            37.3930592164804,
            34.39305921648041,
            31.39305921648041,
            34.39305921648041,
            35.39305921648041,
            32.3930592164804,
            35.39305921648041,
            32.3930592164804,
            35.3930592164804,
            38.3930592164804,
            35.3930592164804,
            38.3930592164804,
            35.3930592164804,
            38.3930592164804,
            37.3930592164804,
            38.3930592164804,
            35.3930592164804
        ],
        "power_bs2": [
            36.71993361147258,
            37.719933611472584,
            34.719933611472584,
            31.71993361147258,
            30.719933611472577,
            29.719933611472584,
            32.719933611472584,
            35.71993361147258,
            38.71993361147258,
            39.71993361147258,
            38.719933611472584,
            35.71993361147258,
            36.71993361147258,
            35.71993361147258,
            32.719933611472584,
            33.719933611472584,
            36.71993361147258,
            39.71993361147258,
            36.71993361147258,
            37.719933611472584
        ]
    }
}