{
    "episode": 3931,
    "seed": 3931,
    "metrics": {
        "sinr_ue1": [
            15.471063858865634,
            35.89138059052194,
            13.489018490553777,
            13.707088145363702,
            17.609795734760624,
            17.785234585645522,
            19.609999323254378,
            34.71731086448981,
            31.17770030572567,
            34.14604759198387,
            17.48621692127569,
            28.450758350096855,
            11.735971012838862,
            11.892292265616103,
            7.891956636218102,
            13.773830220763429,
            13.86849261550549,
            13.785107827866028,
            27.984757580843194,
            20.76115948822189
        ],
        "sinr_ue2": [
            31.406047795271736,
            10.835743009922293,
            20.239341136446797,
            31.204311494927556,
            19.179491052528764,
            30.442116237308717,
            22.957153147033097,
            10.97248324009876,
            12.969028109051248,
            11.007863740163765,
            26.460403195197657,
            16.707327011300737,
            34.12958403684077,
            37.266951938992094,
            40.18840716104621,
            26.367285474747586,
            28.10766445115146,
            33.69081625814817,
            14.944909869288107,
            14.959987183943062
        ],
        "power_bs1": [
            37.86385284747223,
            38.86385284747223,
            35.86385284747223,
            38.86385284747223,
            41.86385284747223,
            44.86385284747223,
            43.86385284747223,
            40.86385284747223,
            39.86385284747223,
            40.86385284747223,
            39.86385284747223,
            36.86385284747223,
            35.86385284747223,
            38.86385284747223,
            35.863852847472224,
            38.86385284747223,
            41.86385284747223,
            38.86385284747223,
            39.86385284747223,
            40.86385284747223
        ],
        "power_bs2": [
            37.59996665735339,
            36.5999666573534,
            37.59996665735339,
            40.5999666573534,
            39.5999666573534,
            42.5999666573534,
            39.5999666573534,
            38.59996665735339,
            39.5999666573534,
            38.59996665735339,
            37.59996665735339,
            40.5999666573534,
            39.5999666573534,
            42.5999666573534,
            43.59996665735339,
            40.5999666573534,
            43.59996665735339,
            40.5999666573534,
            41.59996665735339,
            42.5999666573534
        ]
    }
}