{
    "episode": 3869,
    "seed": 3869,
    "metrics": {
        "sinr_ue1": [
            27.286408793183583,
            34.63117931276636,
            19.788286246651495,
            44.31762449024105,
            21.487113044584603,
            15.488663786243183,
            22.653588262599598,
            25.257864656185987,
            7.4371880396750285,
            13.257939388414346,
            36.043077248471725,
            21.235598101287533,
            36.35949782595388,
            13.392451771045614,
            15.296469733432376,
            33.794742391218854,
            9.289826219147281,
            3.587403175496906,
            3.471567668946633,
            7.4228179926591
        ],
        "sinr_ue2": [
            26.80424943371076,
            41.42029814482087,
            37.47989034507517,
            18.376709944333495,
            27.450622764723636,
            44.78102337370252,
            41.353117725402186,
            31.708227707899326,
            54.6770991743756,
            46.14523214185624,
            26.14760251033273,
            39.26862706203691,
            28.227154563779496,
            38.03375340785002,
            46.446741510067575,
            30.372400700858723,
            36.4606566997999,
            57.66372822222703,
            56.84464800899662,
            51.62980493227417
        ],
        "power_bs1": [
            37.32798817327922,
            38.32798817327922,
            39.32798817327922,
            42.32798817327922,
            39.32798817327922,
            36.32798817327922,
            35.32798817327922,
            32.32798817327922,
            31.32798817327922,
            34.32798817327922,
            35.327988173279216,
            38.32798817327922,
            35.327988173279216,
            36.32798817327922,
            39.327988173279216,
            36.32798817327922,
            33.327988173279216,
            30.32798817327922,
            31.32798817327922,
            32.32798817327922
        ],
        "power_bs2": [
            33.7713014911017,
            32.7713014911017,
            33.7713014911017,
            30.771301491101703,
            31.771301491101703,
            34.7713014911017,
            31.7713014911017,
            34.7713014911017,
            37.7713014911017,
            34.7713014911017,
            31.7713014911017,
            30.7713014911017,
            33.7713014911017,
            36.7713014911017,
            37.7713014911017,
            36.7713014911017,
            39.771301491101696,
            40.771301491101696,
            41.771301491101696,
            38.771301491101696
        ]
    }
}