{
    "episode": 3150,
    "seed": 3150,
    "metrics": {
        "sinr_ue1": [
            13.878569948698269,
            28.353610591714528,
            13.676362505315138,
            13.791931658208235,
            34.58378163153039,
            25.658300048545012,
            24.447641115007627,
            29.598715345641764,
            15.72132307195716,
            32.867369817288,
            17.47624438379833,
            32.81068492848847,
            15.35949047755184,
            33.039240020961486,
            9.826544317698232,
            27.9196624168892,
            25.100666956300252,
            26.861190421474753,
            18.693276501983007,
            29.170089931195832
        ],
        "sinr_ue2": [
            24.246393201042938,
            15.227504613047438,
            31.757308624811493,
            15.409435814078659,
            11.628256366736075,
            15.550645926955966,
            15.30345420577721,
            17.228785287823637,
            34.687766086437854,
            12.922299119914973,
            32.373144820025495,
            12.090246006031952,
            28.63935529355579,
            13.27452446027052,
            32.70566479336623,
            13.198853423546861,
            18.684626830884472,
            30.989134106243785,
            28.019261679471356,
            30.40251192993528
        ],
        "power_bs1": [
            41.15547618295466,
            38.15547618295466,
            37.15547618295466,
            40.15547618295465,
            43.15547618295466,
            42.15547618295466,
            39.15547618295466,
            38.15547618295466,
            39.15547618295466,
            36.15547618295465,
            37.15547618295466,
            36.15547618295465,
            35.15547618295466,
            38.15547618295466,
            35.15547618295465,
            38.15547618295466,
            35.15547618295465,
            36.15547618295465,
            37.15547618295466,
            38.15547618295466
        ],
        "power_bs2": [
            41.93745253967968,
            38.937452539679676,
            37.93745253967968,
            40.937452539679676,
            39.937452539679676,
            42.93745253967968,
            39.937452539679676,
            40.937452539679676,
            37.93745253967968,
            34.937452539679676,
            33.937452539679676,
            34.937452539679676,
            33.937452539679676,
            36.937452539679676,
            39.937452539679676,
            36.937452539679676,
            39.937452539679676,
            36.937452539679676,
            37.93745253967968,
            34.937452539679676
        ]
    }
}