{
    "episode": 4201,
    "seed": 4201,
    "metrics": {
        "sinr_ue1": [
            19.533639772621157,
            30.19660637966506,
            10.703635916583158,
            8.556762958359723,
            8.434034200593668,
            7.111715111916094,
            20.8445922493325,
            10.488829261070203,
            8.410768312372298,
            8.285773206649493,
            8.294861805429802,
            2.461837190083066,
            4.345450382436816,
            17.691997897447568,
            16.562124952535974,
            10.184276798373794,
            14.516785881238812,
            1.9062469248844514,
            12.942581621412517,
            22.963640878898133
        ],
        "sinr_ue2": [
            20.985282400400887,
            5.281229002068633,
            19.93119512664359,
            21.3519003010124,
            22.797773935844074,
            23.747883280138815,
            9.090789887302147,
            23.873810335573783,
            21.258699306455746,
            20.49912119346013,
            23.722589373604354,
            26.17852197030848,
            31.0984788435575,
            8.640317910870353,
            29.261522510745873,
            12.159563281382013,
            10.779349047910951,
            29.476398201750204,
            9.861587254661877,
            18.116329209713804
        ],
        "power_bs1": [
            39.95831030213908,
            42.95831030213908,
            41.95831030213908,
            38.95831030213908,
            39.95831030213908,
            38.95831030213908,
            39.95831030213908,
            42.95831030213908,
            39.95831030213908,
            40.95831030213908,
            39.95831030213908,
            36.95831030213908,
            37.95831030213908,
            36.95831030213908,
            35.95831030213908,
            34.95831030213908,
            37.95831030213908,
            34.95831030213908,
            33.95831030213908,
            36.95831030213908
        ],
        "power_bs2": [
            33.78455677859161,
            36.78455677859161,
            33.78455677859161,
            32.78455677859161,
            33.78455677859161,
            36.78455677859161,
            37.78455677859161,
            34.78455677859161,
            33.78455677859161,
            34.78455677859161,
            33.78455677859161,
            36.78455677859161,
            35.78455677859161,
            34.78455677859161,
            37.78455677859161,
            36.78455677859161,
            37.78455677859161,
            34.78455677859161,
            33.78455677859161,
            30.784556778591607
        ]
    }
}