{
    "episode": 4173,
    "seed": 4173,
    "metrics": {
        "sinr_ue1": [
            14.553107452174833,
            20.41359382121229,
            24.248621331053762,
            26.217734881635334,
            47.52118423792295,
            32.18417028279038,
            32.8964930675823,
            50.130957749613856,
            34.9797121338653,
            34.1257796292255,
            49.79850453329166,
            41.29085380754933,
            47.25740962997741,
            28.618253225566658,
            24.844104034080736,
            28.70486908312323,
            46.76915661812671,
            28.629291420733715,
            41.51271675732123,
            56.23921129072845
        ],
        "sinr_ue2": [
            41.16301234760148,
            30.45784194231395,
            26.614456279151618,
            26.74791809819463,
            13.064396948662473,
            8.541288534232246,
            4.548240797179488,
            4.554788355763137,
            19.089606500239668,
            19.748486489026515,
            2.829163589879599,
            27.047347379329292,
            23.701422417807443,
            24.847403033484813,
            17.631998801010162,
            15.316834236030314,
            4.633485700394655,
            23.86372259124558,
            21.774753857112135,
            0.9136865250696152
        ],
        "power_bs1": [
            38.058610399966675,
            41.058610399966675,
            42.05861039996668,
            41.058610399966675,
            42.05861039996668,
            41.058610399966675,
            42.05861039996668,
            41.058610399966675,
            44.05861039996667,
            41.058610399966675,
            38.058610399966675,
            35.058610399966675,
            38.058610399966675,
            37.058610399966675,
            34.05861039996667,
            37.058610399966675,
            40.058610399966675,
            37.058610399966675,
            38.058610399966675,
            41.058610399966675
        ],
        "power_bs2": [
            40.94440487980462,
            37.944404879804615,
            34.944404879804615,
            31.944404879804615,
            28.944404879804615,
            29.94440487980462,
            26.944404879804615,
            25.944404879804615,
            24.944404879804615,
            21.944404879804615,
            20.944404879804615,
            23.944404879804612,
            22.944404879804612,
            23.944404879804615,
            24.944404879804615,
            23.944404879804615,
            24.944404879804615,
            23.944404879804615,
            24.944404879804615,
            21.944404879804615
        ]
    }
}