{
    "episode": 367,
    "seed": 367,
    "metrics": {
        "sinr_ue1": [
            22.297601864791233,
            18.31285612801842,
            28.782179997759442,
            32.18443043067813,
            32.962061919842775,
            30.628564764359922,
            35.565296602339124,
            33.29409295387149,
            17.781917104899975,
            30.063517560365845,
            17.884169797713923,
            18.066928744140625,
            23.87318783643734,
            43.5765193228209,
            34.736799307932216,
            18.105867929119423,
            37.97630896298129,
            18.396051622224505,
            32.425712635853664,
            41.30478327510522
        ],
        "sinr_ue2": [
            26.764200651063184,
            29.179873167385544,
            12.363470745227845,
            12.326339145427154,
            16.24197098568966,
            5.2086943940974955,
            28.325343518397506,
            10.251221463527472,
            26.52252907710924,
            12.09111704624229,
            27.865730790270046,
            25.612071955403305,
            24.35432741690629,
            0.5938199046621868,
            9.238982529994523,
            15.514742175443597,
            8.417686791609508,
            27.025748344495845,
            12.446514487460975,
            6.534292444308517
        ],
        "power_bs1": [
            41.36660255034185,
            40.366602550341845,
            39.366602550341845,
            36.366602550341845,
            33.366602550341845,
            34.366602550341845,
            33.366602550341845,
            32.366602550341845,
            33.366602550341845,
            30.366602550341845,
            33.366602550341845,
            36.366602550341845,
            39.366602550341845,
            40.366602550341845,
            37.366602550341845,
            34.366602550341845,
            37.366602550341845,
            38.36660255034184,
            37.366602550341845,
            40.366602550341845
        ],
        "power_bs2": [
            41.972187125168794,
            44.972187125168794,
            45.9721871251688,
            42.9721871251688,
            43.9721871251688,
            42.9721871251688,
            39.9721871251688,
            36.972187125168794,
            37.972187125168794,
            36.972187125168794,
            37.972187125168794,
            40.9721871251688,
            37.972187125168794,
            34.972187125168794,
            37.972187125168794,
            38.9721871251688,
            39.972187125168794,
            42.972187125168794,
            43.9721871251688,
            40.9721871251688
        ]
    }
}