{
    "episode": 4409,
    "seed": 4409,
    "metrics": {
        "sinr_ue1": [
            15.871590707570855,
            13.791599547881699,
            15.715847603482958,
            31.430428517154276,
            15.602109502047607,
            34.813981679790025,
            4.430927300067083,
            26.72449469089162,
            34.39412064478241,
            12.964359556317866,
            11.691887318992308,
            11.868058654304638,
            17.928048620603082,
            29.95593118745278,
            20.149076178342924,
            20.01452452203715,
            4.337265416501892,
            39.86127754914664,
            41.623074476714336,
            29.741723504677537
        ],
        "sinr_ue2": [
            25.36275397957525,
            27.821941694360323,
            23.258856593926783,
            12.76590898964184,
            22.01274180266384,
            9.135136543692385,
            26.340474135031364,
            14.706232153989074,
            10.861575801785152,
            16.151974903285634,
            14.852564014478682,
            32.0528375649945,
            19.600846760381792,
            22.59607928270354,
            7.7550151985999065,
            20.679146096587818,
            25.005523884502363,
            3.7872290530308703,
            3.7747878904797054,
            28.439972557608538
        ],
        "power_bs1": [
            37.904182241843294,
            34.90418224184329,
            35.90418224184329,
            32.904182241843294,
            33.904182241843294,
            34.90418224184329,
            33.904182241843294,
            32.904182241843294,
            33.904182241843294,
            30.90418224184329,
            33.904182241843294,
            36.90418224184329,
            39.90418224184329,
            42.90418224184329,
            45.90418224184329,
            42.90418224184329,
            41.90418224184329,
            44.90418224184329,
            45.90418224184329,
            42.90418224184329
        ],
        "power_bs2": [
            34.31000967982928,
            33.31000967982928,
            32.31000967982928,
            31.310009679829278,
            30.31000967982928,
            29.31000967982928,
            30.31000967982928,
            33.31000967982928,
            30.31000967982928,
            33.31000967982928,
            34.31000967982928,
            37.31000967982928,
            34.31000967982928,
            37.31000967982928,
            38.31000967982928,
            35.31000967982928,
            34.31000967982928,
            33.31000967982928,
            34.31000967982928,
            35.31000967982928
        ]
    }
}