{
    "episode": 2485,
    "seed": 2485,
    "metrics": {
        "sinr_ue1": [
            19.74430859264459,
            4.317952754553984,
            19.813882156583446,
            26.068160273624827,
            6.249840394267955,
            22.28861583681569,
            27.93331837228311,
            8.157142169925066,
            8.04415248270556,
            6.163826475474902,
            7.558362708915116,
            27.94512141990648,
            7.918177099703534,
            6.256522406695199,
            18.002394689333073,
            19.429397970666184,
            21.41697332827257,
            4.097954935043998,
            2.2361780551819384,
            22.01426897355864
        ],
        "sinr_ue2": [
            37.73103878699731,
            38.23860751896137,
            38.23828724939196,
            36.21747463054594,
            36.82409356764065,
            36.634240665374534,
            34.31353473590332,
            55.673053857474954,
            52.30002181390475,
            46.17922222283602,
            36.30336062868808,
            21.282193704079138,
            36.35083260810955,
            50.935534240138,
            48.72150480447437,
            38.50983412904482,
            36.814208324903774,
            50.582513685674456,
            55.80113725967469,
            38.08051180256176
        ],
        "power_bs1": [
            29.769800874340344,
            32.76980087434034,
            31.76980087434034,
            30.76980087434034,
            33.76980087434034,
            32.76980087434034,
            31.76980087434034,
            30.76980087434034,
            31.76980087434034,
            32.76980087434034,
            31.76980087434034,
            30.76980087434034,
            33.76980087434034,
            30.76980087434034,
            27.769800874340337,
            26.76980087434034,
            27.769800874340337,
            30.76980087434034,
            31.76980087434034,
            34.76980087434034
        ],
        "power_bs2": [
            40.125350405842156,
            43.125350405842156,
            42.125350405842156,
            39.125350405842156,
            42.12535040584215,
            41.125350405842156,
            38.125350405842156,
            37.125350405842156,
            38.125350405842156,
            41.125350405842156,
            40.125350405842156,
            39.125350405842156,
            42.12535040584215,
            39.125350405842156,
            38.12535040584215,
            39.125350405842156,
            38.12535040584215,
            41.125350405842156,
            44.125350405842156,
            45.12535040584215
        ]
    }
}