{
    "episode": 1551,
    "seed": 1551,
    "metrics": {
        "sinr_ue1": [
            13.686855423062399,
            17.67520735849407,
            13.765534727790643,
            27.532531459682303,
            30.597156173504345,
            24.784456477259855,
            13.88333979016906,
            15.844564445392146,
            41.82013836080388,
            39.91886785398391,
            36.88319797011339,
            19.423382552155807,
            33.18454567929681,
            33.51297669152606,
            17.286239465722467,
            15.587033804668977,
            25.542932669371798,
            11.643801158367992,
            30.586124039413804,
            13.855357133255733
        ],
        "sinr_ue2": [
            36.6240187783182,
            38.37173689580284,
            29.085433869751334,
            29.88725921905822,
            43.233249771292456,
            24.160687845519902,
            41.518613219305124,
            35.72251676755826,
            16.30009577664605,
            32.103738782108344,
            14.170068582222811,
            32.693886352041844,
            19.76342890580932,
            23.13714392417073,
            35.87688309275046,
            34.77554192247175,
            34.2784941930491,
            44.50494437757797,
            23.460438179500326,
            23.893626356305084
        ],
        "power_bs1": [
            38.05076834442044,
            41.05076834442044,
            38.05076834442044,
            35.05076834442044,
            36.05076834442044,
            39.05076834442043,
            38.05076834442044,
            41.05076834442044,
            44.05076834442043,
            43.05076834442044,
            40.05076834442043,
            37.05076834442043,
            34.05076834442043,
            31.05076834442044,
            32.05076834442043,
            33.05076834442043,
            34.05076834442043,
            31.05076834442044,
            32.05076834442043,
            35.05076834442044
        ],
        "power_bs2": [
            43.56862876704892,
            42.56862876704892,
            43.56862876704892,
            46.56862876704892,
            45.568628767048914,
            44.56862876704892,
            43.56862876704892,
            44.56862876704892,
            41.56862876704892,
            38.56862876704892,
            35.568628767048914,
            36.568628767048914,
            35.568628767048914,
            36.568628767048914,
            37.56862876704892,
            36.568628767048914,
            35.568628767048914,
            38.56862876704892,
            37.56862876704892,
            40.568628767048914
        ]
    }
}