{
    "episode": 1831,
    "seed": 1831,
    "metrics": {
        "sinr_ue1": [
            9.17988653209106,
            12.221431892716891,
            24.993397873384087,
            31.19536587561376,
            12.086700162223599,
            31.077270226543185,
            29.860545926487738,
            19.93266638316374,
            31.964146922018607,
            32.98055849123195,
            39.38340840665846,
            43.83918245282182,
            31.716171583622774,
            21.90831795432137,
            37.03064893327059,
            32.15752772051754,
            32.7371956431218,
            16.270137174430516,
            25.179163471573588,
            35.19866450004073
        ],
        "sinr_ue2": [
            39.74071710257742,
            32.06402706882872,
            42.193327733657576,
            47.09420055688808,
            54.31606038884279,
            32.33721561260579,
            42.97519712852019,
            39.67860095669619,
            28.234431214892503,
            32.26879163898108,
            26.4761013796694,
            22.66817477955483,
            32.585170714199066,
            37.99015662895184,
            24.79496384858351,
            28.63268990546272,
            28.425984559367578,
            28.685301237257825,
            28.60869692130095,
            26.77356371151756
        ],
        "power_bs1": [
            38.72095272978932,
            41.72095272978932,
            38.72095272978932,
            39.72095272978932,
            40.72095272978932,
            39.72095272978932,
            42.72095272978932,
            43.72095272978932,
            42.72095272978932,
            41.72095272978932,
            44.720952729789325,
            45.72095272978932,
            42.72095272978932,
            43.72095272978932,
            42.72095272978932,
            39.72095272978932,
            38.72095272978932,
            41.72095272978932,
            40.72095272978932,
            39.72095272978932
        ],
        "power_bs2": [
            42.35313739867759,
            45.35313739867759,
            42.353137398677575,
            41.35313739867758,
            44.35313739867758,
            43.35313739867758,
            42.353137398677575,
            39.35313739867758,
            42.353137398677575,
            45.353137398677575,
            42.353137398677575,
            39.35313739867758,
            38.35313739867758,
            37.353137398677575,
            38.35313739867758,
            39.35313739867758,
            38.35313739867758,
            41.35313739867758,
            40.353137398677575,
            37.353137398677575
        ]
    }
}