{
    "episode": 1761,
    "seed": 1761,
    "metrics": {
        "sinr_ue1": [
            25.29376323755271,
            32.90851609160399,
            19.088807717665247,
            24.62914743251922,
            19.077691391348047,
            18.994204912217047,
            16.860259755270622,
            33.97019968835756,
            15.01053063202064,
            16.73762000944942,
            27.743530972092636,
            39.75657518915999,
            34.28316247579179,
            34.73763407273414,
            20.82686511016003,
            16.995388201715752,
            30.91550324191999,
            31.193765409176414,
            15.08397041843545,
            42.2043506700874
        ],
        "sinr_ue2": [
            8.443836763035755,
            19.68010060321097,
            24.575547269225527,
            27.43216153847632,
            22.20249539416372,
            29.055379988391508,
            25.668916396670088,
            8.228954394088039,
            17.487231210841465,
            23.961360823910493,
            8.10338343434385,
            22.622925080827972,
            18.3741545083021,
            8.485157057715101,
            29.38813502575368,
            19.116127903902676,
            12.231271803590946,
            29.286563809080185,
            30.173005066796023,
            6.690238824567896
        ],
        "power_bs1": [
            44.75800493380652,
            43.75800493380652,
            42.75800493380651,
            39.75800493380652,
            42.75800493380651,
            41.75800493380652,
            38.75800493380651,
            39.75800493380651,
            38.75800493380651,
            37.75800493380651,
            38.75800493380651,
            39.75800493380652,
            42.75800493380651,
            43.75800493380651,
            42.75800493380651,
            41.75800493380652,
            38.75800493380651,
            41.758004933806504,
            42.75800493380651,
            45.75800493380651
        ],
        "power_bs2": [
            40.37829176650155,
            39.37829176650155,
            38.37829176650155,
            39.37829176650155,
            38.37829176650155,
            37.37829176650155,
            36.37829176650155,
            35.37829176650155,
            38.37829176650155,
            35.37829176650155,
            34.37829176650154,
            33.37829176650155,
            36.37829176650155,
            39.37829176650154,
            36.37829176650155,
            39.37829176650154,
            38.37829176650154,
            41.37829176650154,
            42.37829176650155,
            39.37829176650154
        ]
    }
}