{
    "episode": 4492,
    "seed": 4492,
    "metrics": {
        "sinr_ue1": [
            39.69059278784541,
            25.88334587504032,
            25.676729732438737,
            47.61163736852634,
            41.39939002922431,
            45.63410617745669,
            26.664624712388097,
            24.280426644133946,
            28.250751609573502,
            33.67104834135897,
            26.865058589810143,
            35.61641891145621,
            13.247300141148079,
            19.600165774633073,
            19.946648965784355,
            24.479892836024554,
            27.13541243893815,
            27.193957501005393,
            25.15564667817193,
            22.451695601690204
        ],
        "sinr_ue2": [
            6.848712439132758,
            7.026570936758646,
            8.859113818773166,
            4.887329817878778,
            4.652896201035947,
            6.235280189507369,
            4.676650326481317,
            25.177228931851833,
            19.058089413021474,
            26.63567877693289,
            11.869156323742649,
            10.381135053487231,
            27.215390043672674,
            24.575621037331285,
            22.37136192426377,
            9.175034434516924,
            25.26644137487522,
            18.728790165866165,
            22.886218325394026,
            26.77855168812513
        ],
        "power_bs1": [
            41.35653617714934,
            44.35653617714934,
            41.35653617714934,
            42.35653617714934,
            39.35653617714934,
            36.35653617714934,
            39.35653617714934,
            36.35653617714934,
            33.35653617714934,
            30.356536177149334,
            29.356536177149334,
            30.356536177149334,
            27.356536177149337,
            28.356536177149337,
            31.356536177149334,
            34.35653617714933,
            37.35653617714934,
            36.35653617714934,
            35.35653617714934,
            34.35653617714933
        ],
        "power_bs2": [
            34.498822731409014,
            37.498822731409014,
            36.498822731409014,
            33.498822731409014,
            30.498822731409014,
            29.498822731409014,
            30.498822731409014,
            29.498822731409014,
            30.498822731409014,
            29.498822731409014,
            30.498822731409014,
            29.498822731409014,
            32.498822731409014,
            29.49882273140901,
            28.498822731409014,
            25.498822731409014,
            26.498822731409014,
            23.49882273140901,
            26.498822731409014,
            29.49882273140901
        ]
    }
}