{
    "episode": 2038,
    "seed": 2038,
    "metrics": {
        "sinr_ue1": [
            22.13774121983873,
            33.920431955902444,
            22.63478307389247,
            17.139914208571984,
            28.489049632869204,
            37.140249060122585,
            21.363132101545688,
            41.90142695229807,
            19.358595033867353,
            21.86099968218641,
            27.44910112494772,
            32.78313001459058,
            9.333119836902913,
            24.875708836295722,
            7.566892645008738,
            26.008257627722596,
            27.4433309044546,
            18.048115758025197,
            11.604700463712396,
            11.586288844666628
        ],
        "sinr_ue2": [
            28.684500738823644,
            22.635831251740367,
            30.60191086989623,
            41.055387095929916,
            19.29656422367821,
            19.34892464631374,
            20.883655002348476,
            17.37547562364736,
            36.352483961234455,
            21.295835485160765,
            27.03502822586925,
            24.988311116359046,
            39.10930577877947,
            30.169782274072542,
            30.73761286498626,
            32.712952268419436,
            30.90036113535275,
            32.84664270362984,
            44.251295922903296,
            44.09152083201013
        ],
        "power_bs1": [
            37.74625211540161,
            38.74625211540162,
            39.74625211540162,
            36.74625211540161,
            39.74625211540162,
            40.74625211540162,
            41.74625211540161,
            40.74625211540162,
            39.74625211540162,
            36.74625211540161,
            33.74625211540162,
            32.74625211540161,
            29.74625211540161,
            26.74625211540161,
            29.74625211540161,
            30.74625211540161,
            31.74625211540161,
            30.74625211540161,
            33.74625211540162,
            32.74625211540161
        ],
        "power_bs2": [
            31.609086045291647,
            32.60908604529165,
            33.60908604529165,
            36.60908604529165,
            37.60908604529165,
            38.60908604529165,
            37.60908604529165,
            36.60908604529165,
            37.60908604529165,
            36.60908604529165,
            39.60908604529165,
            36.60908604529165,
            37.60908604529165,
            36.60908604529165,
            39.60908604529165,
            42.60908604529164,
            41.60908604529165,
            42.60908604529164,
            39.60908604529165,
            38.60908604529165
        ]
    }
}