{
    "episode": 4577,
    "seed": 4577,
    "metrics": {
        "sinr_ue1": [
            41.221659895380085,
            21.810258547107043,
            38.06431734988726,
            31.532785316689665,
            17.97282277703145,
            30.157044644937262,
            21.643533790934125,
            36.374078686250606,
            23.14622330986961,
            38.45064256664932,
            36.97799753195298,
            29.843024892454437,
            30.102361445574974,
            34.45186836297302,
            21.143415228442027,
            17.78353496887746,
            21.63257975531262,
            20.80997426360242,
            40.40558704978535,
            26.535295468887004
        ],
        "sinr_ue2": [
            4.920661721761725,
            15.367012447995474,
            21.405159467596366,
            6.654104407737299,
            24.50128307272582,
            27.899565963877283,
            23.459756106193367,
            4.742468877833314,
            22.492498859126574,
            6.648133758193038,
            8.563330286209514,
            25.02083537663968,
            10.281726283620262,
            8.758077172238679,
            22.590773659290676,
            13.5930953770797,
            20.717416658584487,
            12.709502164820721,
            3.8476206493969967,
            4.9815753127875855
        ],
        "power_bs1": [
            45.50370931374941,
            42.50370931374941,
            41.50370931374941,
            40.50370931374941,
            39.50370931374941,
            38.50370931374941,
            41.50370931374941,
            42.50370931374941,
            41.50370931374941,
            40.50370931374941,
            39.50370931374941,
            38.50370931374941,
            37.50370931374941,
            40.50370931374941,
            39.50370931374941,
            38.50370931374941,
            41.50370931374941,
            38.50370931374941,
            35.50370931374941,
            32.50370931374941
        ],
        "power_bs2": [
            37.47405028992075,
            34.47405028992074,
            31.474050289920747,
            34.47405028992074,
            35.47405028992075,
            36.47405028992075,
            33.47405028992074,
            34.47405028992074,
            31.474050289920747,
            34.47405028992074,
            35.47405028992075,
            36.47405028992075,
            35.47405028992075,
            34.47405028992074,
            31.474050289920747,
            34.47405028992074,
            33.47405028992074,
            30.474050289920743,
            27.47405028992074,
            26.47405028992074
        ]
    }
}