{
    "episode": 2858,
    "seed": 2858,
    "metrics": {
        "sinr_ue1": [
            35.343005176559544,
            19.03548394257576,
            37.247966882072866,
            19.062844836952433,
            36.575438099030244,
            33.88076379762518,
            34.42023909507644,
            41.13507419194639,
            40.82111289203625,
            39.75764325274462,
            32.7948871209152,
            23.170879196484368,
            15.722353072549675,
            40.711966988400484,
            19.45070861950743,
            33.43157247774495,
            33.3384630306909,
            34.40087308234646,
            29.842100738007925,
            15.585166552019524
        ],
        "sinr_ue2": [
            13.20705411847105,
            17.791168562333162,
            21.230555651905764,
            32.286273386530276,
            15.36011475451131,
            30.69433173070681,
            13.429404744139399,
            13.407985513002533,
            9.374307886661285,
            5.461533711879849,
            9.42891449972864,
            25.463518728776833,
            25.583970871580025,
            9.395551403217876,
            32.50929092425976,
            25.951222621463558,
            29.26550609831731,
            12.9990661028656,
            30.367436832713494,
            17.07928896783516
        ],
        "power_bs1": [
            37.031532810937605,
            38.031532810937605,
            37.031532810937605,
            38.031532810937605,
            39.031532810937605,
            40.031532810937605,
            41.031532810937605,
            42.03153281093761,
            43.031532810937605,
            44.03153281093761,
            43.031532810937605,
            42.03153281093761,
            39.031532810937605,
            42.03153281093761,
            39.031532810937605,
            38.031532810937605,
            37.031532810937605,
            36.03153281093761,
            33.031532810937605,
            36.031532810937605
        ],
        "power_bs2": [
            31.042046537332375,
            32.04204653733238,
            29.04204653733238,
            32.042046537332375,
            35.04204653733238,
            36.042046537332375,
            35.04204653733238,
            36.042046537332375,
            33.042046537332375,
            30.04204653733238,
            33.042046537332375,
            32.042046537332375,
            31.042046537332375,
            32.042046537332375,
            33.042046537332375,
            32.042046537332375,
            31.042046537332375,
            30.042046537332375,
            31.042046537332375,
            34.042046537332375
        ]
    }
}