{
    "episode": 3226,
    "seed": 3226,
    "metrics": {
        "sinr_ue1": [
            38.48851747804217,
            49.871219575059776,
            33.99846563563377,
            31.72019160552846,
            43.7812017175449,
            48.95168497756403,
            33.3920839038852,
            32.28949538518591,
            36.65646845193053,
            52.45855975852848,
            34.83223616105933,
            35.35214692772669,
            35.00350214380427,
            33.95661186475384,
            49.94124654435769,
            32.76453239444585,
            45.28813070105337,
            30.621979504367683,
            45.993387322111936,
            22.74395466738206
        ],
        "sinr_ue2": [
            22.321567289354952,
            6.87710283264234,
            21.91447159277986,
            20.579634278356718,
            11.978912303304906,
            12.518163576233086,
            25.39441208460635,
            23.743235554887754,
            19.781309059348246,
            13.351580727248054,
            22.5714355802172,
            23.226005346228117,
            20.927064192628208,
            21.968430251442435,
            12.8373583496632,
            12.654946688939589,
            14.831312397198953,
            29.804447468917864,
            14.83231428070803,
            38.453773502553865
        ],
        "power_bs1": [
            44.79022432900392,
            41.790224329003905,
            38.79022432900391,
            35.79022432900391,
            32.79022432900391,
            35.79022432900391,
            36.790224329003905,
            33.79022432900391,
            36.790224329003905,
            37.79022432900391,
            34.79022432900391,
            35.790224329003905,
            36.790224329003905,
            37.79022432900391,
            36.790224329003905,
            35.790224329003905,
            36.790224329003905,
            37.79022432900391,
            36.790224329003905,
            33.79022432900391
        ],
        "power_bs2": [
            32.44872409540256,
            31.44872409540256,
            30.44872409540256,
            29.44872409540256,
            28.44872409540256,
            31.44872409540256,
            28.44872409540256,
            25.44872409540256,
            22.44872409540256,
            25.448724095402557,
            22.44872409540256,
            23.44872409540256,
            26.448724095402557,
            29.448724095402557,
            32.44872409540256,
            31.448724095402557,
            34.44872409540256,
            33.44872409540256,
            34.44872409540256,
            37.44872409540256
        ]
    }
}