{
    "episode": 1221,
    "seed": 1221,
    "metrics": {
        "sinr_ue1": [
            26.94787709270948,
            12.302256634863635,
            27.60094391309698,
            10.348491614725603,
            8.346023186614671,
            12.28610913020441,
            21.25614348859511,
            25.678071354667146,
            14.076642432839686,
            28.862608902258682,
            14.832509748931866,
            16.14091325639867,
            39.553973285290326,
            19.757328277950734,
            40.10548070648265,
            47.009592293883465,
            43.29158082514318,
            23.16806961119911,
            34.904214206649065,
            32.36819988197362
        ],
        "sinr_ue2": [
            19.420228011385998,
            22.093038010250304,
            17.82532033003022,
            41.515135102688276,
            39.164220135793315,
            19.123445141136028,
            29.180583950958216,
            17.587835792969177,
            32.300466119326806,
            15.778628961517764,
            33.13677139647621,
            33.30139481713027,
            25.652188768060725,
            25.08579575980022,
            7.726356604813054,
            1.8060290481125505,
            1.8245559356073793,
            25.755308592268484,
            9.413884080416317,
            20.578938441483853
        ],
        "power_bs1": [
            36.201019461740614,
            39.201019461740614,
            42.201019461740614,
            39.201019461740614,
            36.201019461740614,
            37.201019461740614,
            38.201019461740614,
            37.201019461740614,
            38.201019461740614,
            39.201019461740614,
            42.201019461740614,
            39.201019461740614,
            42.201019461740614,
            39.201019461740614,
            40.201019461740614,
            43.20101946174062,
            42.201019461740614,
            39.201019461740614,
            36.201019461740614,
            39.201019461740614
        ],
        "power_bs2": [
            41.20890035628921,
            42.208900356289206,
            45.208900356289206,
            44.20890035628921,
            43.20890035628921,
            40.208900356289206,
            37.208900356289206,
            40.208900356289206,
            39.20890035628921,
            40.208900356289206,
            41.20890035628921,
            38.20890035628921,
            35.208900356289206,
            34.20890035628921,
            33.20890035628921,
            30.208900356289206,
            29.208900356289213,
            30.208900356289206,
            31.20890035628921,
            28.20890035628921
        ]
    }
}