{
    "episode": 347,
    "seed": 347,
    "metrics": {
        "sinr_ue1": [
            32.10613366561768,
            12.995184253707446,
            10.925693388785708,
            8.92299599698525,
            14.725745432728147,
            14.325919560390414,
            16.447161010579272,
            38.794463731680324,
            18.860833757266388,
            35.991832117734226,
            37.5302932206385,
            35.39484676022723,
            14.861811045277733,
            26.318085777725603,
            33.79173340034596,
            29.10118793853773,
            16.059722238915494,
            26.526297369334433,
            14.638233353473655,
            8.839330038625075
        ],
        "sinr_ue2": [
            14.461141248334947,
            40.24997770607426,
            38.54296183330354,
            41.4310702922952,
            32.97687369777231,
            31.708798156569237,
            32.89560036091618,
            10.46524135523011,
            27.58493652215047,
            8.273303829424497,
            6.361828138597123,
            12.404702461909217,
            33.53530774491692,
            32.01146715700672,
            30.4241657340677,
            14.17916375689487,
            14.197311948896163,
            16.047717158028426,
            15.98525404443117,
            40.0914116858015
        ],
        "power_bs1": [
            45.83150477177394,
            42.83150477177394,
            39.83150477177395,
            36.83150477177395,
            39.83150477177395,
            36.83150477177394,
            39.83150477177395,
            40.83150477177394,
            37.83150477177394,
            38.83150477177394,
            39.83150477177395,
            36.83150477177394,
            33.83150477177394,
            34.83150477177395,
            37.83150477177394,
            34.83150477177394,
            37.83150477177394,
            36.83150477177394,
            39.83150477177394,
            36.83150477177394
        ],
        "power_bs2": [
            40.281932661662495,
            41.281932661662495,
            40.281932661662495,
            39.281932661662495,
            36.281932661662495,
            33.281932661662495,
            34.281932661662495,
            31.28193266166249,
            28.28193266166249,
            27.28193266166249,
            26.28193266166249,
            29.281932661662495,
            28.28193266166249,
            31.28193266166249,
            30.281932661662488,
            29.281932661662495,
            32.281932661662495,
            33.281932661662495,
            36.28193266166249,
            39.28193266166249
        ]
    }
}