{
    "episode": 2266,
    "seed": 2266,
    "metrics": {
        "sinr_ue1": [
            36.97940428465849,
            17.275253280274974,
            27.993340863621018,
            26.985817755854132,
            12.993853578469388,
            23.145302510562914,
            10.805919225525095,
            27.579615421344478,
            11.014849003654117,
            18.991667773949008,
            7.045220441233033,
            19.913642115459822,
            8.825391089094412,
            5.004359751807961,
            7.1725284216679945,
            9.040014064679697,
            27.03510532784023,
            17.026928670225203,
            14.864888269285782,
            27.318083993446226
        ],
        "sinr_ue2": [
            6.0456103547817435,
            23.346773626817892,
            11.991100273002765,
            8.046905422183867,
            30.848530778939455,
            9.974603732800233,
            24.86200576976076,
            10.079832959786653,
            28.214542503388166,
            18.098594455219207,
            28.418682786487672,
            27.642316473951553,
            29.801086953722642,
            37.98570821921058,
            34.87523311520852,
            36.16952558019618,
            12.383353162768582,
            24.311609606645167,
            18.260243528117208,
            19.792487810289593
        ],
        "power_bs1": [
            45.68572023425109,
            44.6857202342511,
            41.68572023425109,
            42.68572023425109,
            39.68572023425109,
            40.68572023425109,
            41.68572023425109,
            44.6857202342511,
            41.68572023425109,
            38.68572023425109,
            37.68572023425109,
            40.68572023425109,
            39.68572023425109,
            38.68572023425109,
            39.68572023425109,
            40.68572023425109,
            39.68572023425109,
            42.68572023425109,
            39.68572023425109,
            36.68572023425109
        ],
        "power_bs2": [
            39.76636164493987,
            38.76636164493987,
            41.76636164493986,
            38.76636164493987,
            37.76636164493987,
            38.76636164493987,
            41.76636164493986,
            42.76636164493987,
            41.76636164493986,
            44.76636164493986,
            41.76636164493986,
            42.76636164493987,
            41.76636164493986,
            44.76636164493986,
            43.76636164493987,
            42.76636164493987,
            39.76636164493987,
            36.76636164493986,
            35.76636164493986,
            32.76636164493987
        ]
    }
}