{
    "episode": 656,
    "seed": 656,
    "metrics": {
        "sinr_ue1": [
            22.57618052710109,
            38.6191277265525,
            20.7631487973925,
            27.580642667797918,
            26.215975289392958,
            20.906714282467604,
            35.39960995017426,
            15.044087807832476,
            36.499572779048094,
            33.445529429957396,
            21.17998067737014,
            48.236059095345055,
            23.17511401364548,
            37.28946444738048,
            21.13369785768169,
            25.203012843868876,
            41.8389791025976,
            49.00620505994305,
            40.194547289428,
            36.21140026994106
        ],
        "sinr_ue2": [
            16.658285735366015,
            23.991595322389184,
            8.3638330911893,
            14.362515734951383,
            12.430134875118284,
            25.832008731587784,
            12.440401748091155,
            25.50975279481972,
            12.449686410653754,
            14.47230623915342,
            24.05309265507555,
            2.630303510191505,
            21.88548856190433,
            4.586980565143075,
            21.338484494302232,
            26.04209709286105,
            4.711889166235549,
            0.773755089793527,
            15.047907049845804,
            12.691262330142255
        ],
        "power_bs1": [
            43.07281137759617,
            40.07281137759617,
            43.07281137759617,
            40.07281137759617,
            41.07281137759617,
            44.072811377596175,
            41.07281137759617,
            40.07281137759617,
            41.07281137759617,
            40.07281137759617,
            43.07281137759617,
            46.07281137759617,
            43.07281137759617,
            44.072811377596175,
            43.07281137759617,
            44.072811377596175,
            43.07281137759617,
            44.072811377596175,
            41.07281137759617,
            38.07281137759617
        ],
        "power_bs2": [
            40.366093990964984,
            39.366093990964984,
            42.366093990964984,
            45.366093990964984,
            44.36609399096498,
            43.366093990964984,
            44.36609399096498,
            45.366093990964984,
            44.36609399096498,
            45.366093990964984,
            42.366093990964984,
            39.366093990964984,
            40.366093990964984,
            39.366093990964984,
            42.366093990964984,
            39.366093990964984,
            38.366093990964984,
            35.366093990964984,
            38.366093990964984,
            41.366093990964984
        ]
    }
}