{
    "episode": 3146,
    "seed": 3146,
    "metrics": {
        "sinr_ue1": [
            38.33789286123625,
            46.43987674017594,
            42.8570992147366,
            32.33946278370854,
            26.39630570505487,
            31.96259997880649,
            51.31123422759755,
            31.45994798167903,
            51.42520474306267,
            31.135395140482558,
            35.28213352420432,
            49.332465297768394,
            29.763170993552514,
            43.34205573026358,
            47.92365878211649,
            51.77293037507357,
            55.98176371940701,
            55.22736807298138,
            50.92808428719522,
            46.282322757194876
        ],
        "sinr_ue2": [
            34.1414248663814,
            30.34692671306805,
            28.894903008526,
            45.7231181563635,
            42.501638665692376,
            46.82660640970081,
            25.157064924830202,
            45.080778635454884,
            23.009750224470782,
            42.72223418976378,
            38.64868360097594,
            23.226955615536298,
            41.302652381560996,
            26.705086999427824,
            39.28822104773451,
            25.148365504477873,
            18.966697363229063,
            24.89403985394012,
            23.313111659410467,
            27.35156235026947
        ],
        "power_bs1": [
            29.185391163410472,
            30.185391163410472,
            33.18539116341047,
            32.18539116341047,
            29.185391163410472,
            32.18539116341047,
            35.18539116341047,
            32.18539116341047,
            35.18539116341047,
            34.18539116341047,
            35.18539116341047,
            34.18539116341047,
            31.185391163410472,
            30.185391163410472,
            31.185391163410472,
            34.18539116341047,
            35.18539116341047,
            32.18539116341047,
            35.18539116341047,
            34.18539116341047
        ],
        "power_bs2": [
            42.58373164921581,
            39.583731649215814,
            40.58373164921582,
            37.583731649215814,
            40.58373164921582,
            37.58373164921581,
            38.583731649215814,
            37.58373164921581,
            36.583731649215814,
            39.583731649215814,
            36.583731649215814,
            35.583731649215814,
            38.583731649215814,
            35.583731649215814,
            34.583731649215814,
            37.58373164921581,
            34.583731649215814,
            35.583731649215814,
            36.583731649215814,
            39.583731649215814
        ]
    }
}