{
    "episode": 1669,
    "seed": 1669,
    "metrics": {
        "sinr_ue1": [
            25.354915424844094,
            24.575221125778747,
            12.866353540224758,
            14.217309365031849,
            12.85356377231048,
            12.253615071485655,
            16.64775184983148,
            25.659647922779637,
            26.873756306792277,
            8.924637475750828,
            23.285837116373376,
            4.097161776275349,
            8.771623987086008,
            27.595288717017652,
            7.672253982166845,
            27.34184470045072,
            27.023104673924706,
            30.418607706263742,
            14.33702854130679,
            23.426653854851494
        ],
        "sinr_ue2": [
            1.3889367992228476,
            3.242420772778238,
            3.5499387709696784,
            13.027587586334707,
            16.76507364752632,
            17.122776144667725,
            1.2067021921489913,
            10.739516391769735,
            1.1969471128698268,
            18.004227434379352,
            5.1398793842945425,
            21.03827229213318,
            25.53322136215,
            3.2887684065393543,
            16.757080179451,
            7.448620486514203,
            13.192259182666941,
            3.4118572348587244,
            27.0434183868184,
            11.06401750873079
        ],
        "power_bs1": [
            34.59096798050772,
            31.59096798050772,
            32.59096798050772,
            35.59096798050772,
            32.59096798050772,
            31.59096798050772,
            28.59096798050772,
            31.59096798050772,
            28.590967980507717,
            27.590967980507717,
            26.59096798050772,
            25.59096798050772,
            28.590967980507717,
            27.590967980507717,
            28.590967980507717,
            29.59096798050772,
            32.59096798050772,
            29.59096798050772,
            28.590967980507717,
            25.59096798050772
        ],
        "power_bs2": [
            33.67979073084948,
            32.67979073084948,
            29.679790730849483,
            32.67979073084948,
            29.679790730849483,
            28.679790730849483,
            27.679790730849483,
            24.67979073084948,
            27.679790730849483,
            26.679790730849483,
            29.67979073084948,
            32.67979073084948,
            29.67979073084948,
            28.67979073084948,
            31.679790730849483,
            34.67979073084948,
            33.679790730849476,
            30.679790730849483,
            33.679790730849476,
            34.67979073084948
        ]
    }
}