{
    "episode": 1892,
    "seed": 1892,
    "metrics": {
        "sinr_ue1": [
            24.439151645466946,
            22.186204438215395,
            22.814826860121617,
            1.8448439192160504,
            23.217777305507788,
            13.354775994231531,
            15.679097714966115,
            23.341336853313848,
            27.745018396450973,
            12.930239221204292,
            25.83823241058733,
            14.671385588792313,
            24.43023992817436,
            24.105882116383253,
            10.898627262116744,
            29.89497006343711,
            10.968525521108035,
            10.698371109837556,
            28.915225865622944,
            26.02071319919963
        ],
        "sinr_ue2": [
            32.15417815051866,
            35.135297170224064,
            25.749464507720255,
            40.650385726904915,
            27.32539524300008,
            48.49769253184331,
            29.959333955000695,
            22.039171792332336,
            20.458315072785233,
            41.34926899348259,
            22.42805994024385,
            32.375105378862166,
            20.2594945025958,
            20.10722434472239,
            30.63935223574827,
            20.105772919719055,
            30.475698036925323,
            35.47729304830893,
            19.776314150439138,
            17.984654091002454
        ],
        "power_bs1": [
            36.5651477922508,
            33.5651477922508,
            32.5651477922508,
            29.565147792250798,
            30.565147792250794,
            29.565147792250798,
            32.5651477922508,
            35.5651477922508,
            38.5651477922508,
            37.5651477922508,
            40.5651477922508,
            37.5651477922508,
            40.5651477922508,
            37.5651477922508,
            34.5651477922508,
            37.56514779225079,
            34.5651477922508,
            33.56514779225079,
            34.5651477922508,
            35.5651477922508
        ],
        "power_bs2": [
            37.46651396122057,
            36.46651396122057,
            37.46651396122057,
            38.46651396122057,
            37.46651396122057,
            40.46651396122057,
            41.46651396122057,
            40.46651396122057,
            37.46651396122057,
            40.46651396122057,
            41.46651396122057,
            38.46651396122057,
            39.46651396122056,
            36.46651396122057,
            33.46651396122057,
            36.46651396122057,
            33.46651396122057,
            32.46651396122057,
            33.46651396122057,
            32.46651396122057
        ]
    }
}