{
    "episode": 2510,
    "seed": 2510,
    "metrics": {
        "sinr_ue1": [
            18.939617526429515,
            29.029409430771636,
            34.63573179519666,
            29.565270656779326,
            11.03152583751884,
            7.089653345251992,
            3.190023530760369,
            17.492481949895055,
            9.007041896860999,
            7.053117024689614,
            27.533792708233136,
            26.49806471246996,
            9.140706731980227,
            29.491246861937,
            10.826826539906913,
            5.083369970137087,
            21.521059127719333,
            8.4235487177441,
            29.542442162791268,
            23.226028014314583
        ],
        "sinr_ue2": [
            19.111440610712748,
            18.562273135809185,
            3.539460465856087,
            24.181486125758745,
            17.951242996168936,
            23.173304651961125,
            31.24098869734989,
            15.294094073476383,
            30.350676273661342,
            32.06197773135634,
            11.295562343513328,
            8.938687557849097,
            11.427049144562718,
            9.484679386366036,
            26.720556996819123,
            33.14601159093139,
            11.422774643400881,
            28.511408636181976,
            9.426727795885375,
            23.595013928664716
        ],
        "power_bs1": [
            44.551848108096834,
            45.55184810809684,
            42.551848108096834,
            39.551848108096834,
            36.551848108096834,
            33.551848108096834,
            32.551848108096834,
            33.551848108096834,
            34.551848108096834,
            33.551848108096834,
            34.551848108096834,
            33.551848108096834,
            36.551848108096834,
            35.551848108096834,
            34.551848108096834,
            31.551848108096834,
            32.551848108096834,
            29.551848108096834,
            32.551848108096834,
            33.551848108096834
        ],
        "power_bs2": [
            39.04219651434447,
            42.04219651434447,
            39.04219651434447,
            42.04219651434447,
            39.04219651434446,
            40.04219651434447,
            43.04219651434447,
            42.04219651434446,
            39.04219651434446,
            40.04219651434447,
            39.04219651434446,
            38.04219651434446,
            41.04219651434447,
            38.04219651434446,
            37.04219651434447,
            40.04219651434446,
            37.04219651434446,
            34.04219651434446,
            35.04219651434446,
            36.04219651434447
        ]
    }
}