{
    "episode": 3687,
    "seed": 3687,
    "metrics": {
        "sinr_ue1": [
            39.130256498037184,
            23.888514354940327,
            30.826839845219126,
            19.73447591589562,
            17.85132080096092,
            15.881464329258776,
            19.73300753598182,
            26.42214431122682,
            27.897071475459967,
            24.44409117589189,
            17.35969180234696,
            26.666839892896476,
            16.46575401636365,
            17.310739111918203,
            22.630833873874785,
            38.59015175403472,
            21.667889917318227,
            21.564198344171295,
            31.316180499826167,
            35.07545466534196
        ],
        "sinr_ue2": [
            12.644354670605649,
            31.12426001338833,
            29.329442400935672,
            38.58785776233181,
            18.5253813988908,
            36.58225199418416,
            33.590867997421626,
            20.81250913115037,
            28.50013226591276,
            18.77982598209597,
            37.34235483571454,
            20.09207081826338,
            38.35657442707861,
            36.74156069965893,
            30.954952667869552,
            14.516882953451503,
            14.702384403074898,
            30.72995473503838,
            16.310547423032187,
            16.51189769579959
        ],
        "power_bs1": [
            44.54100932609873,
            41.54100932609873,
            38.54100932609874,
            35.54100932609873,
            36.54100932609873,
            33.54100932609874,
            36.54100932609873,
            35.54100932609873,
            36.54100932609873,
            33.54100932609874,
            30.541009326098735,
            27.541009326098735,
            26.541009326098735,
            29.54100932609873,
            32.54100932609874,
            31.541009326098735,
            34.54100932609873,
            33.54100932609874,
            30.541009326098735,
            31.541009326098735
        ],
        "power_bs2": [
            41.77269540653946,
            38.77269540653946,
            37.77269540653946,
            36.77269540653946,
            39.77269540653946,
            38.77269540653946,
            37.77269540653946,
            40.772695406539455,
            39.77269540653946,
            36.77269540653946,
            33.77269540653946,
            32.77269540653946,
            29.772695406539462,
            32.77269540653946,
            29.772695406539462,
            30.77269540653946,
            33.77269540653946,
            32.77269540653946,
            31.77269540653946,
            32.77269540653946
        ]
    }
}