{
    "episode": 4249,
    "seed": 4249,
    "metrics": {
        "sinr_ue1": [
            29.985218022177982,
            13.639533129366402,
            13.315231288734148,
            9.574365213871271,
            23.294050165494728,
            25.43959401684659,
            15.377326672418917,
            19.296763434994226,
            17.58445053682687,
            32.05650989417769,
            31.996935720119083,
            37.159915513043465,
            31.032440073745605,
            17.09186998630227,
            29.419684042760544,
            15.54148234269257,
            17.628435913245056,
            34.94678759983334,
            19.256696495621004,
            21.45506880755265
        ],
        "sinr_ue2": [
            21.396216317391776,
            33.94480202229467,
            35.45576607403666,
            39.73935471631969,
            18.593486906567836,
            13.312293340571122,
            33.71599306350555,
            31.921712900094143,
            37.27240266671971,
            17.37238886807049,
            32.567289851516676,
            15.29220851543114,
            18.87168024316544,
            29.274494214559496,
            18.405449097464064,
            31.763398654808938,
            15.42138481570893,
            13.660466447813803,
            31.35122751269741,
            28.973959029449595
        ],
        "power_bs1": [
            37.957359131142695,
            36.95735913114269,
            33.957359131142695,
            32.957359131142695,
            35.95735913114269,
            36.95735913114269,
            35.95735913114269,
            38.95735913114269,
            39.95735913114269,
            36.95735913114269,
            37.957359131142695,
            36.95735913114269,
            33.957359131142695,
            34.95735913114269,
            31.95735913114269,
            34.95735913114269,
            37.957359131142695,
            40.95735913114269,
            37.957359131142695,
            40.95735913114269
        ],
        "power_bs2": [
            42.79336675096857,
            39.79336675096857,
            36.793366750968566,
            39.79336675096857,
            36.793366750968566,
            33.79336675096857,
            36.793366750968566,
            35.793366750968566,
            38.79336675096857,
            37.793366750968566,
            36.793366750968566,
            35.793366750968566,
            36.793366750968566,
            33.79336675096857,
            34.79336675096857,
            35.793366750968566,
            36.793366750968566,
            37.793366750968566,
            34.79336675096857,
            35.793366750968566
        ]
    }
}