{
    "episode": 3328,
    "seed": 3328,
    "metrics": {
        "sinr_ue1": [
            31.642203530174765,
            20.74771993402324,
            22.422477531398446,
            43.862784011860576,
            29.185275354383492,
            42.73570017779093,
            22.474663887677885,
            44.68877242281336,
            37.25974138305729,
            23.999073312024727,
            20.147204809935634,
            19.905083658705948,
            21.110625763617243,
            27.193097992932614,
            18.455892287565263,
            37.2287788486416,
            34.76183041649735,
            41.63400547120275,
            42.116134629864405,
            24.715728048728476
        ],
        "sinr_ue2": [
            21.140079074781887,
            26.812226723884486,
            11.73886497142917,
            1.6087884879894934,
            18.63570508271487,
            9.55978076581806,
            24.897336225054772,
            5.362901662770156,
            5.42484320879548,
            23.732191915690315,
            20.456070076054974,
            26.32607459264286,
            22.58948893391155,
            10.459461600537498,
            11.00389219852526,
            8.827101357846225,
            25.227280284663678,
            5.037229630084308,
            4.560445087761727,
            14.301879057306985
        ],
        "power_bs1": [
            41.7509857661959,
            40.750985766195896,
            39.7509857661959,
            42.7509857661959,
            41.7509857661959,
            38.750985766195896,
            39.7509857661959,
            38.7509857661959,
            39.7509857661959,
            38.7509857661959,
            35.750985766195896,
            34.7509857661959,
            33.7509857661959,
            32.7509857661959,
            35.750985766195896,
            34.7509857661959,
            33.7509857661959,
            36.7509857661959,
            33.7509857661959,
            34.7509857661959
        ],
        "power_bs2": [
            38.05398977316769,
            39.05398977316769,
            36.053989773167686,
            33.05398977316769,
            30.05398977316769,
            33.05398977316769,
            36.053989773167686,
            33.053989773167686,
            34.053989773167686,
            33.053989773167686,
            34.053989773167686,
            33.053989773167686,
            30.05398977316769,
            33.053989773167686,
            36.053989773167686,
            33.053989773167686,
            34.053989773167686,
            31.053989773167686,
            28.053989773167686,
            25.053989773167686
        ]
    }
}