{
    "episode": 4933,
    "seed": 4933,
    "metrics": {
        "sinr_ue1": [
            37.89469401838034,
            23.55865568125253,
            34.62703845988363,
            21.659045385417297,
            40.85636853651286,
            42.25926948745656,
            36.356008870707264,
            37.371430795269106,
            45.50605898688859,
            34.17836789112974,
            48.5676828296933,
            52.23348501756159,
            33.1828374469957,
            40.6566079681296,
            46.47039271548693,
            26.880417620101124,
            43.946615375127564,
            31.442268722851363,
            24.550346609501897,
            43.8705033307008
        ],
        "sinr_ue2": [
            27.651938176425645,
            29.169886162030547,
            29.69529419968982,
            42.641348509252325,
            24.610483785439285,
            22.102190977659326,
            24.740616648366288,
            22.179623418049953,
            21.036468744438803,
            33.02889462686516,
            17.4242603004797,
            15.831746286710487,
            34.306656200367286,
            27.355286548841722,
            23.033119985426755,
            23.625022565625258,
            23.422070912947813,
            26.814962086322197,
            38.5954507672052,
            25.30835956118026
        ],
        "power_bs1": [
            28.576051882242304,
            27.576051882242304,
            28.576051882242304,
            29.5760518822423,
            26.576051882242304,
            25.5760518822423,
            26.576051882242304,
            29.5760518822423,
            32.576051882242304,
            35.576051882242304,
            34.5760518822423,
            37.576051882242304,
            38.576051882242304,
            35.576051882242304,
            32.5760518822423,
            35.576051882242304,
            34.5760518822423,
            31.576051882242304,
            32.5760518822423,
            33.5760518822423
        ],
        "power_bs2": [
            42.350129957050925,
            43.350129957050925,
            44.350129957050925,
            41.350129957050925,
            38.350129957050925,
            35.350129957050925,
            38.350129957050925,
            37.350129957050925,
            38.350129957050925,
            35.350129957050925,
            36.350129957050925,
            37.350129957050925,
            40.350129957050925,
            39.350129957050925,
            40.350129957050925,
            43.350129957050925,
            42.350129957050925,
            43.350129957050925,
            42.350129957050925,
            43.350129957050925
        ]
    }
}