{
    "episode": 917,
    "seed": 917,
    "metrics": {
        "sinr_ue1": [
            13.349330838140874,
            13.475233132640225,
            7.672334123390074,
            7.685524307276104,
            38.381546757695176,
            29.316394328586284,
            29.480321797223663,
            34.2166067153337,
            33.167302599073786,
            42.157195659368384,
            35.70893425297775,
            15.376913189223584,
            33.85117771529369,
            33.0831534211589,
            32.68139176209269,
            29.217956007300447,
            31.289882022065385,
            16.102963238405017,
            28.684028289928513,
            23.41630619752753
        ],
        "sinr_ue2": [
            30.69304390569077,
            34.35333558142514,
            38.35422451874523,
            38.58685568460705,
            18.867368051651145,
            20.746651920171054,
            20.57047623565184,
            18.61613613899888,
            14.69549129943828,
            10.630596872977915,
            23.50845409304671,
            38.068548361507084,
            14.314443598980013,
            16.335533408910642,
            16.193524375859248,
            28.620620746590824,
            12.19647388790277,
            25.98643557079405,
            17.987856490738583,
            19.951190684014154
        ],
        "power_bs1": [
            33.937187793609674,
            34.937187793609674,
            31.937187793609674,
            32.937187793609674,
            35.93718779360968,
            32.937187793609674,
            31.937187793609674,
            32.937187793609674,
            35.93718779360968,
            38.937187793609674,
            35.937187793609674,
            32.937187793609674,
            31.937187793609674,
            30.937187793609674,
            29.937187793609674,
            28.937187793609674,
            27.937187793609674,
            28.937187793609674,
            27.937187793609674,
            26.937187793609674
        ],
        "power_bs2": [
            38.52800720934255,
            39.52800720934255,
            42.52800720934255,
            43.52800720934255,
            40.52800720934255,
            39.52800720934255,
            38.52800720934255,
            37.52800720934255,
            36.52800720934255,
            35.52800720934255,
            34.52800720934255,
            35.52800720934255,
            32.52800720934255,
            33.52800720934255,
            32.52800720934255,
            29.528007209342547,
            26.528007209342547,
            29.528007209342547,
            32.52800720934255,
            33.52800720934255
        ]
    }
}