{
    "episode": 3418,
    "seed": 3418,
    "metrics": {
        "sinr_ue1": [
            18.05158194082171,
            19.46780658973176,
            3.454995122379969,
            17.943373416670592,
            1.3429053134844768,
            7.230263203056564,
            22.250060949607622,
            7.27619149435861,
            9.263837039734476,
            28.16457727975196,
            11.20744067226423,
            9.170648716889607,
            28.066231818758194,
            24.543486793219763,
            7.045904749291022,
            25.588172522101942,
            7.103043249304195,
            3.1881880122721413,
            21.671263225123738,
            9.596437994140324
        ],
        "sinr_ue2": [
            14.081818589142978,
            13.747909705941323,
            29.130832822723136,
            13.711171486259033,
            35.997774854613105,
            16.792733850504135,
            6.0213528802086085,
            26.302910474493114,
            20.062673789770752,
            5.767279289417303,
            15.499109511835822,
            24.610268710613646,
            7.525406197212043,
            8.910666070288514,
            28.220661302432994,
            9.44575980015357,
            24.90603872955318,
            15.205369893403356,
            14.75130827881795,
            31.106591417635748
        ],
        "power_bs1": [
            40.78619440793087,
            37.78619440793087,
            36.78619440793087,
            37.78619440793087,
            34.78619440793087,
            37.78619440793087,
            40.78619440793087,
            39.78619440793087,
            38.78619440793087,
            37.78619440793087,
            40.78619440793087,
            37.78619440793087,
            36.786194407930864,
            33.78619440793087,
            32.78619440793087,
            29.786194407930864,
            32.78619440793087,
            31.786194407930868,
            32.78619440793087,
            29.786194407930864
        ],
        "power_bs2": [
            42.27054865711477,
            39.27054865711477,
            38.27054865711477,
            39.27054865711477,
            38.27054865711477,
            35.270548657114766,
            34.27054865711477,
            37.27054865711477,
            34.270548657114766,
            31.27054865711477,
            34.270548657114766,
            33.27054865711477,
            32.27054865711477,
            31.27054865711477,
            30.27054865711477,
            29.270548657114766,
            30.27054865711477,
            33.270548657114766,
            36.27054865711477,
            33.270548657114766
        ]
    }
}