{
    "episode": 392,
    "seed": 392,
    "metrics": {
        "sinr_ue1": [
            35.15205612960268,
            34.749093393026094,
            38.02135870909012,
            28.680826910277265,
            24.547159777354,
            18.788243539793307,
            40.731244976638436,
            44.3328905416425,
            28.326926252440817,
            24.004690704177868,
            24.066209973348577,
            47.093698933621,
            24.465135912136702,
            22.075545435085075,
            40.36125226005873,
            40.982919969666966,
            23.840869423527327,
            43.016629389909696,
            28.291787787889078,
            31.903249948916766
        ],
        "sinr_ue2": [
            19.19947140215418,
            17.017050163496375,
            20.308941469275812,
            33.95197179550907,
            31.7453715067997,
            38.59991329286981,
            28.00434732717846,
            17.251411275006355,
            22.322624181831316,
            36.76890954545182,
            28.89661651444884,
            14.694854649849788,
            39.77931051170738,
            33.88128456655946,
            19.796434592242424,
            18.70467430639839,
            19.246244840909053,
            19.062627638251985,
            28.87666092772828,
            25.663002188982112
        ],
        "power_bs1": [
            38.07604151525111,
            37.07604151525111,
            34.07604151525111,
            37.07604151525111,
            34.07604151525111,
            31.07604151525111,
            34.076041515251106,
            31.07604151525111,
            32.07604151525111,
            31.07604151525111,
            32.07604151525111,
            35.076041515251106,
            34.076041515251106,
            31.07604151525111,
            32.07604151525111,
            35.076041515251106,
            38.07604151525111,
            37.07604151525111,
            38.07604151525111,
            41.076041515251106
        ],
        "power_bs2": [
            46.159870482131,
            43.15987048213099,
            44.159870482131,
            41.159870482131,
            42.159870482131,
            45.15987048213099,
            42.159870482131,
            39.15987048213099,
            36.15987048213099,
            39.15987048213099,
            40.15987048213099,
            39.159870482131,
            42.159870482131,
            41.159870482131,
            42.159870482131,
            43.15987048213099,
            46.159870482131,
            45.15987048213099,
            42.159870482131,
            41.159870482131
        ]
    }
}