{
    "episode": 1446,
    "seed": 1446,
    "metrics": {
        "sinr_ue1": [
            21.005173425850224,
            39.771258823332545,
            18.916750217433947,
            17.074879994153115,
            17.322445151117027,
            31.15359868859445,
            37.22253430826361,
            5.080346777105875,
            29.457478154478423,
            37.68307834309697,
            22.245581735539023,
            37.48609449711918,
            45.94196671869872,
            37.648474729316476,
            29.195410384825927,
            26.578694726866292,
            26.547565632224504,
            46.40360598219834,
            49.84757180399661,
            40.69330660060916
        ],
        "sinr_ue2": [
            38.59391854561154,
            4.078831890602681,
            25.374837249864495,
            29.205956811056204,
            42.07212447165168,
            37.376781648044876,
            20.814096769696988,
            35.68789899276885,
            17.57427035792394,
            15.956201466954889,
            32.8441794762056,
            14.554714932831246,
            12.342587795202721,
            16.069263901112375,
            13.706667665874459,
            12.586037717709026,
            27.73480960343246,
            8.609583789936593,
            17.82761536684816,
            11.342427872536545
        ],
        "power_bs1": [
            38.49967541541285,
            39.49967541541285,
            36.49967541541286,
            35.49967541541286,
            34.49967541541285,
            33.49967541541285,
            34.49967541541285,
            33.49967541541285,
            30.499675415412856,
            31.49967541541286,
            30.499675415412856,
            33.49967541541285,
            32.49967541541285,
            31.49967541541286,
            30.499675415412856,
            33.49967541541285,
            32.49967541541285,
            33.49967541541285,
            32.49967541541285,
            29.499675415412856
        ],
        "power_bs2": [
            43.32746719685983,
            44.32746719685983,
            43.32746719685983,
            44.32746719685983,
            43.32746719685983,
            42.32746719685983,
            41.32746719685983,
            38.32746719685983,
            35.32746719685983,
            34.32746719685983,
            33.32746719685983,
            34.32746719685983,
            31.32746719685983,
            34.32746719685983,
            31.327467196859825,
            32.32746719685983,
            31.327467196859825,
            28.327467196859825,
            25.32746719685982,
            28.327467196859825
        ]
    }
}