{
    "episode": 4147,
    "seed": 4147,
    "metrics": {
        "sinr_ue1": [
            29.805374172921436,
            30.146118678054393,
            13.137278557720009,
            29.38321596143758,
            17.024584730140067,
            31.549951954466597,
            10.810208433735088,
            27.804751936282468,
            27.166657065260903,
            22.050021488642916,
            32.577082567231244,
            31.293844881003615,
            26.787879848428773,
            12.62406055573112,
            16.193977567963344,
            26.608552474343732,
            29.57966651264126,
            31.338685267832386,
            8.623561607599777,
            23.59590719148381
        ],
        "sinr_ue2": [
            21.7641834340378,
            21.61704726968739,
            19.701968572468385,
            32.86826675655014,
            32.193045914947,
            15.579370702116362,
            37.191349843703875,
            26.432790600074426,
            34.10824072078149,
            27.343381620995018,
            15.101021273557908,
            18.845197727825717,
            20.95518125718883,
            36.98284762120066,
            41.935208407142,
            31.221509862200737,
            21.081650271475752,
            23.000581522630846,
            23.219476207972036,
            23.072453218220673
        ],
        "power_bs1": [
            42.05284424821073,
            39.05284424821073,
            42.05284424821073,
            45.05284424821073,
            46.05284424821073,
            45.05284424821073,
            42.05284424821073,
            41.05284424821073,
            40.05284424821073,
            39.05284424821073,
            38.05284424821073,
            35.05284424821073,
            36.05284424821073,
            35.05284424821073,
            36.05284424821073,
            37.05284424821073,
            36.05284424821073,
            35.05284424821073,
            38.05284424821073,
            37.05284424821073
        ],
        "power_bs2": [
            40.48688654529852,
            37.48688654529852,
            38.486886545298525,
            39.486886545298525,
            38.486886545298525,
            37.48688654529852,
            40.48688654529852,
            37.48688654529852,
            34.486886545298525,
            33.486886545298525,
            30.486886545298518,
            31.48688654529852,
            34.486886545298525,
            31.48688654529852,
            34.48688654529852,
            33.486886545298525,
            34.486886545298525,
            35.48688654529852,
            38.486886545298525,
            37.48688654529852
        ]
    }
}