{
    "episode": 1318,
    "seed": 1318,
    "metrics": {
        "sinr_ue1": [
            14.620913942010908,
            12.075886132361987,
            32.07953881999578,
            9.81717868504449,
            24.266596135793765,
            14.358650288457484,
            14.178554305285552,
            32.54566318668668,
            17.71881190369184,
            16.20538152344804,
            27.87758941712903,
            14.418257640863317,
            9.352245083061641,
            4.723069768243173,
            2.7463120847268474,
            6.588039370746507,
            6.343971223042538,
            16.540443973488205,
            28.476006102973685,
            22.258503736946267
        ],
        "sinr_ue2": [
            28.991717875421095,
            13.735416236661752,
            11.85294801766635,
            15.946880928456348,
            12.11155180087715,
            23.7137179761979,
            28.178245596058442,
            11.9006354360307,
            24.57179027585726,
            24.239869065643518,
            9.835089076793624,
            23.907695529438378,
            15.985003758077664,
            36.20634751702683,
            40.04567716478338,
            33.90699057075609,
            36.92812722401485,
            14.132755053196522,
            16.23402941042863,
            22.10021660333908
        ],
        "power_bs1": [
            41.60886987320545,
            38.60886987320545,
            37.60886987320545,
            34.60886987320545,
            35.60886987320545,
            38.60886987320545,
            37.60886987320545,
            36.60886987320545,
            39.60886987320545,
            40.60886987320545,
            37.60886987320545,
            40.60886987320545,
            37.60886987320545,
            34.60886987320545,
            33.60886987320545,
            34.60886987320545,
            31.608869873205446,
            32.60886987320545,
            33.60886987320545,
            30.60886987320545
        ],
        "power_bs2": [
            39.18835186374288,
            40.18835186374288,
            37.18835186374288,
            38.18835186374288,
            35.18835186374288,
            36.18835186374288,
            35.18835186374288,
            36.18835186374288,
            33.18835186374288,
            36.18835186374288,
            35.18835186374288,
            38.18835186374288,
            41.18835186374288,
            42.18835186374288,
            43.18835186374288,
            40.18835186374288,
            37.18835186374288,
            34.18835186374288,
            37.18835186374288,
            40.18835186374288
        ]
    }
}