{
    "episode": 32,
    "seed": 32,
    "metrics": {
        "sinr_ue1": [
            10.283334504476418,
            7.149759156606269,
            2.5047799570616034,
            20.83292327049467,
            14.126220525289153,
            8.43941145947138,
            30.472012723430684,
            28.547410969089686,
            14.011854613766106,
            11.311916935671537,
            28.999201483481293,
            36.20505901227442,
            28.12054732553419,
            14.689487799475746,
            31.338479349254783,
            33.767994563461386,
            38.13193080845724,
            12.24301987991896,
            32.33386933199038,
            29.235076595142395
        ],
        "sinr_ue2": [
            29.034675197443566,
            41.924045861506265,
            40.670739074961766,
            37.37423063824196,
            18.20596496891321,
            17.173655915623605,
            16.213299275168286,
            13.816866513158086,
            17.35771209086123,
            29.34299605417017,
            7.481561321887687,
            7.278586865983786,
            10.25782779058094,
            20.13168287578384,
            26.6017389261564,
            26.514087216178748,
            8.089581097525683,
            30.236268342855944,
            9.84733628934744,
            11.258809552718647
        ],
        "power_bs1": [
            35.44256271009004,
            32.44256271009004,
            29.442562710090034,
            32.44256271009003,
            31.442562710090037,
            34.44256271009004,
            31.442562710090037,
            30.442562710090037,
            29.442562710090034,
            32.44256271009003,
            35.44256271009004,
            34.44256271009004,
            31.44256271009003,
            34.44256271009004,
            37.44256271009003,
            36.44256271009003,
            39.44256271009003,
            36.44256271009003,
            37.44256271009003,
            34.44256271009003
        ],
        "power_bs2": [
            38.75230278943464,
            41.75230278943464,
            40.75230278943464,
            41.75230278943464,
            38.75230278943464,
            39.75230278943464,
            36.75230278943464,
            33.75230278943464,
            36.75230278943464,
            33.75230278943464,
            30.752302789434637,
            29.752302789434637,
            30.752302789434637,
            31.752302789434633,
            34.75230278943464,
            31.752302789434633,
            34.75230278943464,
            37.75230278943464,
            34.75230278943464,
            33.75230278943464
        ]
    }
}