{
    "episode": 636,
    "seed": 636,
    "metrics": {
        "sinr_ue1": [
            14.138443516828001,
            33.454299718387524,
            38.47399860557833,
            14.642320367232347,
            39.08862273514786,
            20.66831198033508,
            18.231919003559504,
            32.31513556660657,
            16.27488762069511,
            11.088072632909023,
            14.365452205285756,
            28.86137568515074,
            9.045994424667686,
            3.7767380228328107,
            2.319108201277295,
            0.093107446333901,
            9.725881390411073,
            2.679113097385941,
            6.307674343630057,
            3.896664742680257
        ],
        "sinr_ue2": [
            32.10742000685327,
            13.403913630122354,
            13.488802507721584,
            26.22304133625346,
            9.715877878456737,
            25.111606153340954,
            33.09046092934595,
            13.63707879556223,
            26.94596778378822,
            34.190081535313496,
            33.755655370995996,
            17.382279549411507,
            35.67053145568467,
            44.27381793735533,
            30.25203072972704,
            44.281835757228414,
            28.24983782606921,
            36.734707598856794,
            38.52477124052563,
            36.85713329846142
        ],
        "power_bs1": [
            36.2244191898932,
            37.2244191898932,
            34.2244191898932,
            31.2244191898932,
            34.2244191898932,
            35.2244191898932,
            34.2244191898932,
            35.2244191898932,
            32.2244191898932,
            31.2244191898932,
            30.224419189893197,
            29.224419189893197,
            26.2244191898932,
            23.224419189893197,
            22.224419189893197,
            21.224419189893197,
            18.224419189893197,
            19.224419189893197,
            22.224419189893197,
            19.224419189893197
        ],
        "power_bs2": [
            37.54100243406978,
            34.54100243406978,
            31.541002434069778,
            30.54100243406978,
            27.541002434069778,
            26.541002434069778,
            29.54100243406978,
            32.54100243406978,
            29.54100243406978,
            30.54100243406978,
            29.54100243406978,
            30.54100243406978,
            31.541002434069778,
            34.54100243406978,
            37.54100243406978,
            36.54100243406978,
            33.54100243406978,
            30.54100243406978,
            29.54100243406978,
            28.54100243406978
        ]
    }
}