{
    "episode": 1273,
    "seed": 1273,
    "metrics": {
        "sinr_ue1": [
            27.675306833028245,
            30.631267416100066,
            11.291150865913174,
            10.804384727438404,
            28.290271085955048,
            17.612949959745542,
            9.469028268561653,
            11.201972953121642,
            10.62505054415405,
            9.744273285964367,
            21.062540594774745,
            6.411249707488816,
            18.18514191396754,
            4.945790868080339,
            4.752177678919879,
            17.766510731706102,
            24.301715772212063,
            7.755348158419627,
            21.697989621687277,
            8.37671397604166
        ],
        "sinr_ue2": [
            14.25504100278124,
            10.371880474767863,
            29.790528563934675,
            31.628014515638753,
            16.148022422115076,
            16.272215488870103,
            37.264805118177165,
            31.102688755352187,
            30.41356667864779,
            27.979995087450163,
            19.290006565354766,
            34.13069714878689,
            13.841327800551541,
            37.68903096557648,
            38.97909342110899,
            20.271108672315012,
            16.56291191666426,
            28.396368352621053,
            7.245702351613734,
            15.566082393985607
        ],
        "power_bs1": [
            37.707520220491595,
            38.707520220491595,
            35.707520220491595,
            32.707520220491595,
            33.707520220491595,
            34.7075202204916,
            35.707520220491595,
            34.7075202204916,
            31.707520220491595,
            28.7075202204916,
            25.707520220491595,
            26.707520220491595,
            29.707520220491595,
            26.707520220491595,
            25.707520220491595,
            22.707520220491595,
            23.707520220491595,
            26.707520220491595,
            27.707520220491595,
            28.7075202204916
        ],
        "power_bs2": [
            40.730503920377245,
            37.730503920377245,
            38.730503920377245,
            35.730503920377245,
            38.730503920377245,
            39.730503920377245,
            40.730503920377245,
            37.730503920377245,
            34.730503920377245,
            31.730503920377245,
            34.730503920377245,
            33.730503920377245,
            32.73050392037724,
            35.730503920377245,
            34.730503920377245,
            33.730503920377245,
            30.730503920377245,
            31.730503920377238,
            30.730503920377245,
            33.730503920377245
        ]
    }
}