{
    "episode": 552,
    "seed": 552,
    "metrics": {
        "sinr_ue1": [
            38.43468779247957,
            35.06587912898324,
            34.824819383226256,
            40.334901913575365,
            39.59762679106274,
            44.429418051354325,
            35.97114123100901,
            25.149018505613626,
            19.95669441366966,
            18.14557916916081,
            37.07585105808743,
            30.562085749729768,
            34.07667229511018,
            37.36810726413928,
            23.35589104653282,
            22.081848159464453,
            39.35050988262867,
            36.04780078695327,
            17.711011422083867,
            17.51366952354434
        ],
        "sinr_ue2": [
            23.784365335098947,
            8.909178136464737,
            7.16720753105581,
            6.9099180200327055,
            20.26797664360238,
            1.3107532946266671,
            3.2696090685883665,
            15.568716962090916,
            21.876298816942963,
            23.670478369545176,
            4.809047960115324,
            6.636835990413646,
            18.731500645805173,
            5.106671372013032,
            16.817202345337737,
            15.910078651743172,
            3.082857377697461,
            23.769237716316674,
            21.58901452771876,
            18.95813177710651
        ],
        "power_bs1": [
            39.05370130579716,
            36.053701305797155,
            39.05370130579716,
            36.053701305797155,
            37.053701305797155,
            40.05370130579716,
            39.05370130579716,
            40.05370130579716,
            37.053701305797155,
            36.053701305797155,
            35.05370130579716,
            34.05370130579716,
            35.05370130579716,
            38.05370130579716,
            39.05370130579716,
            40.05370130579716,
            39.05370130579716,
            36.05370130579716,
            35.05370130579716,
            34.05370130579716
        ],
        "power_bs2": [
            34.45843684118345,
            33.45843684118344,
            34.45843684118345,
            31.458436841183442,
            28.458436841183445,
            29.458436841183445,
            30.458436841183442,
            27.458436841183445,
            30.458436841183442,
            31.458436841183442,
            28.458436841183445,
            29.458436841183445,
            30.458436841183442,
            31.458436841183442,
            28.458436841183445,
            31.458436841183442,
            30.458436841183442,
            31.458436841183442,
            30.458436841183442,
            29.458436841183445
        ]
    }
}