{
    "episode": 4549,
    "seed": 4549,
    "metrics": {
        "sinr_ue1": [
            26.199702700827856,
            34.10061825917759,
            31.55885445424144,
            34.63320920972321,
            36.47234991598442,
            19.710345895728402,
            17.77207617295469,
            11.993675364759717,
            9.973021115738884,
            15.734975564940177,
            32.16457436256795,
            11.949426907594987,
            34.60099893175952,
            25.867004440662022,
            27.270136572097847,
            12.031907930129947,
            11.982735578732695,
            11.884126616067041,
            23.590841946174553,
            10.106647863464184
        ],
        "sinr_ue2": [
            19.700560372759902,
            18.336835047724357,
            26.495242818789446,
            14.519218857989213,
            16.561920689437635,
            26.377915717432163,
            23.2514258412529,
            38.66371165383262,
            42.077996734381536,
            36.259966983004745,
            21.21517823784291,
            36.80435480209803,
            20.297747691432342,
            23.659120603212695,
            27.395610133921195,
            44.041975220242236,
            31.158781102028584,
            34.9382600419731,
            14.456844676069583,
            43.273300260368224
        ],
        "power_bs1": [
            33.54604212171991,
            36.54604212171991,
            35.54604212171991,
            38.54604212171991,
            39.54604212171991,
            36.54604212171991,
            35.54604212171991,
            32.54604212171991,
            29.546042121719903,
            32.54604212171991,
            31.546042121719907,
            32.54604212171991,
            35.54604212171991,
            32.54604212171991,
            31.546042121719907,
            32.54604212171991,
            31.546042121719907,
            28.546042121719903,
            25.546042121719907,
            28.546042121719903
        ],
        "power_bs2": [
            38.218856001470115,
            39.218856001470115,
            38.21885600147012,
            37.21885600147012,
            40.21885600147012,
            37.21885600147012,
            38.218856001470115,
            41.218856001470115,
            40.21885600147012,
            37.21885600147012,
            38.218856001470115,
            41.218856001470115,
            40.21885600147012,
            41.218856001470115,
            44.218856001470115,
            41.218856001470115,
            40.21885600147012,
            37.21885600147012,
            36.218856001470115,
            39.218856001470115
        ]
    }
}