{
    "episode": 2124,
    "seed": 2124,
    "metrics": {
        "sinr_ue1": [
            16.454131949028955,
            31.213523142007432,
            28.04687512581119,
            30.9239249937198,
            18.537458722945477,
            32.76617019072823,
            16.020171671894804,
            27.916428666117316,
            37.01663397218928,
            32.636421121580184,
            17.071950783260895,
            28.50601815127802,
            16.715924129332052,
            31.116281394507915,
            18.797987304555846,
            17.044725659804207,
            30.698034979109345,
            24.526746681446223,
            24.234256238998388,
            27.850300627693827
        ],
        "sinr_ue2": [
            25.601827744690254,
            10.464027609032733,
            1.4565357336079572,
            14.492530852160307,
            23.003328027401135,
            8.719621958909702,
            27.329172417400823,
            12.229595487723861,
            8.670186276912373,
            8.877912665527376,
            30.355154502236097,
            14.58616878975543,
            29.665369705617373,
            14.780898039939057,
            28.167739237301546,
            30.042307177300618,
            11.016130094610608,
            21.20471679135912,
            14.328010556064614,
            19.45976298504439
        ],
        "power_bs1": [
            36.68611911669201,
            35.686119116692005,
            38.68611911669201,
            35.686119116692005,
            38.68611911669201,
            37.68611911669201,
            34.686119116692005,
            33.686119116692005,
            36.68611911669201,
            39.686119116692005,
            38.686119116692005,
            35.686119116692005,
            36.68611911669201,
            37.68611911669201,
            38.68611911669201,
            37.68611911669201,
            40.68611911669201,
            43.68611911669201,
            42.686119116692005,
            45.686119116692005
        ],
        "power_bs2": [
            33.67453897030912,
            30.67453897030912,
            33.67453897030912,
            34.67453897030912,
            33.67453897030912,
            30.67453897030912,
            31.67453897030912,
            30.67453897030912,
            29.674538970309115,
            32.67453897030912,
            35.674538970309115,
            34.674538970309115,
            33.67453897030912,
            36.674538970309115,
            33.674538970309115,
            34.674538970309115,
            35.674538970309115,
            32.674538970309115,
            31.67453897030912,
            30.67453897030912
        ]
    }
}