{
    "episode": 4541,
    "seed": 4541,
    "metrics": {
        "sinr_ue1": [
            28.152120980419305,
            21.474628110408037,
            10.004116408621027,
            12.085353319567043,
            29.654191679840505,
            29.71533071424298,
            33.87743235052709,
            23.40816458117225,
            39.431848854578945,
            6.312586708727276,
            14.128633198441126,
            35.65384342363381,
            33.24572489295792,
            34.670194952902776,
            15.869750191809729,
            12.354107720753348,
            32.621099501945714,
            30.880701563459123,
            34.99664723014635,
            20.690213554179078
        ],
        "sinr_ue2": [
            17.567823451210987,
            32.389811424388846,
            36.78827595167169,
            38.11388704782498,
            15.781829610017413,
            17.669364409338723,
            13.700354046970116,
            25.845973263442424,
            9.57983479854244,
            25.28306226733922,
            30.87365516376508,
            11.497385083830558,
            9.566574367448688,
            13.490702558648149,
            33.32780744692463,
            31.894025030352626,
            15.522655777611302,
            15.574212932957987,
            9.616803724981542,
            23.90120843567093
        ],
        "power_bs1": [
            41.45127464434608,
            40.45127464434608,
            39.45127464434607,
            42.45127464434607,
            45.45127464434608,
            42.45127464434607,
            45.45127464434607,
            42.45127464434607,
            45.45127464434607,
            46.45127464434608,
            45.45127464434607,
            46.45127464434608,
            45.45127464434607,
            44.45127464434607,
            43.45127464434608,
            40.45127464434607,
            39.45127464434607,
            38.45127464434607,
            41.45127464434608,
            42.45127464434607
        ],
        "power_bs2": [
            42.23194745755827,
            41.23194745755828,
            42.23194745755827,
            43.23194745755828,
            44.23194745755828,
            43.23194745755828,
            42.23194745755827,
            39.23194745755828,
            38.23194745755827,
            41.23194745755828,
            44.23194745755828,
            41.23194745755828,
            38.23194745755827,
            41.23194745755828,
            40.23194745755827,
            41.23194745755828,
            38.23194745755827,
            37.23194745755827,
            34.23194745755827,
            33.23194745755827
        ]
    }
}