{
    "episode": 2327,
    "seed": 2327,
    "metrics": {
        "sinr_ue1": [
            11.514532142425455,
            29.73538178827554,
            9.58511026828328,
            11.648489972827768,
            22.447375147915743,
            11.661775293115655,
            9.667320133264507,
            7.7015153132254435,
            19.923895428825542,
            14.336343354881276,
            5.777490017987161,
            25.406427471765127,
            34.76371652192987,
            32.44303695637262,
            32.62340721842972,
            16.969907690629544,
            30.761145424195927,
            11.365841347977172,
            22.97876321260663,
            27.058757098047664
        ],
        "sinr_ue2": [
            23.206498949088825,
            14.79232082641225,
            33.69257605576203,
            29.24220341459573,
            26.354461128222955,
            32.81019863754755,
            29.68234588711929,
            23.87357078480576,
            19.93743650338559,
            20.173424171731092,
            33.60331448359756,
            14.174653694796994,
            12.368096015922937,
            30.743066196682864,
            8.618451965635346,
            23.791025498669253,
            9.993313147791529,
            29.17059478042651,
            31.57457909166313,
            9.838036111408991
        ],
        "power_bs1": [
            44.22267920603298,
            41.222679206032986,
            42.22267920603298,
            45.22267920603298,
            46.222679206032986,
            43.222679206032986,
            40.22267920603298,
            37.22267920603298,
            34.22267920603298,
            35.22267920603298,
            34.22267920603298,
            35.22267920603298,
            36.22267920603298,
            37.22267920603298,
            38.22267920603298,
            37.22267920603298,
            34.22267920603298,
            33.22267920603298,
            30.222679206032982,
            33.22267920603298
        ],
        "power_bs2": [
            45.50035794000821,
            44.500357940008215,
            45.50035794000821,
            46.500357940008215,
            45.50035794000821,
            44.500357940008215,
            43.50035794000821,
            42.500357940008215,
            43.50035794000821,
            44.500357940008215,
            41.500357940008215,
            38.500357940008215,
            37.500357940008215,
            38.500357940008215,
            35.50035794000821,
            32.500357940008215,
            33.500357940008215,
            34.500357940008215,
            33.500357940008215,
            32.500357940008215
        ]
    }
}