{
    "episode": 1558,
    "seed": 1558,
    "metrics": {
        "sinr_ue1": [
            8.935701429126146,
            18.135930111374766,
            8.938128978571168,
            20.91005929506208,
            23.46294848324899,
            6.916718017214672,
            20.22498496306572,
            30.253521438035502,
            4.716692211425334,
            16.58665107359829,
            8.714263202482316,
            25.83953640270579,
            24.577159946791227,
            12.419241955225965,
            14.288125562243437,
            12.6694771768104,
            10.741394100513402,
            10.457293947985622,
            6.7200236017262736,
            8.616420487428204
        ],
        "sinr_ue2": [
            39.834238159276005,
            25.124153989464357,
            25.34352586335187,
            36.30132501933727,
            25.236087608533392,
            27.384801478392838,
            27.14383443614804,
            23.21367356244354,
            47.18288635441936,
            34.04780524938199,
            41.28393221293003,
            25.246828773945072,
            25.25939432827023,
            37.03497840742893,
            34.706933424200834,
            37.59846502757157,
            39.40026447993241,
            39.132284576816964,
            43.02919373069659,
            44.352870727867206
        ],
        "power_bs1": [
            39.25244714856174,
            36.25244714856174,
            39.25244714856174,
            40.25244714856175,
            37.25244714856175,
            38.25244714856175,
            35.25244714856174,
            36.25244714856174,
            33.25244714856174,
            34.25244714856174,
            37.25244714856175,
            40.25244714856175,
            37.25244714856175,
            38.25244714856175,
            39.25244714856174,
            40.25244714856175,
            39.25244714856174,
            36.25244714856174,
            35.25244714856174,
            36.25244714856174
        ],
        "power_bs2": [
            43.62454873874733,
            40.624548738747336,
            43.62454873874733,
            42.62454873874732,
            41.62454873874733,
            44.62454873874733,
            41.62454873874733,
            38.62454873874733,
            41.62454873874733,
            42.62454873874732,
            41.62454873874733,
            44.62454873874733,
            41.62454873874733,
            38.62454873874733,
            37.62454873874733,
            40.62454873874732,
            41.62454873874733,
            38.62454873874733,
            41.62454873874733,
            40.62454873874732
        ]
    }
}