{
    "episode": 935,
    "seed": 935,
    "metrics": {
        "sinr_ue1": [
            52.34442449474905,
            39.969709022040576,
            51.23406748462591,
            49.43848791530449,
            51.138909991179304,
            33.220558813040675,
            41.55646825273329,
            41.82880156710447,
            42.77322209194868,
            25.57342341775231,
            25.8157119103236,
            41.234132329700984,
            32.059069570405846,
            33.817912300709516,
            27.7275747022978,
            23.7066047953195,
            42.33722687743597,
            28.10011673698737,
            31.58194431180569,
            33.715108472739544
        ],
        "sinr_ue2": [
            41.04122157623499,
            32.075613074846906,
            27.974720799258566,
            28.09377636312832,
            43.14260630335795,
            49.61032192231448,
            51.11704497714713,
            39.3431477239577,
            51.908260349732714,
            55.903093202866856,
            51.06916824875899,
            55.67717853504299,
            46.03648557006885,
            31.291582093219503,
            55.719048729446854,
            58.0162871287267,
            39.28586887917523,
            52.768284930287635,
            37.38337662855488,
            37.10750413743304
        ],
        "power_bs1": [
            40.49433429605809,
            39.4943342960581,
            40.49433429605809,
            41.4943342960581,
            38.49433429605809,
            35.4943342960581,
            32.49433429605809,
            31.4943342960581,
            34.4943342960581,
            33.49433429605809,
            30.494334296058096,
            29.494334296058096,
            32.49433429605809,
            35.49433429605809,
            32.49433429605809,
            31.494334296058092,
            32.49433429605809,
            35.49433429605809,
            34.4943342960581,
            33.49433429605809
        ],
        "power_bs2": [
            40.06874623391877,
            41.06874623391877,
            38.06874623391877,
            39.06874623391877,
            36.06874623391877,
            37.06874623391877,
            38.06874623391877,
            41.06874623391877,
            42.06874623391877,
            43.06874623391877,
            40.06874623391877,
            37.06874623391877,
            36.06874623391877,
            37.06874623391877,
            40.06874623391877,
            43.06874623391877,
            42.06874623391877,
            43.06874623391877,
            42.06874623391877,
            41.06874623391877
        ]
    }
}