{
    "episode": 2360,
    "seed": 2360,
    "metrics": {
        "sinr_ue1": [
            24.203984077272548,
            17.5503269619932,
            7.423688548773799,
            26.123972942590164,
            9.349202677287975,
            17.23434649177371,
            7.415490504885067,
            7.420049924908502,
            11.144972094080746,
            24.676670399596205,
            3.4255033464682954,
            19.6769203595627,
            1.3750564758942787,
            1.390544909877942,
            14.450836185828864,
            26.9504237662793,
            17.44761458747802,
            12.959591142470366,
            30.37915928190335,
            15.415219369496256
        ],
        "sinr_ue2": [
            22.30433748527584,
            24.33952721761355,
            32.77257350829036,
            20.326906559723223,
            32.459778552405,
            18.262192029077344,
            35.13108488680614,
            28.35393685521483,
            24.338369786545663,
            20.32727870993356,
            38.18418354454288,
            20.64954320846008,
            41.456819399552565,
            38.913879394450895,
            34.597912249409,
            16.602647770147968,
            12.650034251267073,
            21.42662206475616,
            14.403257598039348,
            12.534787541860382
        ],
        "power_bs1": [
            38.313410095125114,
            37.313410095125114,
            40.31341009512511,
            37.313410095125114,
            40.31341009512511,
            37.313410095125114,
            40.31341009512511,
            39.313410095125114,
            36.313410095125114,
            37.313410095125114,
            38.313410095125114,
            41.313410095125114,
            38.313410095125114,
            35.31341009512511,
            38.313410095125114,
            39.313410095125114,
            40.31341009512511,
            37.313410095125114,
            36.313410095125114,
            37.313410095125114
        ],
        "power_bs2": [
            41.91520391876287,
            42.91520391876287,
            39.91520391876287,
            38.91520391876287,
            37.91520391876287,
            36.91520391876287,
            39.91520391876287,
            38.91520391876287,
            41.91520391876287,
            38.91520391876287,
            41.91520391876287,
            42.91520391876287,
            43.91520391876287,
            40.91520391876287,
            37.91520391876287,
            36.91520391876287,
            33.91520391876287,
            30.91520391876287,
            31.91520391876287,
            30.91520391876287
        ]
    }
}