{
    "episode": 3945,
    "seed": 3945,
    "metrics": {
        "sinr_ue1": [
            25.34075183959859,
            22.946354375178007,
            23.657572606330586,
            24.141246283429343,
            20.15703807627557,
            24.76122550903355,
            27.617205951117562,
            11.959367885780507,
            24.61917952139374,
            8.991715899706366,
            8.963721068367098,
            6.90360794303344,
            23.388841050176858,
            4.959277145772816,
            2.8661485643858002,
            6.649146062725518,
            26.683616713831842,
            30.591278789612154,
            15.607706018192399,
            37.888274835607916
        ],
        "sinr_ue2": [
            28.428597708649313,
            37.04883791132712,
            33.994988819394,
            27.005747123740868,
            28.887195872230357,
            26.847833429053594,
            26.6687435256382,
            30.85968141432297,
            28.64436702123824,
            41.92823906289622,
            37.93031475844091,
            52.57529802777319,
            25.060169419037365,
            31.134810499981548,
            50.18511721196674,
            38.67046895221235,
            25.37055057600764,
            21.719739721821412,
            41.54965386913493,
            15.938214060482066
        ],
        "power_bs1": [
            46.03332248287018,
            45.033322482870176,
            44.03332248287018,
            45.033322482870176,
            42.03332248287018,
            43.03332248287019,
            46.03332248287018,
            45.033322482870176,
            44.03332248287018,
            45.033322482870176,
            44.03332248287018,
            41.03332248287018,
            40.033322482870176,
            37.03332248287018,
            34.03332248287018,
            35.033322482870176,
            34.03332248287018,
            37.03332248287018,
            38.03332248287018,
            39.03332248287018
        ],
        "power_bs2": [
            44.08489961163475,
            41.08489961163475,
            38.08489961163475,
            41.08489961163475,
            40.08489961163474,
            39.08489961163475,
            42.08489961163474,
            45.08489961163474,
            42.08489961163474,
            39.08489961163474,
            38.08489961163475,
            37.08489961163474,
            34.08489961163474,
            35.08489961163474,
            34.08489961163474,
            31.084899611634743,
            28.08489961163474,
            27.084899611634743,
            24.08489961163474,
            23.08489961163474
        ]
    }
}