{
    "episode": 1829,
    "seed": 1829,
    "metrics": {
        "sinr_ue1": [
            52.80546406253637,
            30.22460607293429,
            49.61945574652447,
            27.741415663367704,
            29.80234042460979,
            29.612457483226958,
            46.33332460892003,
            53.15009959650936,
            34.89483093703809,
            29.51484071255959,
            47.17633811057446,
            29.521805003644467,
            42.997057401417074,
            33.75980247360513,
            47.95698754112845,
            47.434947328490836,
            15.910781043852806,
            39.057035646156905,
            25.719529896764904,
            39.008753128020274
        ],
        "sinr_ue2": [
            26.321601518991965,
            33.77287255452057,
            17.61633256486369,
            38.83267597564039,
            32.42929951113986,
            26.745839812426333,
            30.781768797857858,
            5.475554779884282,
            24.920632099704676,
            33.600712579570164,
            22.867929164770512,
            19.14732870384872,
            26.987996429643598,
            32.71966096344781,
            21.852353484151486,
            37.579716268464125,
            38.25573547792082,
            21.25042808633605,
            42.8246311540169,
            19.414152008549756
        ],
        "power_bs1": [
            42.41798031698167,
            43.41798031698168,
            40.41798031698167,
            37.41798031698167,
            34.41798031698167,
            35.41798031698167,
            36.41798031698167,
            39.41798031698167,
            36.41798031698167,
            33.41798031698167,
            36.41798031698167,
            33.41798031698167,
            30.41798031698167,
            33.41798031698167,
            32.41798031698167,
            31.41798031698167,
            28.41798031698167,
            31.41798031698167,
            34.41798031698167,
            35.41798031698167
        ],
        "power_bs2": [
            39.35307239482553,
            42.353072394825524,
            41.35307239482553,
            38.353072394825524,
            35.353072394825524,
            34.353072394825524,
            31.353072394825524,
            28.353072394825524,
            29.353072394825524,
            32.353072394825524,
            35.353072394825524,
            32.353072394825524,
            29.353072394825524,
            32.353072394825524,
            29.353072394825524,
            30.353072394825524,
            33.353072394825524,
            36.35307239482552,
            37.353072394825524,
            38.353072394825524
        ]
    }
}