{
    "episode": 77,
    "seed": 77,
    "metrics": {
        "sinr_ue1": [
            12.408633305587317,
            15.931578660357617,
            35.02699579240812,
            19.69716974094988,
            23.08278685297301,
            42.7373678098091,
            35.78086197166964,
            33.0682270962986,
            33.45698984363675,
            34.45482894118833,
            29.037416717757143,
            14.58597033073071,
            21.54756633976437,
            10.617033630381137,
            12.21778528274612,
            32.28617484243549,
            11.132304298666106,
            25.06848405769685,
            6.297999259603318,
            23.274394422474494
        ],
        "sinr_ue2": [
            37.57841714188933,
            37.35322718256946,
            13.873981819352753,
            33.265155814335714,
            22.95504011054049,
            8.04229111097104,
            13.164805672573955,
            13.916968679387615,
            17.796792483499694,
            15.76727467864549,
            15.339368162148734,
            28.152167011570977,
            28.189514028000218,
            37.276566030845785,
            36.43717096884946,
            16.01006127915422,
            36.94855576890212,
            16.738241518449982,
            37.19787496543232,
            16.67500581070957
        ],
        "power_bs1": [
            34.273001042728794,
            35.273001042728794,
            36.273001042728794,
            35.273001042728794,
            38.273001042728794,
            39.273001042728794,
            42.27300104272879,
            39.273001042728794,
            38.273001042728794,
            37.273001042728794,
            34.273001042728794,
            31.273001042728794,
            28.273001042728794,
            27.273001042728794,
            28.273001042728794,
            29.27300104272879,
            26.273001042728794,
            23.27300104272879,
            22.273001042728787,
            23.273001042728794
        ],
        "power_bs2": [
            37.4264222299015,
            34.4264222299015,
            31.426422229901494,
            28.426422229901497,
            27.426422229901494,
            28.426422229901497,
            31.426422229901494,
            34.4264222299015,
            37.4264222299015,
            34.42642222990149,
            31.426422229901494,
            30.426422229901494,
            31.426422229901494,
            30.426422229901494,
            29.42642222990149,
            28.426422229901497,
            27.426422229901494,
            26.426422229901494,
            29.42642222990149,
            26.426422229901494
        ]
    }
}