{
    "episode": 184,
    "seed": 184,
    "metrics": {
        "sinr_ue1": [
            32.81513619460015,
            11.954897321758974,
            12.138459530446488,
            12.034258977419327,
            22.497832965144482,
            13.972689557219569,
            10.022021829528052,
            10.802122716266302,
            12.02092447872003,
            12.03338053334615,
            22.776937724966636,
            4.019930568172746,
            21.326412508089177,
            26.418215360826878,
            30.13531279771311,
            27.42169246924319,
            6.043948715404248,
            5.872548714886471,
            17.824911505979628,
            27.76360688811973
        ],
        "sinr_ue2": [
            11.175533634510114,
            27.10888646270552,
            26.362952944383615,
            29.585493739403184,
            7.04689979809313,
            23.380239912163574,
            32.67642843437318,
            30.733357757004303,
            30.377646305643857,
            34.473329423455326,
            19.001885719902138,
            32.95726878375169,
            18.73970955616337,
            16.987648886367765,
            32.00152875215869,
            38.126952462980064,
            37.51388881883065,
            36.00769875969986,
            19.093232609510938,
            15.129961013495127
        ],
        "power_bs1": [
            37.05470251913678,
            38.05470251913678,
            41.05470251913679,
            38.05470251913678,
            37.05470251913678,
            40.05470251913678,
            37.05470251913678,
            40.05470251913678,
            39.05470251913678,
            40.05470251913678,
            37.05470251913678,
            34.05470251913678,
            33.05470251913678,
            36.05470251913678,
            33.05470251913678,
            36.05470251913678,
            35.05470251913678,
            32.05470251913678,
            35.05470251913678,
            38.05470251913678
        ],
        "power_bs2": [
            36.128890579868575,
            39.128890579868575,
            42.128890579868575,
            39.128890579868575,
            40.128890579868575,
            39.128890579868575,
            40.128890579868575,
            43.128890579868575,
            40.128890579868575,
            41.12889057986857,
            44.12889057986858,
            43.128890579868575,
            40.128890579868575,
            41.12889057986857,
            40.128890579868575,
            43.128890579868575,
            42.128890579868575,
            39.12889057986857,
            42.12889057986857,
            41.12889057986857
        ]
    }
}