{
    "episode": 3501,
    "seed": 3501,
    "metrics": {
        "sinr_ue1": [
            43.55800919805854,
            50.485500254822895,
            32.044255027085555,
            46.65822648590486,
            24.18561820255297,
            44.9361077197197,
            35.62702504742545,
            26.49341980101335,
            34.8586308764336,
            30.425711382552684,
            48.00150674309761,
            42.53047857045477,
            48.02422851751644,
            28.53925729415532,
            33.2705822087981,
            47.64987848989285,
            30.004976188487092,
            27.785596305390243,
            29.75432837629921,
            48.24115652385257
        ],
        "sinr_ue2": [
            6.807485768653072,
            4.965906305225335,
            15.692897700382197,
            8.994856938575484,
            17.17178282746262,
            10.978052700483632,
            16.866688189650766,
            30.355497026899954,
            8.29485838750041,
            8.92464042084871,
            18.64683434551664,
            23.723344706954876,
            8.758642834815536,
            25.272262563537122,
            10.59755719305096,
            8.468332887931304,
            23.205852443157116,
            29.059639039584347,
            8.628122078157013,
            10.240169340775957
        ],
        "power_bs1": [
            40.33225922655333,
            43.33225922655333,
            44.332259226553326,
            45.33225922655333,
            42.332259226553326,
            45.33225922655333,
            42.332259226553326,
            43.33225922655333,
            42.332259226553326,
            45.33225922655333,
            42.332259226553326,
            41.33225922655333,
            40.33225922655333,
            41.33225922655333,
            38.332259226553326,
            37.33225922655333,
            38.33225922655333,
            35.332259226553326,
            38.332259226553326,
            35.332259226553326
        ],
        "power_bs2": [
            34.60580178204148,
            35.60580178204148,
            38.60580178204148,
            41.60580178204148,
            44.605801782041475,
            43.60580178204148,
            46.60580178204148,
            43.60580178204148,
            40.60580178204148,
            41.60580178204148,
            38.60580178204148,
            39.60580178204148,
            36.60580178204148,
            39.605801782041475,
            36.60580178204148,
            33.605801782041475,
            34.605801782041475,
            33.605801782041475,
            34.605801782041475,
            33.605801782041475
        ]
    }
}