{
    "episode": 24,
    "seed": 24,
    "metrics": {
        "sinr_ue1": [
            28.941587736365662,
            32.11747684539358,
            11.283501308686423,
            32.26071174890455,
            29.307772511695738,
            29.47550231750428,
            29.929444298154376,
            41.249398407103605,
            28.42767474392729,
            20.23816898138747,
            19.9414434062443,
            20.233632225591677,
            20.795097696003385,
            20.327690917740675,
            18.576852164752054,
            20.71739101787633,
            29.05123174986665,
            39.469512157545275,
            26.243711389957927,
            22.47912758896763
        ],
        "sinr_ue2": [
            40.38033315071342,
            23.370925301159943,
            36.19148028997217,
            24.986163048732667,
            25.010455022275444,
            26.805155135320426,
            22.621826253334397,
            27.316206362617528,
            18.56270996520648,
            30.103458141474803,
            18.502754213078994,
            30.513037249522085,
            16.423992219247395,
            28.091609119919546,
            39.67811648561754,
            30.77428007727089,
            14.38136451774772,
            8.589083076752521,
            25.744308378068244,
            33.2636573928377
        ],
        "power_bs1": [
            44.42237379793987,
            43.42237379793987,
            42.42237379793987,
            43.42237379793987,
            40.422373797939876,
            39.42237379793987,
            40.422373797939876,
            43.42237379793987,
            40.42237379793987,
            39.42237379793987,
            38.42237379793987,
            39.42237379793987,
            42.42237379793987,
            39.42237379793987,
            38.42237379793987,
            41.42237379793987,
            40.42237379793987,
            43.42237379793987,
            44.42237379793987,
            41.42237379793987
        ],
        "power_bs2": [
            44.33147348248461,
            43.331473482484604,
            46.331473482484604,
            45.33147348248461,
            42.33147348248461,
            43.331473482484604,
            40.33147348248461,
            37.33147348248461,
            36.33147348248461,
            33.331473482484604,
            32.331473482484604,
            33.331473482484604,
            36.33147348248461,
            33.331473482484604,
            34.331473482484604,
            35.33147348248461,
            32.331473482484604,
            29.331473482484608,
            32.331473482484604,
            33.331473482484604
        ]
    }
}