{
    "episode": 3258,
    "seed": 3258,
    "metrics": {
        "sinr_ue1": [
            6.822907516461053,
            6.870847418936092,
            25.777909304894337,
            10.43548466756798,
            25.62478136539166,
            26.234858623569263,
            20.915891487256832,
            32.02000139330936,
            35.38337800135719,
            28.730766982489758,
            31.894672252366306,
            11.380771222783626,
            9.271533000054637,
            18.73301047590438,
            23.996269310220022,
            7.264650919468347,
            9.172056102821598,
            11.067455422226542,
            32.36047302659888,
            30.21221124153589
        ],
        "sinr_ue2": [
            53.5923195899478,
            51.478347308698645,
            36.20487766815677,
            36.17959876210959,
            32.587084084368286,
            28.466695995397423,
            41.13635231597888,
            35.58332704447372,
            26.103843035282438,
            28.39991618800564,
            32.43452481727841,
            49.56953826491039,
            54.38000175584206,
            48.58875226327328,
            37.7519545093526,
            55.25225144012328,
            50.38486644864106,
            46.29945326986619,
            33.82459538685518,
            33.14056168540773
        ],
        "power_bs1": [
            40.170854018458506,
            39.170854018458506,
            38.170854018458506,
            37.170854018458506,
            40.170854018458506,
            41.1708540184585,
            42.1708540184585,
            43.170854018458506,
            42.1708540184585,
            39.170854018458506,
            38.170854018458506,
            39.170854018458506,
            38.170854018458506,
            35.1708540184585,
            36.1708540184585,
            39.170854018458506,
            38.170854018458506,
            39.170854018458506,
            42.1708540184585,
            39.1708540184585
        ],
        "power_bs2": [
            43.0422435566505,
            42.042243556650504,
            39.0422435566505,
            38.042243556650504,
            37.042243556650504,
            34.0422435566505,
            31.0422435566505,
            34.0422435566505,
            33.0422435566505,
            32.042243556650504,
            35.042243556650504,
            38.0422435566505,
            39.0422435566505,
            40.042243556650504,
            39.0422435566505,
            42.042243556650504,
            39.0422435566505,
            38.0422435566505,
            35.042243556650504,
            38.0422435566505
        ]
    }
}