{
    "episode": 2203,
    "seed": 2203,
    "metrics": {
        "sinr_ue1": [
            22.828768952280715,
            21.896643530915846,
            40.296774953336616,
            23.876318995974046,
            22.618210231206717,
            23.017089080115802,
            37.10427036575079,
            19.15519229760369,
            34.453748958225134,
            19.24626970646893,
            17.219019765208998,
            31.487911760527542,
            28.246140925626158,
            14.917215486694618,
            11.033198201752947,
            16.877291496820714,
            16.965641154371585,
            26.433009229732907,
            24.042952248010785,
            16.928240902933588
        ],
        "sinr_ue2": [
            24.52401226806002,
            26.86027347945911,
            4.599989645616916,
            14.646172069060146,
            17.244966742239733,
            25.780112705935544,
            10.733917257038119,
            31.547138130785584,
            14.692755916836465,
            26.497296092135542,
            31.800373236042027,
            22.07052076205812,
            10.468087987112678,
            32.29403897264023,
            36.82602248144083,
            34.68135612513511,
            32.12834411091053,
            20.289820770918368,
            19.798624895597253,
            28.153245392216167
        ],
        "power_bs1": [
            32.81521037857719,
            29.81521037857719,
            32.81521037857719,
            31.81521037857719,
            32.81521037857719,
            35.81521037857719,
            32.81521037857719,
            33.81521037857719,
            34.81521037857719,
            35.81521037857719,
            34.81521037857719,
            31.81521037857719,
            34.81521037857719,
            31.815210378577188,
            28.81521037857719,
            31.815210378577188,
            32.81521037857719,
            29.81521037857719,
            26.815210378577188,
            29.815210378577184
        ],
        "power_bs2": [
            31.76487559621727,
            28.764875596217266,
            27.764875596217266,
            28.764875596217266,
            31.764875596217266,
            34.764875596217266,
            33.764875596217266,
            36.764875596217266,
            39.764875596217266,
            38.764875596217266,
            39.764875596217266,
            38.764875596217266,
            35.764875596217266,
            38.764875596217266,
            39.764875596217266,
            36.764875596217266,
            37.764875596217266,
            40.764875596217266,
            37.764875596217266,
            34.764875596217266
        ]
    }
}