{
    "episode": 2412,
    "seed": 2412,
    "metrics": {
        "sinr_ue1": [
            23.006970820991025,
            26.127952068099912,
            10.638072562485497,
            21.763574808560307,
            16.482090954772733,
            6.614245542715756,
            20.110103723351056,
            22.776614589738678,
            17.87933769637831,
            19.733980047176324,
            21.236849916295427,
            6.613818471364967,
            8.692773189652312,
            6.706096504980663,
            25.84968701297434,
            21.541299728489033,
            16.579395856282893,
            16.419565391746804,
            26.561187444660668,
            20.177231751158917
        ],
        "sinr_ue2": [
            12.6436847295888,
            6.720927461896087,
            16.21371372816088,
            25.4237842678692,
            14.587408688363599,
            31.978766269224362,
            12.744711434690494,
            12.638899296959135,
            16.389917789438492,
            16.354829964584408,
            16.551795631389513,
            24.527376065188573,
            30.524301584327386,
            29.94756127261805,
            26.520670861831142,
            6.775834754379612,
            22.663417730238685,
            22.53843332311455,
            4.7156053931659585,
            18.237354185100557
        ],
        "power_bs1": [
            34.58813167434149,
            37.58813167434149,
            38.58813167434149,
            37.58813167434149,
            40.58813167434149,
            37.58813167434149,
            36.58813167434149,
            35.58813167434149,
            32.58813167434149,
            31.58813167434149,
            34.58813167434149,
            37.58813167434149,
            38.58813167434149,
            39.58813167434149,
            42.58813167434149,
            41.58813167434148,
            42.58813167434149,
            39.58813167434149,
            36.58813167434149,
            39.58813167434149
        ],
        "power_bs2": [
            38.446272321459624,
            35.446272321459624,
            38.446272321459624,
            39.446272321459624,
            40.446272321459624,
            41.44627232145963,
            40.446272321459624,
            39.446272321459624,
            40.446272321459624,
            39.446272321459624,
            42.446272321459624,
            41.44627232145963,
            40.446272321459624,
            43.44627232145962,
            40.446272321459624,
            39.446272321459624,
            36.446272321459624,
            33.44627232145962,
            32.446272321459624,
            29.44627232145962
        ]
    }
}