{
    "episode": 4623,
    "seed": 4623,
    "metrics": {
        "sinr_ue1": [
            15.614165615491764,
            15.734632308950282,
            13.851498607007526,
            26.969447892984224,
            8.093307327354697,
            10.102643292311173,
            29.897301302405737,
            22.55482860808721,
            15.992067815055224,
            7.983992698270839,
            10.112120803429097,
            31.535752098504176,
            20.3460540837089,
            30.015258114146643,
            33.71998874518062,
            39.150659379603574,
            32.2050855323812,
            34.575536377308495,
            33.73681700214617,
            21.87540820989699
        ],
        "sinr_ue2": [
            28.92067054728637,
            32.6700665515463,
            35.11260386126304,
            17.132434317289242,
            26.440162125476945,
            39.86207611030747,
            19.409237294500038,
            24.26592244457952,
            21.770390742950486,
            40.6068803374627,
            25.487489379818847,
            17.077467926316938,
            33.50309599076225,
            15.085449021702592,
            13.800910166686348,
            9.051482494840567,
            12.666261297782542,
            13.60517919678701,
            10.197016754572761,
            10.492935504351607
        ],
        "power_bs1": [
            37.746118539193304,
            36.746118539193304,
            33.746118539193304,
            32.746118539193304,
            29.746118539193304,
            30.746118539193304,
            33.746118539193304,
            30.746118539193304,
            29.746118539193304,
            28.7461185391933,
            31.7461185391933,
            32.746118539193304,
            31.7461185391933,
            32.746118539193304,
            29.746118539193304,
            32.746118539193304,
            31.7461185391933,
            34.746118539193304,
            37.746118539193304,
            40.7461185391933
        ],
        "power_bs2": [
            41.85725332621689,
            40.857253326216885,
            39.85725332621689,
            38.857253326216885,
            41.85725332621689,
            40.857253326216885,
            41.85725332621689,
            44.85725332621689,
            41.85725332621689,
            40.857253326216885,
            41.85725332621689,
            38.857253326216885,
            37.857253326216885,
            36.857253326216885,
            33.857253326216885,
            30.857253326216885,
            33.857253326216885,
            36.857253326216885,
            35.857253326216885,
            38.857253326216885
        ]
    }
}