{
    "episode": 4484,
    "seed": 4484,
    "metrics": {
        "sinr_ue1": [
            32.03672167031546,
            13.364920606355582,
            29.91885521594396,
            15.354464220727017,
            17.23503587623741,
            39.8607300375141,
            33.302973092015876,
            15.412918163031486,
            32.66743949738246,
            28.325512285183706,
            33.02974249603895,
            9.583290469885489,
            19.022531072075026,
            30.82685184191527,
            20.78758455299621,
            3.5654963693498773,
            9.533358623528086,
            32.80674516264672,
            27.39473187027211,
            22.841667707652036
        ],
        "sinr_ue2": [
            12.828389730452415,
            30.711149649470002,
            11.038805931854919,
            31.996034272245637,
            24.128394461584172,
            7.147013570445,
            11.068068514530383,
            11.121416675630302,
            13.182532062368274,
            13.145849594649604,
            15.135991554698105,
            31.73039082788935,
            19.180301237322105,
            13.221225350766353,
            19.21463033095632,
            35.30519666497939,
            30.820542116938803,
            28.260418345523398,
            9.223375930353296,
            5.217645022296864
        ],
        "power_bs1": [
            33.964409056436374,
            36.964409056436374,
            37.964409056436374,
            38.964409056436374,
            39.964409056436374,
            40.96440905643638,
            37.964409056436374,
            40.96440905643638,
            39.964409056436374,
            38.964409056436374,
            39.964409056436374,
            36.964409056436374,
            35.964409056436374,
            38.964409056436374,
            35.964409056436374,
            32.96440905643637,
            35.964409056436374,
            38.964409056436374,
            41.964409056436374,
            42.96440905643637
        ],
        "power_bs2": [
            37.142955343208236,
            40.142955343208236,
            39.14295534320823,
            40.142955343208236,
            39.14295534320823,
            38.14295534320823,
            39.14295534320823,
            42.14295534320823,
            43.142955343208236,
            42.14295534320823,
            45.14295534320823,
            44.14295534320823,
            45.14295534320823,
            42.14295534320823,
            45.14295534320823,
            46.142955343208236,
            43.14295534320823,
            40.14295534320823,
            41.142955343208236,
            38.14295534320823
        ]
    }
}