{
    "episode": 654,
    "seed": 654,
    "metrics": {
        "sinr_ue1": [
            39.71923158930817,
            25.28562242577334,
            43.06764153807266,
            39.817972481385674,
            39.21740423800446,
            22.97005774337734,
            43.49055573449269,
            39.34040400556445,
            48.95288437133105,
            37.107707279661255,
            35.70199604228752,
            22.98538920767587,
            34.56734336949288,
            20.407275755434718,
            34.47480420622027,
            13.537749446575818,
            9.769980346579633,
            25.405682799091164,
            7.77487297411782,
            3.7647343491477816
        ],
        "sinr_ue2": [
            5.3213453819412635,
            19.43477206543251,
            5.265776942363924,
            21.599264032080594,
            7.049392958239769,
            19.414743757845056,
            7.2058825394910455,
            9.099615001254449,
            3.2076594567677157,
            3.168221096264232,
            17.259795679734456,
            23.211523978933528,
            7.0286175110893545,
            23.51264176986583,
            12.59844244674654,
            34.303808286292885,
            36.257283440399355,
            34.193210974185995,
            25.750799080827885,
            39.262817994835764
        ],
        "power_bs1": [
            40.60619098881301,
            41.60619098881301,
            38.60619098881301,
            37.60619098881301,
            36.60619098881301,
            37.60619098881301,
            38.60619098881302,
            37.60619098881301,
            40.60619098881301,
            41.60619098881301,
            38.60619098881301,
            37.60619098881301,
            36.60619098881301,
            33.60619098881301,
            32.60619098881301,
            31.606190988813015,
            30.60619098881301,
            27.60619098881301,
            28.60619098881301,
            25.60619098881301
        ],
        "power_bs2": [
            32.73624790825042,
            33.73624790825042,
            30.73624790825042,
            27.73624790825042,
            30.73624790825042,
            31.73624790825042,
            32.73624790825042,
            33.73624790825042,
            30.73624790825042,
            31.73624790825042,
            32.73624790825042,
            31.73624790825042,
            30.73624790825042,
            29.73624790825042,
            32.73624790825042,
            35.73624790825042,
            38.73624790825042,
            35.73624790825042,
            38.73624790825042,
            39.73624790825042
        ]
    }
}