{
    "episode": 3401,
    "seed": 3401,
    "metrics": {
        "sinr_ue1": [
            6.862774159423186,
            25.098620903551087,
            17.374660260290785,
            37.841302875497036,
            18.333033379358735,
            26.5664426806361,
            21.986720942864476,
            18.478828049244264,
            33.45056785905238,
            32.654416516575026,
            28.081489006830655,
            12.729688233447124,
            24.721428133022954,
            31.656470173232695,
            32.29797737394576,
            20.3733584470003,
            35.42972257125938,
            37.22854084793798,
            24.287199645114796,
            22.47349652502489
        ],
        "sinr_ue2": [
            38.40137065281466,
            34.36320096272525,
            35.02963363204749,
            10.959753467564294,
            22.773316492426396,
            8.916764255406814,
            22.482758539161985,
            26.446851122293413,
            10.47111719275158,
            12.289342471408897,
            15.611058748024945,
            30.449566396921945,
            26.671651265309162,
            10.713085596476244,
            29.433363242690227,
            10.594165285396764,
            6.825951795601023,
            6.91105992887545,
            18.589282767162768,
            19.42161623093012
        ],
        "power_bs1": [
            36.11517492434133,
            37.11517492434134,
            40.11517492434134,
            43.11517492434134,
            40.11517492434134,
            43.11517492434134,
            42.11517492434133,
            41.11517492434133,
            38.11517492434133,
            37.11517492434134,
            34.11517492434133,
            37.11517492434133,
            38.11517492434133,
            41.11517492434133,
            42.11517492434133,
            39.11517492434133,
            42.11517492434133,
            43.11517492434134,
            46.11517492434133,
            45.11517492434133
        ],
        "power_bs2": [
            44.60933900819168,
            43.60933900819169,
            42.60933900819168,
            39.60933900819168,
            36.60933900819168,
            37.60933900819168,
            34.60933900819168,
            37.60933900819168,
            34.60933900819168,
            35.60933900819168,
            36.60933900819168,
            39.60933900819168,
            38.60933900819168,
            37.60933900819168,
            38.60933900819168,
            35.60933900819168,
            34.60933900819168,
            35.60933900819168,
            36.60933900819168,
            37.60933900819168
        ]
    }
}