{
    "episode": 1432,
    "seed": 1432,
    "metrics": {
        "sinr_ue1": [
            25.558432994398924,
            12.993027688495573,
            33.294829452913106,
            35.75222059403589,
            19.07877908215033,
            23.01395349026363,
            22.767110978409285,
            22.7618461453365,
            38.64124135582494,
            38.00712274542822,
            42.86272525660344,
            44.974346520839234,
            44.434127485838815,
            25.67450796683878,
            29.415886482752374,
            49.14115484281212,
            33.63125616851608,
            42.607727206538534,
            46.33549209084773,
            27.867243387537066
        ],
        "sinr_ue2": [
            19.773293264409716,
            35.12714294421802,
            12.054878507781694,
            18.55981433755725,
            32.158669181898524,
            22.08245550417478,
            22.074749010707425,
            20.754490127624766,
            6.109551174385769,
            4.492555802577838,
            4.846482016967323,
            4.512049713068818,
            5.48118114038445,
            20.495515048007896,
            13.470097140827795,
            0.45982976158114697,
            15.437597879255867,
            14.78422660974701,
            4.3390669190687765,
            4.478103936951266
        ],
        "power_bs1": [
            36.73397759259801,
            35.73397759259801,
            38.73397759259801,
            35.73397759259801,
            32.733977592598,
            33.73397759259801,
            30.73397759259801,
            31.733977592598002,
            30.73397759259801,
            31.733977592598002,
            32.733977592598,
            31.733977592598002,
            34.73397759259801,
            37.733977592598,
            38.73397759259801,
            41.733977592598,
            42.73397759259801,
            39.73397759259801,
            40.73397759259801,
            43.73397759259801
        ],
        "power_bs2": [
            43.59248656150682,
            40.5924865615068,
            37.59248656150681,
            34.59248656150681,
            31.592486561506806,
            28.59248656150681,
            25.592486561506806,
            26.592486561506806,
            25.592486561506806,
            24.59248656150681,
            25.59248656150681,
            24.59248656150681,
            27.59248656150681,
            30.592486561506806,
            27.59248656150681,
            28.59248656150681,
            27.59248656150681,
            30.592486561506806,
            31.592486561506806,
            34.5924865615068
        ]
    }
}