{
    "episode": 1870,
    "seed": 1870,
    "metrics": {
        "sinr_ue1": [
            30.849913992716647,
            30.030254385223998,
            9.580150757742446,
            20.03882453053714,
            3.594587604908528,
            21.701682710157275,
            30.11375302006119,
            9.330267288978405,
            15.641085837389209,
            7.187338436648653,
            5.104781071045009,
            17.027250086252575,
            5.2957839005379,
            9.145322957539445,
            24.614165517039602,
            32.45566243544347,
            15.384577499574197,
            11.562162791318784,
            22.73521748143008,
            28.73494769698634
        ],
        "sinr_ue2": [
            7.06170362082241,
            6.870417844023294,
            27.84828564202992,
            14.260912153826517,
            31.536581063931234,
            12.666729126114355,
            11.001228609333014,
            29.18409277295503,
            12.497197257626755,
            29.659918417089976,
            34.53529109705835,
            15.836993556706416,
            35.77355252671569,
            22.16959222438711,
            6.570436160638277,
            4.759291713650392,
            5.116947037158017,
            26.04454589115399,
            25.474213586795273,
            8.862131891085678
        ],
        "power_bs1": [
            41.93403567946647,
            38.934035679466476,
            35.934035679466476,
            34.934035679466476,
            35.934035679466476,
            36.934035679466476,
            39.934035679466476,
            38.934035679466476,
            35.934035679466476,
            32.93403567946647,
            33.934035679466476,
            32.93403567946647,
            31.93403567946647,
            32.93403567946647,
            35.934035679466476,
            36.93403567946647,
            39.934035679466476,
            38.934035679466476,
            35.93403567946647,
            36.93403567946647
        ],
        "power_bs2": [
            36.87239531637965,
            33.87239531637965,
            34.87239531637965,
            37.872395316379645,
            40.87239531637965,
            37.872395316379645,
            38.87239531637965,
            37.872395316379645,
            36.87239531637965,
            33.87239531637965,
            36.87239531637965,
            37.872395316379645,
            34.87239531637965,
            31.872395316379645,
            30.872395316379652,
            29.87239531637965,
            32.872395316379645,
            35.87239531637965,
            34.87239531637965,
            33.87239531637965
        ]
    }
}