{
    "episode": 1929,
    "seed": 1929,
    "metrics": {
        "sinr_ue1": [
            36.324437706376465,
            26.909375897743033,
            13.067660121329837,
            7.163528756744278,
            26.13762530731631,
            7.130333925387068,
            26.24237880418001,
            0.08866250389415317,
            9.072202076442608,
            30.637670036292075,
            28.978723611936203,
            22.942797754888915,
            13.030928753139309,
            15.041383166449425,
            19.015772630250684,
            44.477904895062686,
            33.18702315681291,
            33.051181414990616,
            31.60959104839396,
            36.08655306466753
        ],
        "sinr_ue2": [
            10.671069111564579,
            27.430091016653382,
            25.50471874242858,
            34.711489608148305,
            20.351261698392502,
            36.99636469392307,
            17.677907526267592,
            38.71640467662885,
            39.66421977344136,
            12.30356120074669,
            14.415695164609206,
            16.315780507414136,
            26.752608437764938,
            28.380750258177972,
            26.347851326854226,
            4.916161547356644,
            8.839982082176407,
            8.750163085634515,
            10.850476180404115,
            10.851564834492752
        ],
        "power_bs1": [
            38.93396257569383,
            37.93396257569383,
            36.93396257569383,
            33.93396257569383,
            34.93396257569383,
            31.93396257569383,
            30.933962575693833,
            31.93396257569383,
            30.933962575693833,
            33.93396257569383,
            34.93396257569383,
            33.93396257569383,
            36.93396257569383,
            37.93396257569383,
            40.933962575693826,
            41.93396257569383,
            40.933962575693826,
            37.93396257569383,
            38.93396257569383,
            39.93396257569383
        ],
        "power_bs2": [
            38.476545736546484,
            37.476545736546484,
            40.476545736546484,
            43.476545736546484,
            44.476545736546484,
            41.476545736546484,
            38.476545736546484,
            39.476545736546484,
            38.476545736546484,
            35.476545736546484,
            38.476545736546484,
            39.476545736546484,
            40.47654573654648,
            39.476545736546484,
            38.476545736546484,
            35.476545736546484,
            38.476545736546484,
            35.476545736546484,
            38.476545736546484,
            39.476545736546484
        ]
    }
}