{
    "episode": 1087,
    "seed": 1087,
    "metrics": {
        "sinr_ue1": [
            11.565636284843823,
            21.871633294703486,
            19.42212399255027,
            15.573328834524238,
            25.55952859734459,
            15.34171779091029,
            15.464946374223397,
            31.486494455266318,
            36.150420375557786,
            19.436982808132708,
            21.106445435522968,
            38.18781196680709,
            19.147508672395166,
            17.209508387780037,
            25.513377378428878,
            32.53582031657604,
            24.811105474732152,
            21.01482091710066,
            30.466885121625715,
            13.589311956799799
        ],
        "sinr_ue2": [
            35.01078766343767,
            17.313284142562928,
            32.077108116354985,
            33.20792347535193,
            17.546133084746614,
            37.48194666836221,
            36.94041280745142,
            17.19033418451813,
            32.761613403380196,
            31.82042979923695,
            26.591648187787143,
            9.343537127797298,
            26.460811832247565,
            29.32727379836968,
            17.195752679579094,
            13.398601305017937,
            15.539313890140317,
            29.04124213371796,
            13.557784005637858,
            32.09476435017839
        ],
        "power_bs1": [
            39.442364960151394,
            42.442364960151394,
            43.442364960151394,
            42.442364960151394,
            43.442364960151394,
            40.44236496015139,
            41.442364960151394,
            40.44236496015139,
            43.442364960151394,
            44.442364960151394,
            43.442364960151394,
            44.442364960151394,
            41.442364960151394,
            40.44236496015139,
            37.442364960151394,
            40.44236496015139,
            41.442364960151394,
            42.442364960151394,
            43.44236496015139,
            40.44236496015139
        ],
        "power_bs2": [
            36.58367693785245,
            35.583676937852445,
            32.58367693785245,
            35.583676937852445,
            36.58367693785245,
            33.58367693785245,
            34.58367693785245,
            33.58367693785245,
            34.58367693785245,
            33.58367693785245,
            30.58367693785245,
            29.58367693785245,
            30.58367693785245,
            31.58367693785245,
            30.58367693785245,
            29.58367693785245,
            32.58367693785245,
            29.58367693785245,
            32.58367693785245,
            35.583676937852445
        ]
    }
}