{
    "episode": 3835,
    "seed": 3835,
    "metrics": {
        "sinr_ue1": [
            33.630212052572865,
            24.81775411575604,
            11.524667856013213,
            15.276390539853171,
            15.524127768381897,
            11.718254724889013,
            29.882499115812756,
            13.741960477551974,
            17.547563488915728,
            13.649050175650537,
            35.75696732715979,
            39.41758520194139,
            20.361562180278927,
            39.75696588079899,
            37.85908464646668,
            35.10486470798081,
            20.269449260412557,
            15.023741463536911,
            15.155449727659693,
            32.01520715427599
        ],
        "sinr_ue2": [
            19.47703782039302,
            14.799677627358072,
            30.78235581579129,
            27.117112223038518,
            9.270140458438581,
            26.924779316195597,
            13.40111131751858,
            22.583115120057652,
            26.69167560115991,
            16.452578383587273,
            7.304134149855564,
            3.3964013917937166,
            20.82940052773943,
            1.1453496086278274,
            5.033688005082713,
            23.601837452515394,
            14.138043696167525,
            24.975153877323095,
            26.466709575001445,
            5.154534358325429
        ],
        "power_bs1": [
            40.37033347454259,
            37.37033347454259,
            36.37033347454259,
            37.37033347454259,
            40.37033347454258,
            39.37033347454259,
            42.37033347454258,
            41.37033347454259,
            42.37033347454258,
            39.37033347454259,
            40.37033347454259,
            41.37033347454259,
            38.37033347454259,
            39.37033347454259,
            38.37033347454259,
            39.37033347454259,
            38.37033347454259,
            35.37033347454259,
            36.37033347454259,
            39.37033347454259
        ],
        "power_bs2": [
            39.610821372042466,
            42.610821372042466,
            39.610821372042466,
            36.61082137204246,
            39.610821372042466,
            42.610821372042466,
            45.61082137204246,
            42.610821372042466,
            39.61082137204246,
            40.61082137204246,
            37.610821372042466,
            34.61082137204246,
            31.610821372042462,
            30.61082137204246,
            33.61082137204246,
            32.610821372042466,
            31.610821372042462,
            34.61082137204246,
            35.61082137204246,
            34.61082137204246
        ]
    }
}