{
    "episode": 4148,
    "seed": 4148,
    "metrics": {
        "sinr_ue1": [
            30.681145300029982,
            47.07001879527291,
            28.51649538037945,
            42.97410365001731,
            36.524167127053936,
            48.83558719034301,
            51.939388403712464,
            46.7632886335888,
            36.767826710980486,
            47.94129677313957,
            36.424887772247146,
            34.98783059851916,
            40.13117367488555,
            55.15377070237165,
            51.90898278658038,
            47.43007818505344,
            54.20112945965917,
            30.365349904153327,
            49.1752866875357,
            36.201516827552254
        ],
        "sinr_ue2": [
            36.091357362384244,
            19.005995625504063,
            39.496357899194805,
            21.0331407790543,
            24.457454069495096,
            19.028730790100486,
            30.153813022857022,
            17.124299316267965,
            26.52520187589856,
            13.513371853028886,
            30.052455935214788,
            18.434395960133585,
            34.54354010358186,
            9.409929061429743,
            29.179775871052836,
            17.138280421026614,
            13.275793273051297,
            39.16380862758837,
            17.3303501602868,
            34.200050995211065
        ],
        "power_bs1": [
            35.012212790772395,
            32.012212790772395,
            31.012212790772395,
            32.012212790772395,
            29.012212790772395,
            32.012212790772395,
            35.012212790772395,
            34.012212790772395,
            37.012212790772395,
            38.012212790772395,
            37.012212790772395,
            40.012212790772395,
            39.012212790772395,
            38.012212790772395,
            35.012212790772395,
            34.012212790772395,
            35.012212790772395,
            32.012212790772395,
            35.012212790772395,
            38.01221279077239
        ],
        "power_bs2": [
            36.894241108662634,
            33.89424110866263,
            34.894241108662634,
            35.89424110866263,
            36.894241108662634,
            33.89424110866263,
            34.894241108662634,
            33.89424110866263,
            32.894241108662634,
            33.89424110866263,
            32.894241108662634,
            33.89424110866263,
            30.89424110866263,
            29.89424110866263,
            30.89424110866263,
            33.89424110866263,
            30.89424110866263,
            33.89424110866263,
            34.89424110866263,
            33.89424110866263
        ]
    }
}