{
    "episode": 2319,
    "seed": 2319,
    "metrics": {
        "sinr_ue1": [
            4.956405765271414,
            26.04312339024977,
            7.09528171963033,
            27.986918698901274,
            12.944274993201084,
            9.017267077766483,
            31.243565930759587,
            30.03733314954134,
            18.763061193434027,
            32.94215039499853,
            36.800789807150245,
            36.61285887511469,
            37.38125846455176,
            29.694235706239482,
            30.947963775133204,
            16.977978024769794,
            27.474879718930353,
            18.483153846508017,
            9.151487071727066,
            9.074082409372874
        ],
        "sinr_ue2": [
            34.48961891667591,
            15.181340646353592,
            36.012855579587054,
            13.128961175576663,
            23.05207543405606,
            28.94931930862605,
            23.3361512462346,
            7.287863522420583,
            10.028595006363208,
            5.407384550617515,
            20.340007701071016,
            1.2930892792070579,
            23.53427174411094,
            3.351185236795023,
            19.327443104323176,
            22.98631373569134,
            11.245009551186016,
            28.98089228915461,
            27.990735354083625,
            27.799666193771383
        ],
        "power_bs1": [
            33.01142659922011,
            34.01142659922011,
            35.01142659922011,
            34.01142659922011,
            37.01142659922011,
            34.0114265992201,
            37.01142659922011,
            36.01142659922011,
            39.0114265992201,
            40.01142659922011,
            39.0114265992201,
            40.01142659922011,
            39.0114265992201,
            42.0114265992201,
            43.01142659922011,
            40.01142659922011,
            37.01142659922011,
            34.0114265992201,
            33.01142659922011,
            30.011426599220105
        ],
        "power_bs2": [
            44.47125019879397,
            43.47125019879396,
            44.47125019879397,
            41.47125019879396,
            40.47125019879396,
            41.47125019879396,
            38.47125019879396,
            37.47125019879397,
            36.47125019879396,
            39.47125019879396,
            36.47125019879396,
            35.47125019879396,
            38.47125019879396,
            39.47125019879396,
            40.47125019879396,
            39.47125019879396,
            42.47125019879397,
            43.47125019879396,
            40.47125019879396,
            37.47125019879396
        ]
    }
}