{
    "episode": 2050,
    "seed": 2050,
    "metrics": {
        "sinr_ue1": [
            6.0985878973377,
            14.777792535767196,
            16.272721936160004,
            6.417638337393346,
            21.594822520313105,
            8.60163620541539,
            12.723065838984368,
            33.561523814547904,
            16.56135820827021,
            18.48373465164301,
            20.401099800759592,
            18.217808070716416,
            16.41541909297404,
            31.68988100505284,
            18.584447353884574,
            22.289042026873247,
            44.678678894326964,
            24.032522178203543,
            26.275198705471613,
            9.679781624765116
        ],
        "sinr_ue2": [
            44.405713721018074,
            29.685092328137227,
            49.552523642727174,
            42.63741959416964,
            26.68434695343546,
            40.098760742760135,
            38.585152646972254,
            16.898908659878504,
            40.697143105836524,
            32.07244025717329,
            28.51516887400455,
            34.6945508981492,
            39.016064506498026,
            26.12074582754571,
            27.310679173807987,
            29.895658809750437,
            6.770922767980327,
            19.217427836653314,
            24.301254872265027,
            28.382699204398904
        ],
        "power_bs1": [
            40.40897116352329,
            37.40897116352328,
            34.40897116352328,
            37.40897116352328,
            38.40897116352329,
            37.40897116352328,
            38.40897116352329,
            41.40897116352328,
            42.40897116352328,
            43.40897116352329,
            42.40897116352328,
            39.40897116352328,
            38.40897116352329,
            39.40897116352328,
            38.40897116352329,
            39.40897116352328,
            42.40897116352328,
            39.40897116352328,
            42.40897116352328,
            41.40897116352328
        ],
        "power_bs2": [
            40.397194334548374,
            41.39719433454837,
            38.397194334548374,
            37.39719433454837,
            36.39719433454837,
            35.397194334548374,
            32.39719433454837,
            29.397194334548367,
            32.39719433454837,
            31.397194334548367,
            28.39719433454837,
            27.39719433454837,
            28.39719433454837,
            25.397194334548367,
            26.397194334548367,
            23.397194334548367,
            20.397194334548367,
            21.397194334548367,
            22.39719433454837,
            25.397194334548367
        ]
    }
}