{
    "episode": 1914,
    "seed": 1914,
    "metrics": {
        "sinr_ue1": [
            14.953327932222503,
            25.245064495055566,
            14.860492770167607,
            31.311456045702837,
            32.84763747503859,
            32.38198523860424,
            18.87987090483886,
            24.740828951737956,
            31.899551269181874,
            41.59281641061015,
            24.743048399017393,
            26.550372129025558,
            35.65825391114071,
            43.88581660903482,
            40.26711617775723,
            35.55472835069316,
            41.574926982222166,
            24.77613280385328,
            25.24370728279195,
            46.60232189253936
        ],
        "sinr_ue2": [
            21.16306113409164,
            20.66816599596101,
            36.49265718396754,
            17.78076029552452,
            19.929774858822846,
            15.753605592383863,
            31.352138289531652,
            8.783242917918187,
            22.826355057027186,
            5.450939629102787,
            25.17300066547498,
            18.30484183949274,
            23.926304921462062,
            7.355716090165459,
            18.562080281216108,
            13.962796965684692,
            3.3728933383545385,
            22.984116601678245,
            27.323940553934435,
            5.595728367770489
        ],
        "power_bs1": [
            40.69718869356428,
            41.69718869356427,
            40.69718869356428,
            39.69718869356427,
            38.69718869356427,
            39.69718869356427,
            40.69718869356428,
            43.69718869356427,
            42.69718869356427,
            45.69718869356428,
            42.69718869356427,
            43.69718869356427,
            40.69718869356427,
            39.69718869356427,
            38.69718869356427,
            35.69718869356427,
            38.69718869356427,
            37.69718869356427,
            38.69718869356427,
            39.69718869356427
        ],
        "power_bs2": [
            36.563969439046176,
            39.563969439046176,
            36.563969439046176,
            35.563969439046176,
            36.563969439046176,
            33.563969439046176,
            32.563969439046176,
            29.563969439046176,
            30.563969439046176,
            29.563969439046176,
            28.563969439046172,
            27.563969439046172,
            28.563969439046172,
            25.563969439046176,
            22.563969439046172,
            23.563969439046172,
            20.563969439046176,
            21.563969439046176,
            22.563969439046172,
            23.563969439046172
        ]
    }
}