{
    "episode": 3891,
    "seed": 3891,
    "metrics": {
        "sinr_ue1": [
            23.47484865631582,
            25.42414465656951,
            27.047175206634826,
            25.944019880430176,
            14.80863917041429,
            24.518543305694447,
            33.007282320239455,
            16.79439832773663,
            18.55591706073708,
            20.18531229058087,
            20.65199121394538,
            31.826457633937927,
            34.487622714466156,
            22.460497880673923,
            33.56764979131548,
            22.16686176323934,
            47.081354099147326,
            26.226928371846125,
            48.20918834164605,
            45.30654706933098
        ],
        "sinr_ue2": [
            23.53374892535589,
            21.82265083968386,
            22.120425787018085,
            22.339514467381314,
            30.965515289368923,
            20.644815447370085,
            18.978953342829552,
            34.58482714199236,
            29.618767721542486,
            27.652044533992584,
            11.163455888086599,
            14.925869114545034,
            11.000295324326197,
            30.83756459743227,
            9.218124098074039,
            24.32278281704963,
            3.3134181092292074,
            20.89190934638225,
            1.3028028550873572,
            1.142441146283988
        ],
        "power_bs1": [
            31.388267011403762,
            32.38826701140376,
            33.38826701140376,
            34.38826701140377,
            37.38826701140376,
            36.38826701140376,
            39.38826701140377,
            40.38826701140376,
            39.38826701140377,
            38.38826701140376,
            41.38826701140377,
            38.38826701140376,
            39.38826701140377,
            42.38826701140376,
            41.38826701140377,
            40.38826701140376,
            43.38826701140376,
            40.38826701140376,
            43.38826701140376,
            40.38826701140376
        ],
        "power_bs2": [
            41.776697429694714,
            40.77669742969472,
            41.776697429694714,
            42.776697429694714,
            39.776697429694714,
            42.776697429694714,
            43.77669742969472,
            40.77669742969472,
            37.776697429694714,
            34.776697429694714,
            37.776697429694714,
            38.776697429694714,
            35.776697429694714,
            36.776697429694714,
            35.776697429694714,
            34.776697429694714,
            31.776697429694714,
            28.776697429694714,
            29.776697429694714,
            26.776697429694714
        ]
    }
}