{
    "episode": 3001,
    "seed": 3001,
    "metrics": {
        "sinr_ue1": [
            39.42940316832777,
            34.600177899591735,
            38.14349532691223,
            34.4570546240222,
            34.32937645540554,
            40.17866684496758,
            30.66234304691916,
            29.02691264540438,
            45.2432333914482,
            51.67130487321398,
            26.820953887174845,
            46.25040251405611,
            43.347628974175024,
            47.28632539105388,
            45.255069389134675,
            48.25412520738698,
            48.76819448451595,
            49.237259788822854,
            50.5641456953903,
            30.415567033967584
        ],
        "sinr_ue2": [
            2.3644202414673647,
            3.588731406634546,
            14.17907564780303,
            20.01935896406411,
            23.25010493704799,
            6.148519391459956,
            23.390273533501468,
            21.75860393020882,
            4.209939968788622,
            8.22309636088141,
            28.655814798113642,
            4.236675909784535,
            22.768949464014007,
            7.965503117747628,
            23.73849862644791,
            5.980980823303731,
            4.112535467690312,
            6.150843674763959,
            2.2060021359806607,
            21.252407909113366
        ],
        "power_bs1": [
            43.84360089295452,
            44.84360089295451,
            45.84360089295452,
            42.84360089295453,
            41.84360089295452,
            40.84360089295452,
            39.84360089295452,
            40.84360089295452,
            43.84360089295452,
            42.84360089295453,
            39.84360089295452,
            42.84360089295453,
            39.84360089295452,
            38.84360089295452,
            39.84360089295452,
            38.84360089295452,
            41.84360089295452,
            42.84360089295451,
            43.84360089295452,
            42.84360089295451
        ],
        "power_bs2": [
            33.02268274376628,
            34.02268274376628,
            31.022682743766282,
            32.022682743766275,
            31.022682743766282,
            34.02268274376628,
            33.02268274376628,
            36.022682743766275,
            35.02268274376628,
            38.02268274376628,
            37.022682743766275,
            34.02268274376628,
            35.02268274376628,
            34.02268274376628,
            31.022682743766275,
            32.022682743766275,
            33.02268274376628,
            36.022682743766275,
            33.02268274376628,
            36.022682743766275
        ]
    }
}