{
    "episode": 2122,
    "seed": 2122,
    "metrics": {
        "sinr_ue1": [
            6.533146742296067,
            2.4247579737099976,
            6.489036392266142,
            20.596900134206614,
            10.322323216220152,
            26.59258392148386,
            10.104237810059464,
            14.217446187022942,
            12.16032130676309,
            10.147338832631734,
            22.21977433811757,
            10.115583348985135,
            14.150815164713917,
            31.483827654651154,
            18.09663042208915,
            18.106116878490223,
            24.506330666463402,
            28.160730718028553,
            16.376581160891956,
            18.24803563127961
        ],
        "sinr_ue2": [
            29.98983308571279,
            39.751890927084304,
            35.56002584674289,
            13.274829326783113,
            31.079112482251926,
            11.329773959925706,
            24.59812142483788,
            20.29812151019413,
            32.45124358609989,
            26.006357036910565,
            13.335059780630337,
            27.345278854184535,
            18.383823996549253,
            7.412131465873725,
            23.33905826229328,
            20.350155479218795,
            9.444067364112318,
            7.3651708250313135,
            7.44545781247424,
            24.465768703395888
        ],
        "power_bs1": [
            36.61455385538133,
            33.61455385538133,
            36.614553855381324,
            39.61455385538133,
            42.61455385538133,
            41.61455385538133,
            40.614553855381324,
            43.61455385538133,
            42.61455385538133,
            41.61455385538133,
            38.61455385538133,
            41.61455385538133,
            42.61455385538133,
            45.614553855381324,
            46.61455385538133,
            43.614553855381324,
            40.614553855381324,
            39.61455385538133,
            42.61455385538133,
            43.614553855381324
        ],
        "power_bs2": [
            39.21498895519016,
            40.21498895519016,
            39.21498895519016,
            38.21498895519015,
            41.21498895519015,
            38.21498895519015,
            39.21498895519016,
            38.21498895519015,
            39.21498895519016,
            40.21498895519016,
            37.21498895519015,
            40.21498895519016,
            37.21498895519015,
            38.21498895519015,
            37.21498895519015,
            34.21498895519016,
            35.21498895519016,
            32.21498895519015,
            35.21498895519015,
            34.21498895519016
        ]
    }
}