{
    "episode": 2419,
    "seed": 2419,
    "metrics": {
        "sinr_ue1": [
            26.712608160644557,
            26.84190975856434,
            38.9829327635221,
            42.2231109752009,
            41.98270108131801,
            26.000384169730072,
            33.05664153641019,
            25.001338283772906,
            28.123687906025758,
            11.06193762629924,
            12.886246893932709,
            12.717601569550554,
            27.293843407081862,
            4.785951515678998,
            4.827364829706221,
            2.9107265163822738,
            14.7699436596385,
            15.159074727271605,
            0.9062077601802829,
            0.948426819236084
        ],
        "sinr_ue2": [
            30.779999200536807,
            25.737085251607212,
            18.80162304886411,
            20.81769851739191,
            21.10593748864275,
            32.64139201708627,
            22.798258751869028,
            28.403829940668647,
            29.67608469011492,
            41.12293681546109,
            50.10958716930297,
            45.02251028863185,
            31.7466185717783,
            53.18515938403542,
            43.85825800540056,
            48.803081166522745,
            35.98640539732274,
            42.45184348737467,
            45.4470861706077,
            35.0966730849818
        ],
        "power_bs1": [
            34.79616682912927,
            33.79616682912926,
            32.79616682912926,
            33.79616682912926,
            36.79616682912926,
            35.79616682912927,
            32.79616682912926,
            29.796166829129266,
            26.796166829129263,
            27.796166829129266,
            28.796166829129266,
            25.796166829129263,
            22.796166829129266,
            21.796166829129263,
            20.796166829129263,
            17.796166829129266,
            14.796166829129264,
            11.796166829129264,
            12.796166829129266,
            15.796166829129263
        ],
        "power_bs2": [
            35.238268714419114,
            34.238268714419114,
            35.238268714419114,
            38.238268714419114,
            41.23826871441912,
            42.238268714419114,
            39.238268714419114,
            42.238268714419114,
            41.23826871441912,
            44.238268714419114,
            43.23826871441911,
            40.238268714419114,
            41.23826871441912,
            44.238268714419114,
            43.23826871441911,
            42.238268714419114,
            43.23826871441911,
            40.238268714419114,
            39.238268714419114,
            42.238268714419114
        ]
    }
}