{
    "episode": 1498,
    "seed": 1498,
    "metrics": {
        "sinr_ue1": [
            43.78826199127245,
            43.53142865503951,
            37.35384441176451,
            25.407745355836823,
            27.499803666765356,
            31.626949749680726,
            35.430931802730726,
            39.609541212740666,
            23.669351931306974,
            21.740810605207955,
            35.99923856268093,
            23.565940928287674,
            24.24076929502862,
            39.4906195892305,
            36.54997501487567,
            48.22822264557424,
            35.163444763407355,
            19.927291337340336,
            28.966843231625383,
            34.61802977242255
        ],
        "sinr_ue2": [
            19.244512334933745,
            23.357226066015283,
            22.85120990196748,
            42.317329966199736,
            36.85093830977538,
            39.28158886718735,
            25.485236796716656,
            25.538404350693714,
            45.43942398701756,
            43.801702835172435,
            27.59973425745087,
            46.62432054041481,
            29.767161419211217,
            27.814817050950968,
            28.024966148679844,
            25.931636546360654,
            32.12249663938712,
            50.32275644065638,
            43.33207005639189,
            32.21536164047976
        ],
        "power_bs1": [
            41.30646020689741,
            38.306460206897405,
            37.30646020689741,
            38.306460206897405,
            39.30646020689741,
            42.306460206897405,
            39.30646020689741,
            36.30646020689741,
            37.30646020689741,
            34.30646020689741,
            37.30646020689741,
            36.30646020689741,
            37.30646020689741,
            36.30646020689741,
            37.30646020689741,
            40.30646020689741,
            37.30646020689741,
            34.30646020689741,
            37.30646020689741,
            38.30646020689741
        ],
        "power_bs2": [
            35.59385314410545,
            36.59385314410545,
            37.59385314410545,
            38.59385314410545,
            37.59385314410545,
            36.59385314410545,
            39.59385314410545,
            36.59385314410545,
            39.59385314410545,
            38.59385314410545,
            39.59385314410545,
            38.59385314410545,
            41.59385314410545,
            38.59385314410545,
            39.59385314410545,
            40.59385314410545,
            43.59385314410545,
            40.59385314410545,
            41.59385314410545,
            44.59385314410545
        ]
    }
}