{
    "episode": 607,
    "seed": 607,
    "metrics": {
        "sinr_ue1": [
            33.13577671910087,
            18.31141896088063,
            34.99121127603267,
            19.885147177436036,
            18.388612820076723,
            31.524081559396,
            24.901918822153455,
            12.773801167052305,
            26.70752024824256,
            16.06674733897836,
            32.44760919433204,
            15.357866950980046,
            13.973660348580436,
            16.74273309680331,
            15.508666700682106,
            17.223058609839086,
            37.22148552324377,
            16.22575220724082,
            11.054372094558897,
            30.17733492415351
        ],
        "sinr_ue2": [
            11.227570756900136,
            11.184025170177225,
            9.036367490693177,
            19.71472466060798,
            18.93010317138892,
            8.607369966843592,
            31.959140056009893,
            29.897012407152218,
            10.869630091336667,
            30.0751089092426,
            10.793009842121126,
            11.142056400622169,
            23.908144216187033,
            16.384275082295517,
            25.58872021154203,
            9.252321759885652,
            9.308849820648506,
            28.57710772349554,
            27.574434839361878,
            14.761599981705684
        ],
        "power_bs1": [
            39.40690070957864,
            38.40690070957864,
            37.40690070957864,
            40.40690070957864,
            37.40690070957864,
            34.40690070957864,
            31.406900709578643,
            34.40690070957864,
            35.40690070957864,
            36.40690070957864,
            35.40690070957864,
            38.40690070957864,
            37.40690070957864,
            38.40690070957864,
            35.40690070957864,
            38.406900709578636,
            39.40690070957864,
            36.40690070957864,
            33.406900709578636,
            34.40690070957864
        ],
        "power_bs2": [
            35.23891484151165,
            34.23891484151165,
            31.23891484151165,
            30.23891484151165,
            27.23891484151165,
            28.23891484151165,
            31.23891484151165,
            32.23891484151165,
            31.23891484151165,
            30.23891484151165,
            31.23891484151165,
            34.23891484151165,
            31.23891484151165,
            32.23891484151165,
            29.23891484151165,
            32.23891484151165,
            33.23891484151165,
            32.23891484151165,
            33.23891484151165,
            34.23891484151165
        ]
    }
}