{
    "episode": 2494,
    "seed": 2494,
    "metrics": {
        "sinr_ue1": [
            33.19417842238062,
            23.2775082398588,
            23.432598798553883,
            35.279267006387265,
            37.14579873251664,
            44.85299501640972,
            23.160387283884734,
            41.01847357293028,
            40.80462398672782,
            22.51916496519525,
            40.786861578450655,
            42.35754438839876,
            42.41683664710435,
            41.755908339506654,
            37.79466954731083,
            22.326359883363054,
            24.233697594043207,
            22.05397936008852,
            33.29593857691168,
            34.199401436581645
        ],
        "sinr_ue2": [
            15.91353078202749,
            27.516379472444964,
            25.987436216854682,
            13.957413212386419,
            31.443397060725864,
            23.031676400267045,
            30.68502763433103,
            28.972868531735777,
            12.083763573394819,
            29.032535806932632,
            12.0758606878226,
            6.092689767942242,
            4.097884217167987,
            6.057424891134096,
            10.051081635772654,
            27.490987593391417,
            27.621449175198354,
            28.599958969814754,
            19.047669630213385,
            17.760942063052298
        ],
        "power_bs1": [
            34.20615209302284,
            35.20615209302284,
            34.20615209302284,
            35.20615209302284,
            34.20615209302284,
            37.20615209302284,
            34.20615209302284,
            37.20615209302284,
            36.20615209302284,
            37.20615209302284,
            34.20615209302284,
            37.20615209302284,
            40.20615209302284,
            39.20615209302284,
            36.20615209302284,
            33.20615209302284,
            32.20615209302284,
            33.20615209302284,
            32.20615209302284,
            31.206152093022833
        ],
        "power_bs2": [
            46.01250777907893,
            43.01250777907892,
            42.01250777907893,
            45.01250777907892,
            42.01250777907893,
            39.01250777907892,
            42.01250777907893,
            45.01250777907892,
            44.01250777907893,
            45.01250777907892,
            42.01250777907893,
            39.01250777907892,
            40.01250777907892,
            41.01250777907892,
            42.01250777907893,
            41.01250777907893,
            38.01250777907893,
            41.01250777907892,
            42.01250777907893,
            45.01250777907892
        ]
    }
}