{
    "episode": 4097,
    "seed": 4097,
    "metrics": {
        "sinr_ue1": [
            35.223016479310296,
            34.7807498863251,
            23.718481320540477,
            29.575797157266347,
            40.60606842686909,
            21.313834885636563,
            17.334496939114857,
            34.59406899553804,
            27.314489158704582,
            41.40451221374747,
            25.574121815385862,
            37.189183061024956,
            44.54563580746752,
            29.49299495355387,
            33.422858077844666,
            47.35109856524102,
            43.2135883652783,
            29.279312450470208,
            55.8786433168424,
            29.574438410449446
        ],
        "sinr_ue2": [
            13.052687344918095,
            10.974113027611562,
            23.957614888391106,
            21.313618796698336,
            25.625360180377648,
            31.5344777085456,
            26.35291405381393,
            11.066974283059318,
            13.414338911128496,
            7.045212757358785,
            7.095863704203672,
            17.049424222707778,
            3.0019144976891674,
            16.834280246420526,
            18.688352198680466,
            1.008461119831044,
            3.007429532605342,
            3.1116542978207558,
            2.252622586100489,
            15.347956391602901
        ],
        "power_bs1": [
            39.802720691296855,
            38.802720691296855,
            41.802720691296855,
            44.802720691296855,
            41.802720691296855,
            42.802720691296855,
            39.802720691296855,
            40.80272069129685,
            43.802720691296855,
            40.80272069129685,
            43.802720691296855,
            42.802720691296855,
            43.802720691296855,
            40.80272069129685,
            41.802720691296855,
            42.802720691296855,
            39.802720691296855,
            42.802720691296855,
            43.802720691296855,
            40.80272069129685
        ],
        "power_bs2": [
            44.38098696220017,
            41.38098696220016,
            42.38098696220017,
            39.38098696220016,
            42.38098696220017,
            45.38098696220017,
            46.38098696220016,
            43.38098696220016,
            40.38098696220017,
            39.38098696220016,
            42.380986962200154,
            41.38098696220016,
            38.38098696220016,
            35.38098696220016,
            32.38098696220016,
            35.38098696220016,
            34.38098696220016,
            37.38098696220016,
            38.38098696220016,
            35.38098696220016
        ]
    }
}