{
    "episode": 1740,
    "seed": 1740,
    "metrics": {
        "sinr_ue1": [
            37.59878030344133,
            18.38267609986559,
            33.75874204375758,
            34.37852648084164,
            19.76364272376708,
            15.955083257906582,
            16.4231338430358,
            30.515568128788683,
            30.78296884678593,
            25.175969458597116,
            12.50181680758846,
            32.01798172227327,
            15.859220055104,
            16.29372238938807,
            26.968670148465833,
            17.587023203777864,
            30.8282046894111,
            14.322974941135502,
            33.0699366928677,
            16.517947546987497
        ],
        "sinr_ue2": [
            2.3207101453095067,
            17.70633976371379,
            6.103273040127118,
            18.849387340253585,
            25.19061954273044,
            25.162034116831155,
            25.02547896458902,
            5.799602079861752,
            3.880150236203286,
            9.539383185400263,
            24.364914321109858,
            7.721407173457903,
            21.90143444711878,
            5.8918223813793045,
            5.570018297171946,
            21.23730406798574,
            23.397871042095982,
            27.190690226223502,
            6.055513331553245,
            6.143765534262058
        ],
        "power_bs1": [
            42.946259279937735,
            39.94625927993773,
            36.946259279937735,
            39.94625927993773,
            36.946259279937735,
            33.94625927993773,
            36.946259279937735,
            33.94625927993773,
            34.94625927993773,
            31.94625927993773,
            32.94625927993773,
            33.94625927993773,
            32.94625927993773,
            35.946259279937735,
            32.94625927993773,
            33.94625927993773,
            32.94625927993773,
            33.94625927993773,
            36.946259279937735,
            39.94625927993773
        ],
        "power_bs2": [
            36.01773556128177,
            35.01773556128177,
            34.01773556128177,
            33.01773556128177,
            30.017735561281768,
            31.017735561281768,
            34.01773556128177,
            31.017735561281768,
            30.017735561281768,
            33.01773556128177,
            34.01773556128177,
            33.01773556128177,
            30.017735561281764,
            33.01773556128177,
            30.017735561281764,
            29.017735561281764,
            32.01773556128177,
            33.01773556128176,
            34.01773556128177,
            37.01773556128177
        ]
    }
}