{
    "episode": 1474,
    "seed": 1474,
    "metrics": {
        "sinr_ue1": [
            20.445350981360725,
            45.340482859272186,
            26.7828096900923,
            45.66177972722487,
            24.383398723414548,
            34.79955778635497,
            16.984157963011583,
            16.994171445950098,
            27.313355630585182,
            29.232188727409493,
            23.104070825857562,
            6.910687429612406,
            19.893197810460705,
            10.664356990101297,
            27.137529908136486,
            21.728499899501013,
            10.554730963841287,
            30.50169579676379,
            16.651644997912687,
            31.968918495645497
        ],
        "sinr_ue2": [
            27.899619954157025,
            5.0895472972418485,
            17.370564680844627,
            2.438328860986898,
            5.040875847287682,
            10.906202694780053,
            27.057056050361908,
            33.38969395617624,
            32.95800411192399,
            33.188325394315676,
            25.797095374067617,
            36.0325967110388,
            22.374475029776512,
            34.25034310493433,
            18.29627696998688,
            15.410901645879827,
            34.846147214643814,
            12.417759058026585,
            17.59064754854933,
            14.366512809052479
        ],
        "power_bs1": [
            39.21484736318976,
            42.21484736318976,
            41.21484736318976,
            44.21484736318976,
            43.214847363189755,
            40.214847363189755,
            41.214847363189755,
            40.214847363189755,
            39.214847363189755,
            36.214847363189755,
            33.214847363189755,
            32.21484736318976,
            29.214847363189755,
            32.214847363189755,
            29.214847363189755,
            32.214847363189755,
            31.214847363189755,
            34.214847363189755,
            37.214847363189755,
            38.214847363189755
        ],
        "power_bs2": [
            31.873917610870812,
            30.873917610870812,
            27.873917610870812,
            28.87391761087081,
            31.873917610870812,
            34.87391761087081,
            37.87391761087081,
            36.87391761087081,
            37.87391761087081,
            38.87391761087081,
            39.87391761087081,
            38.87391761087081,
            37.87391761087081,
            34.87391761087081,
            33.87391761087081,
            32.873917610870805,
            33.87391761087081,
            34.87391761087081,
            33.87391761087081,
            36.87391761087081
        ]
    }
}