{
    "episode": 1511,
    "seed": 1511,
    "metrics": {
        "sinr_ue1": [
            8.685918095335825,
            25.73276514275812,
            19.989221792205658,
            16.111068449548355,
            4.56674922977972,
            4.6818852559570185,
            15.362787416850896,
            24.134695289800973,
            24.2166252984396,
            4.669587191619834,
            6.678984613512614,
            6.760871058811256,
            25.096951925140786,
            4.5213813544455785,
            27.75102760119733,
            22.119847062704842,
            26.368742428537054,
            22.681553237465923,
            22.14800879374797,
            28.17220024966835
        ],
        "sinr_ue2": [
            32.690246068205305,
            15.887371410624379,
            19.900953750806472,
            44.111225809258784,
            39.63650426096302,
            36.02502273657328,
            21.670268020252472,
            23.659095295972186,
            19.667392412506025,
            37.716905917108264,
            33.946260694065444,
            19.868711212280346,
            18.003474932215074,
            42.4032723071009,
            16.00304646422615,
            22.082590712191873,
            16.224477485294944,
            32.206344368125535,
            20.13236698813884,
            20.107543572726097
        ],
        "power_bs1": [
            38.65922679413799,
            39.65922679413799,
            36.65922679413799,
            33.65922679413799,
            36.65922679413799,
            35.65922679413799,
            38.65922679413799,
            35.65922679413799,
            36.65922679413799,
            35.65922679413799,
            38.65922679413799,
            41.65922679413799,
            44.65922679413799,
            41.65922679413799,
            44.65922679413799,
            41.65922679413799,
            44.65922679413799,
            41.65922679413799,
            40.659226794137986,
            37.659226794137986
        ],
        "power_bs2": [
            37.868166146135664,
            36.868166146135664,
            37.868166146135664,
            36.868166146135664,
            39.86816614613566,
            38.868166146135664,
            41.86816614613566,
            40.868166146135664,
            37.868166146135664,
            38.86816614613566,
            39.86816614613566,
            42.868166146135664,
            43.86816614613566,
            44.868166146135664,
            41.86816614613566,
            44.868166146135664,
            41.86816614613566,
            38.86816614613566,
            41.86816614613566,
            38.86816614613566
        ]
    }
}