{
    "episode": 3599,
    "seed": 3599,
    "metrics": {
        "sinr_ue1": [
            23.402109154626935,
            39.96431120536691,
            30.742414081908397,
            44.25379882282478,
            30.77602534603485,
            33.19874821904794,
            25.389901986455282,
            23.399367108643926,
            37.73304702617697,
            19.603104907299986,
            23.461484006937713,
            24.760732866836133,
            21.47536509381934,
            45.98331692562738,
            39.80411540898761,
            22.22124079580853,
            38.595990297415646,
            19.404711593530315,
            13.627011259781153,
            23.430854663651424
        ],
        "sinr_ue2": [
            40.60965225833381,
            17.002521285531536,
            31.574575584890084,
            15.012055747576428,
            28.969969861765357,
            18.660733274650447,
            36.25221358149028,
            37.37640027161565,
            40.888544512129926,
            42.220041128354524,
            35.90681187744123,
            34.42258425445018,
            30.0155785218284,
            19.96952655795417,
            19.781901959171297,
            36.853383337067676,
            21.74058309404874,
            41.74139023873428,
            46.20847232401899,
            51.27705927716307
        ],
        "power_bs1": [
            41.94757203630207,
            42.94757203630206,
            45.94757203630208,
            44.94757203630207,
            45.94757203630208,
            42.94757203630206,
            43.94757203630207,
            42.94757203630206,
            43.94757203630207,
            42.94757203630206,
            43.94757203630207,
            44.94757203630207,
            41.94757203630207,
            40.94757203630208,
            37.94757203630207,
            34.94757203630207,
            35.94757203630207,
            36.94757203630207,
            33.94757203630207,
            30.94757203630207
        ],
        "power_bs2": [
            37.59200918347655,
            34.59200918347655,
            33.59200918347655,
            34.59200918347655,
            33.59200918347655,
            36.59200918347655,
            37.59200918347655,
            38.59200918347655,
            39.59200918347655,
            42.59200918347655,
            39.59200918347655,
            38.59200918347655,
            39.59200918347655,
            36.59200918347655,
            33.59200918347655,
            30.59200918347655,
            33.59200918347655,
            36.59200918347655,
            39.59200918347655,
            38.59200918347655
        ]
    }
}