{
    "episode": 446,
    "seed": 446,
    "metrics": {
        "sinr_ue1": [
            25.750890428541176,
            5.347781880837705,
            7.308332075155683,
            9.260790256003668,
            15.17207811413844,
            15.21040424509438,
            19.034948419235267,
            18.918056252783995,
            22.3979096985969,
            35.41800324971806,
            36.018765106113435,
            14.607220880966363,
            32.98292833144774,
            24.505000724302004,
            35.188774164203664,
            17.78840407262905,
            18.493159362543587,
            16.805271276328412,
            20.37674077211038,
            21.73871223880322
        ],
        "sinr_ue2": [
            18.269482091802466,
            36.92490936582415,
            36.48506237098859,
            34.006695028294885,
            13.642480046048016,
            19.292234282101116,
            19.612594227932696,
            31.52498343562614,
            8.42173113744725,
            8.529035283681212,
            12.268385608443229,
            29.796610102627167,
            26.31411912181496,
            24.168485337460453,
            5.948133585108025,
            17.515201748717672,
            8.224191857457008,
            29.51401488032278,
            18.13854226577973,
            21.422701027528966
        ],
        "power_bs1": [
            37.726638210809526,
            34.726638210809526,
            35.72663821080952,
            36.72663821080952,
            39.726638210809526,
            40.72663821080952,
            41.726638210809526,
            40.72663821080952,
            39.726638210809526,
            40.72663821080952,
            37.726638210809526,
            34.726638210809526,
            35.72663821080952,
            32.726638210809526,
            35.72663821080952,
            34.726638210809526,
            37.726638210809526,
            38.726638210809526,
            39.726638210809526,
            38.726638210809526
        ],
        "power_bs2": [
            43.37386110013018,
            44.373861100130185,
            43.37386110013018,
            42.373861100130185,
            39.37386110013018,
            40.37386110013018,
            37.373861100130185,
            36.37386110013018,
            35.37386110013018,
            36.37386110013018,
            37.373861100130185,
            34.37386110013018,
            33.37386110013018,
            32.373861100130185,
            29.373861100130178,
            30.373861100130178,
            33.37386110013018,
            36.37386110013018,
            33.37386110013018,
            30.373861100130178
        ]
    }
}