{
    "episode": 4906,
    "seed": 4906,
    "metrics": {
        "sinr_ue1": [
            33.33500094663242,
            27.004564809688908,
            28.95071792480151,
            29.19341403864625,
            40.14066801212907,
            41.99625574386716,
            23.08456706488403,
            26.239700476980296,
            26.841696934692724,
            43.95860462632846,
            44.227584457012455,
            40.55164966217965,
            25.09768298664808,
            44.52625436729935,
            23.225763072583504,
            40.55952916455186,
            49.240156798728066,
            41.93887872898366,
            26.924278797057873,
            36.78331506159018
        ],
        "sinr_ue2": [
            42.86247685537638,
            41.50592632775564,
            43.35266002894222,
            46.12316435427694,
            29.46601317946532,
            35.880645796394546,
            53.57768667988289,
            48.24484935513507,
            44.23052888710268,
            31.05558004410472,
            31.130596752871227,
            31.7097226117853,
            50.32602964790178,
            19.094149636890997,
            52.135757883627974,
            18.935451765992784,
            32.454328481251714,
            32.60402039029649,
            32.058599235663515,
            36.15078711560405
        ],
        "power_bs1": [
            39.6204362416872,
            40.6204362416872,
            41.6204362416872,
            42.6204362416872,
            39.6204362416872,
            36.6204362416872,
            37.6204362416872,
            38.6204362416872,
            37.6204362416872,
            38.6204362416872,
            41.6204362416872,
            40.6204362416872,
            41.6204362416872,
            42.6204362416872,
            41.6204362416872,
            40.6204362416872,
            39.6204362416872,
            40.6204362416872,
            43.6204362416872,
            42.6204362416872
        ],
        "power_bs2": [
            34.168414359879776,
            31.168414359879783,
            30.16841435987978,
            31.168414359879783,
            30.16841435987978,
            33.16841435987978,
            32.16841435987978,
            31.168414359879783,
            28.168414359879783,
            29.16841435987978,
            32.16841435987978,
            31.168414359879783,
            34.168414359879776,
            33.16841435987978,
            36.16841435987978,
            33.168414359879776,
            30.16841435987978,
            31.168414359879783,
            34.168414359879776,
            37.16841435987978
        ]
    }
}