{
    "episode": 947,
    "seed": 947,
    "metrics": {
        "sinr_ue1": [
            19.91405382823086,
            34.74272296353178,
            21.615177712494365,
            34.9434370679772,
            46.386191185953706,
            47.20500946456294,
            25.595459092091687,
            41.443141523919145,
            30.92628466895811,
            45.89836764123017,
            44.81827019352579,
            21.713858876800206,
            17.708070229938265,
            17.648295820022422,
            34.45503257700612,
            15.890571845292703,
            18.036841672402712,
            19.961215915396977,
            22.119479257621144,
            18.023617426738344
        ],
        "sinr_ue2": [
            17.04742677917941,
            12.179657495775773,
            23.830515445454633,
            6.31470541909896,
            0.34863240270457896,
            0.3196030010377189,
            20.48831103729797,
            6.021787197681528,
            4.0850994048173135,
            6.001226582286561,
            2.143678083266053,
            21.216031081922317,
            23.780585325539285,
            12.029931159502272,
            12.198106883081987,
            29.204402911520706,
            12.298942298005047,
            31.869262317970094,
            23.383776834058956,
            31.08910718948975
        ],
        "power_bs1": [
            41.66537061460345,
            38.66537061460345,
            39.66537061460344,
            42.66537061460344,
            45.66537061460345,
            44.66537061460344,
            41.66537061460345,
            38.66537061460345,
            39.66537061460344,
            38.66537061460345,
            41.66537061460345,
            38.66537061460345,
            37.66537061460345,
            40.66537061460345,
            43.66537061460345,
            40.66537061460344,
            43.66537061460345,
            42.66537061460344,
            45.66537061460344,
            44.66537061460344
        ],
        "power_bs2": [
            34.96711010402301,
            33.96711010402301,
            30.967110104023007,
            31.967110104023007,
            28.967110104023007,
            27.96711010402301,
            28.96711010402301,
            27.96711010402301,
            26.967110104023007,
            27.96711010402301,
            26.967110104023007,
            29.967110104023007,
            32.96711010402301,
            35.96711010402301,
            38.96711010402301,
            37.96711010402301,
            38.96711010402301,
            35.96711010402301,
            36.96711010402301,
            39.96711010402301
        ]
    }
}