{
    "episode": 465,
    "seed": 465,
    "metrics": {
        "sinr_ue1": [
            28.622146865787816,
            45.99435068707286,
            34.75844496514958,
            25.288544390160425,
            44.51873252655068,
            49.78290316178061,
            45.50820345462018,
            43.112336902703404,
            25.005546786654172,
            40.63922582559685,
            38.46803868230301,
            22.330852132556707,
            20.025774959421167,
            40.732493310413616,
            39.824297655426825,
            37.75160910193858,
            37.82211005913459,
            41.39968811218832,
            37.31367730320773,
            22.288682545700848
        ],
        "sinr_ue2": [
            26.777290613444173,
            10.073897684740253,
            21.758711568771922,
            28.85854941428547,
            9.798989266749714,
            24.101156550999065,
            9.690846749093915,
            9.757302848058963,
            25.67217936507913,
            30.902337930603146,
            31.033764781902367,
            30.331302132190892,
            33.69267134132918,
            26.575849708174623,
            10.510768090097748,
            23.213405266338228,
            5.352967876829949,
            12.760721965940508,
            25.844707158495453,
            33.18746399423159
        ],
        "power_bs1": [
            36.6071472868559,
            35.607147286855906,
            32.607147286855906,
            33.607147286855906,
            32.607147286855906,
            31.607147286855902,
            28.607147286855902,
            29.607147286855906,
            26.607147286855902,
            25.607147286855906,
            22.607147286855902,
            21.607147286855902,
            18.607147286855902,
            21.607147286855902,
            20.6071472868559,
            21.607147286855902,
            18.607147286855902,
            21.607147286855902,
            20.6071472868559,
            23.6071472868559
        ],
        "power_bs2": [
            33.786635315396694,
            34.786635315396694,
            31.786635315396694,
            34.786635315396694,
            31.786635315396694,
            28.786635315396694,
            27.786635315396694,
            28.786635315396694,
            27.786635315396694,
            26.786635315396694,
            25.786635315396694,
            24.786635315396694,
            23.786635315396694,
            20.786635315396694,
            21.786635315396694,
            20.786635315396694,
            23.786635315396694,
            24.786635315396694,
            25.786635315396694,
            26.786635315396694
        ]
    }
}