{
    "episode": 354,
    "seed": 354,
    "metrics": {
        "sinr_ue1": [
            28.326534243447977,
            27.68426216906757,
            25.812373705175105,
            8.259487403158738,
            30.223448418236334,
            25.753691944850775,
            13.710351858811386,
            10.082945414160033,
            26.379358790695647,
            10.093279515683172,
            31.22189003325073,
            11.967889152471539,
            15.420866434489541,
            22.962626739452023,
            25.64658274154905,
            13.305754509183902,
            11.905037753077856,
            25.698885323090348,
            8.17533147102796,
            11.765922190753333
        ],
        "sinr_ue2": [
            19.524503984810814,
            25.564583397723744,
            25.457750031209947,
            40.853597589135546,
            21.41735829539971,
            19.571380108279183,
            32.485227094807236,
            44.095324707400614,
            25.59895400857599,
            42.09216218747335,
            21.6982726031334,
            30.167265174807845,
            36.829784877713784,
            21.564682034160263,
            21.608417073372564,
            35.73739255612557,
            32.64569907285495,
            21.83288191683384,
            35.72828842081147,
            37.51218033117
        ],
        "power_bs1": [
            41.382479057398776,
            38.382479057398776,
            39.382479057398776,
            36.38247905739877,
            37.38247905739877,
            38.382479057398776,
            35.382479057398776,
            34.382479057398776,
            35.382479057398776,
            34.382479057398776,
            37.38247905739877,
            34.382479057398776,
            35.38247905739877,
            32.38247905739877,
            33.382479057398776,
            32.38247905739877,
            33.382479057398776,
            34.382479057398776,
            31.382479057398772,
            32.38247905739877
        ],
        "power_bs2": [
            39.83646524579906,
            42.83646524579906,
            43.836465245799054,
            40.836465245799054,
            37.83646524579906,
            36.836465245799054,
            33.83646524579906,
            36.836465245799054,
            39.836465245799054,
            36.836465245799054,
            37.83646524579906,
            34.836465245799054,
            31.836465245799058,
            32.83646524579906,
            33.83646524579906,
            30.836465245799054,
            33.836465245799054,
            34.836465245799054,
            35.836465245799054,
            32.83646524579906
        ]
    }
}