{
    "episode": 3947,
    "seed": 3947,
    "metrics": {
        "sinr_ue1": [
            21.031303579339387,
            25.034265026968438,
            24.90934789984898,
            21.120243361516895,
            34.096052767554724,
            27.327152546841727,
            25.243538674405283,
            28.29095668543556,
            12.798215985511682,
            29.981508217369097,
            26.684747540560828,
            12.794903164283685,
            10.796171548451088,
            28.440397994139786,
            28.167282561294954,
            26.50416592722936,
            22.44529136195377,
            10.806162733783486,
            12.945231038347927,
            29.83086621342558
        ],
        "sinr_ue2": [
            38.5782815238085,
            35.54559588830658,
            28.136823983053635,
            31.47304190383685,
            43.17883911696875,
            35.13371275073843,
            38.1056714219332,
            25.667307994117795,
            41.389260703347986,
            36.26146224041221,
            24.71152553556181,
            32.674226028620645,
            44.90639280405386,
            25.829294572216746,
            24.105742255739226,
            22.25408633320062,
            27.50025695488214,
            28.36801776118481,
            45.153145765567395,
            25.38221200880993
        ],
        "power_bs1": [
            37.45227361847689,
            38.452273618476895,
            35.452273618476895,
            34.452273618476895,
            33.452273618476895,
            36.45227361847689,
            33.452273618476895,
            30.452273618476887,
            27.45227361847689,
            26.452273618476887,
            27.45227361847689,
            28.45227361847689,
            27.45227361847689,
            30.452273618476887,
            31.452273618476887,
            32.45227361847689,
            29.452273618476887,
            32.45227361847689,
            35.45227361847689,
            36.45227361847689
        ],
        "power_bs2": [
            37.98796096973725,
            34.98796096973725,
            31.98796096973725,
            34.98796096973725,
            37.98796096973725,
            40.98796096973725,
            37.98796096973725,
            38.98796096973725,
            35.98796096973725,
            32.98796096973725,
            35.98796096973725,
            36.987960969737244,
            37.98796096973725,
            38.98796096973725,
            37.98796096973725,
            36.98796096973725,
            39.98796096973725,
            42.98796096973725,
            43.98796096973725,
            40.98796096973725
        ]
    }
}