{
    "episode": 3738,
    "seed": 3738,
    "metrics": {
        "sinr_ue1": [
            39.43872785991761,
            26.145439087406462,
            39.5687106745952,
            22.428548685991384,
            42.36280277683359,
            28.017560775106585,
            28.349540767553187,
            40.81164044543249,
            24.657821416627357,
            43.240703976131144,
            24.734486744141478,
            24.92773492025176,
            43.13392089510789,
            30.450355715147047,
            50.52471912548854,
            47.49020881023097,
            28.848779224955592,
            42.48876236441955,
            19.310733718691495,
            28.398061773421702
        ],
        "sinr_ue2": [
            14.786245358648353,
            28.076053102866744,
            16.521735802843484,
            36.97728549275138,
            6.408845634406177,
            31.1754922439978,
            29.682526202353465,
            16.609343654185984,
            34.19296303500298,
            16.277542927504637,
            32.901313120701964,
            16.438887626662055,
            14.387116132483342,
            29.42295589632336,
            8.805325921502924,
            10.564058121381525,
            30.173602222589956,
            16.32049826235947,
            41.87696086912551,
            40.43596818413206
        ],
        "power_bs1": [
            38.12479110011684,
            37.12479110011684,
            36.12479110011684,
            33.12479110011684,
            36.12479110011683,
            37.12479110011684,
            40.12479110011683,
            37.12479110011684,
            38.12479110011684,
            35.12479110011683,
            34.12479110011684,
            37.12479110011684,
            36.12479110011683,
            37.12479110011684,
            40.12479110011683,
            37.12479110011684,
            36.12479110011683,
            35.12479110011683,
            32.12479110011684,
            29.124791100116838
        ],
        "power_bs2": [
            35.601340343369415,
            34.601340343369415,
            35.601340343369415,
            34.601340343369415,
            33.601340343369415,
            32.601340343369415,
            35.601340343369415,
            36.601340343369415,
            37.601340343369415,
            34.601340343369415,
            33.601340343369415,
            36.601340343369415,
            33.601340343369415,
            30.601340343369415,
            31.601340343369415,
            30.601340343369415,
            31.601340343369415,
            34.601340343369415,
            37.601340343369415,
            38.601340343369415
        ]
    }
}