{
    "episode": 130,
    "seed": 130,
    "metrics": {
        "sinr_ue1": [
            22.710927749804746,
            4.358158447065063,
            6.28976003194691,
            20.431253173593277,
            27.112457797818074,
            26.962082447481734,
            6.283100870873332,
            12.825146669633884,
            13.998956151533015,
            16.04308679647607,
            2.4556631889521587,
            21.060674382529726,
            4.381882439515271,
            22.856186330303565,
            4.385108795362312,
            26.437017231838148,
            22.717438161578443,
            17.050863264755783,
            20.93048698347286,
            21.08067329199798
        ],
        "sinr_ue2": [
            13.115020773282303,
            24.390712368195686,
            30.852965230448742,
            22.011354222266636,
            8.640385400255823,
            6.782637151295003,
            32.545511944727416,
            15.989219718292642,
            18.82590948025217,
            18.8761838541073,
            39.71796643143598,
            31.243015171034074,
            26.114335122786954,
            30.826216603708044,
            32.97907182866587,
            33.641050876545,
            15.239192999072852,
            17.203071608094568,
            15.341460229158805,
            15.513433583878907
        ],
        "power_bs1": [
            40.05325427343415,
            39.05325427343415,
            40.05325427343415,
            41.053254273434156,
            42.05325427343415,
            41.053254273434156,
            38.053254273434156,
            35.053254273434156,
            34.05325427343415,
            33.05325427343415,
            34.05325427343415,
            33.05325427343415,
            36.053254273434156,
            33.05325427343415,
            36.053254273434156,
            35.053254273434156,
            36.053254273434156,
            37.05325427343415,
            38.05325427343415,
            41.053254273434156
        ],
        "power_bs2": [
            36.711731822591496,
            37.71173182259149,
            36.711731822591496,
            35.711731822591496,
            34.711731822591496,
            31.711731822591496,
            34.711731822591496,
            37.71173182259149,
            36.711731822591496,
            35.711731822591496,
            34.711731822591496,
            31.711731822591492,
            34.711731822591496,
            31.711731822591492,
            34.711731822591496,
            31.711731822591492,
            34.71173182259149,
            37.71173182259149,
            36.71173182259149,
            39.711731822591496
        ]
    }
}