{
    "episode": 2452,
    "seed": 2452,
    "metrics": {
        "sinr_ue1": [
            23.006415404141233,
            32.84980626902835,
            19.292378626695406,
            13.271879329924856,
            17.329605247383007,
            39.36594193558025,
            17.360927088630042,
            19.31095878950973,
            32.286473056273024,
            25.39025812423987,
            21.465511909800988,
            19.5427243524651,
            13.688583256848514,
            19.940882282538144,
            28.40063097422801,
            9.71054876411896,
            11.631507756638344,
            33.79186702794355,
            29.87966835189657,
            40.46318488221857
        ],
        "sinr_ue2": [
            28.79781656998057,
            15.123990381008944,
            38.038169021519444,
            35.16691347946032,
            32.49637810741581,
            15.146564276123154,
            26.275238524643434,
            25.533750056772718,
            18.975631393344944,
            32.92442030908215,
            29.746800000942272,
            35.440064358594,
            38.22699656361688,
            43.72468802078869,
            23.924117765686404,
            40.73982714850157,
            38.54657474051563,
            20.114553767450754,
            18.53878078264462,
            14.868282634719314
        ],
        "power_bs1": [
            39.583258007494564,
            36.583258007494564,
            39.583258007494564,
            36.583258007494564,
            39.583258007494564,
            38.583258007494564,
            37.583258007494564,
            36.583258007494564,
            35.583258007494564,
            36.583258007494564,
            37.583258007494564,
            36.583258007494564,
            33.583258007494564,
            30.58325800749456,
            27.583258007494564,
            28.583258007494557,
            27.583258007494564,
            28.583258007494557,
            31.58325800749456,
            34.58325800749456
        ],
        "power_bs2": [
            37.97137120590987,
            38.97137120590987,
            41.97137120590987,
            44.97137120590986,
            43.97137120590987,
            40.97137120590987,
            41.97137120590987,
            38.97137120590987,
            41.97137120590987,
            40.97137120590987,
            37.97137120590987,
            38.97137120590987,
            41.97137120590987,
            42.971371205909875,
            39.97137120590987,
            40.97137120590987,
            37.97137120590987,
            36.97137120590987,
            37.971371205909875,
            36.97137120590987
        ]
    }
}