{
    "episode": 842,
    "seed": 842,
    "metrics": {
        "sinr_ue1": [
            38.85887122723574,
            39.267605410603814,
            40.07692649679499,
            30.629363107942936,
            42.98925279388022,
            16.781693623582328,
            29.929697367769656,
            32.15996035148616,
            23.970342031886688,
            33.30166664481399,
            35.10783638164072,
            27.496435798467424,
            30.586762950616794,
            16.71586836237988,
            31.103012074933694,
            18.876437215409197,
            26.85697877253006,
            24.371710718574814,
            16.68941347507085,
            27.914800089803432
        ],
        "sinr_ue2": [
            21.718010415941652,
            28.555177936870876,
            19.979005764151665,
            20.156787565557536,
            22.181996406653496,
            43.27138604153592,
            30.032840513995865,
            25.898525052341377,
            25.651680770697173,
            25.417547638499357,
            25.604618074524733,
            27.369102360390873,
            29.39764792653097,
            42.68184111584769,
            28.148373780322537,
            37.996988602776625,
            27.171337369177593,
            25.323612962568806,
            44.145866256951706,
            27.361690975971026
        ],
        "power_bs1": [
            44.08914670855478,
            43.08914670855478,
            44.08914670855478,
            43.08914670855478,
            40.08914670855478,
            39.08914670855478,
            38.08914670855478,
            39.08914670855478,
            36.08914670855478,
            35.08914670855478,
            38.08914670855478,
            37.08914670855478,
            36.08914670855477,
            39.08914670855478,
            40.08914670855478,
            39.08914670855478,
            36.08914670855477,
            37.08914670855477,
            38.08914670855478,
            37.08914670855477
        ],
        "power_bs2": [
            43.55832477361255,
            40.558324773612554,
            41.55832477361255,
            40.558324773612554,
            39.55832477361255,
            42.55832477361254,
            45.55832477361254,
            42.55832477361254,
            39.55832477361255,
            38.55832477361255,
            41.55832477361255,
            42.55832477361254,
            43.55832477361254,
            42.55832477361254,
            41.55832477361255,
            40.55832477361254,
            37.55832477361254,
            40.55832477361254,
            41.55832477361255,
            42.55832477361254
        ]
    }
}