{
    "episode": 4246,
    "seed": 4246,
    "metrics": {
        "sinr_ue1": [
            25.437240331960453,
            27.43961374903889,
            24.669101397493343,
            25.63311979728416,
            7.874890892717449,
            28.320547558994317,
            28.988423659585113,
            8.81519970335484,
            16.4614347757633,
            5.766002721964839,
            3.8802153656256615,
            3.3086716545249666,
            22.52134556171508,
            20.52343009750015,
            17.038565495702006,
            7.430210820565099,
            24.629787857205162,
            20.60244599357672,
            3.02836614802,
            4.487352476382695
        ],
        "sinr_ue2": [
            24.525410621566763,
            28.312874937093678,
            32.14528308312199,
            26.18751297895153,
            50.15346705831707,
            26.010705824235195,
            45.331365506110956,
            43.55218691106978,
            24.409433728292672,
            44.55010765202757,
            50.33567975282054,
            41.32578051347656,
            29.38374253619154,
            29.232319116274155,
            30.037104989015724,
            47.12737076528322,
            26.036319583002843,
            27.45940727606971,
            43.196447574856435,
            46.88662445601764
        ],
        "power_bs1": [
            42.18664532447865,
            39.18664532447865,
            36.18664532447865,
            39.18664532447865,
            36.18664532447865,
            35.18664532447865,
            34.18664532447865,
            33.18664532447865,
            36.18664532447865,
            33.18664532447865,
            32.18664532447865,
            33.18664532447865,
            30.186645324478647,
            29.186645324478647,
            32.18664532447865,
            33.18664532447865,
            32.18664532447865,
            29.186645324478647,
            26.186645324478647,
            27.186645324478643
        ],
        "power_bs2": [
            41.02671891554706,
            42.026718915547065,
            43.02671891554706,
            40.02671891554706,
            39.02671891554706,
            36.02671891554706,
            33.02671891554706,
            34.02671891554705,
            35.02671891554706,
            38.02671891554706,
            39.02671891554706,
            36.02671891554706,
            35.02671891554706,
            34.02671891554705,
            37.02671891554706,
            36.02671891554706,
            33.02671891554706,
            32.02671891554706,
            29.026718915547054,
            30.026718915547054
        ]
    }
}