{
    "episode": 993,
    "seed": 993,
    "metrics": {
        "sinr_ue1": [
            14.512886349475288,
            27.438224551421303,
            21.387887846233433,
            28.438577338861663,
            10.813185611396873,
            24.808431761155166,
            21.239430094964877,
            21.098880044796253,
            15.953372788086055,
            16.08059175365067,
            17.64654745149719,
            16.180377053102166,
            18.125116735986467,
            6.573684632220489,
            27.033281453246623,
            29.781281422674205,
            13.132741331457078,
            8.138099641838878,
            9.129030878589253,
            20.87376828857151
        ],
        "sinr_ue2": [
            11.923412445251895,
            12.489422902091247,
            16.141145279220318,
            12.48379528178864,
            26.653553403095422,
            16.199749248510997,
            16.046981443492477,
            24.040075155046402,
            40.41553179708458,
            34.13967314868683,
            40.29045281577471,
            21.94139795553245,
            19.77872799717916,
            29.21461424800263,
            12.155245997199465,
            26.010255938074273,
            21.742781492819958,
            30.936174365342023,
            31.881566100954387,
            15.048147739039262
        ],
        "power_bs1": [
            41.62438261416951,
            38.624382614169505,
            35.62438261416951,
            38.624382614169505,
            39.624382614169505,
            36.624382614169505,
            35.624382614169505,
            34.624382614169505,
            31.624382614169505,
            34.624382614169505,
            31.624382614169505,
            34.624382614169505,
            33.624382614169505,
            34.624382614169505,
            35.624382614169505,
            34.624382614169505,
            37.624382614169505,
            34.624382614169505,
            33.624382614169505,
            30.624382614169505
        ],
        "power_bs2": [
            36.586081763259465,
            37.586081763259465,
            38.58608176325946,
            37.586081763259465,
            38.58608176325946,
            39.586081763259465,
            38.58608176325946,
            39.586081763259465,
            40.586081763259465,
            43.58608176325946,
            42.586081763259465,
            43.58608176325946,
            40.586081763259465,
            37.586081763259465,
            34.586081763259465,
            31.586081763259457,
            32.58608176325946,
            35.586081763259465,
            32.58608176325946,
            33.58608176325946
        ]
    }
}