{
    "episode": 3578,
    "seed": 3578,
    "metrics": {
        "sinr_ue1": [
            26.807737223300265,
            17.33658477126587,
            15.243801986615985,
            30.567355718517113,
            17.177606187498526,
            33.80280387158712,
            21.60840727748514,
            31.342905571418008,
            26.867921096025857,
            26.83668519664647,
            27.956843961160097,
            15.287703097757191,
            28.45397553947786,
            17.27026774370783,
            30.2017030465396,
            22.085908907822244,
            30.083953841608107,
            17.184414568084154,
            17.079307670512996,
            15.186920743476666
        ],
        "sinr_ue2": [
            21.999201945960873,
            36.05669396944332,
            39.72170326276626,
            20.714532319887628,
            34.60503682845067,
            20.693897403269702,
            22.53259877806417,
            22.71144810902041,
            24.788314168379667,
            26.776190231521902,
            24.685432030901374,
            37.06602265295964,
            20.76987072133603,
            33.47874389126594,
            22.79512937548496,
            26.69329356732348,
            20.593120457287952,
            33.85108146187761,
            36.95510015505347,
            40.19851493234248
        ],
        "power_bs1": [
            46.09285322847438,
            43.09285322847438,
            40.09285322847438,
            41.09285322847438,
            42.09285322847438,
            39.09285322847438,
            38.09285322847438,
            41.09285322847438,
            38.09285322847438,
            39.09285322847438,
            40.09285322847438,
            43.09285322847438,
            44.09285322847438,
            45.09285322847438,
            42.09285322847438,
            39.09285322847438,
            42.09285322847438,
            43.09285322847438,
            42.09285322847438,
            41.09285322847438
        ],
        "power_bs2": [
            41.73525401239732,
            40.73525401239732,
            39.73525401239732,
            40.73525401239732,
            39.73525401239732,
            38.73525401239732,
            39.73525401239732,
            42.73525401239732,
            41.73525401239732,
            44.73525401239732,
            43.73525401239732,
            42.73525401239732,
            43.73525401239732,
            42.73525401239732,
            43.73525401239732,
            44.73525401239732,
            41.73525401239732,
            40.73525401239732,
            39.73525401239732,
            40.73525401239732
        ]
    }
}