{
    "episode": 4172,
    "seed": 4172,
    "metrics": {
        "sinr_ue1": [
            31.56847897561779,
            39.09638262977588,
            29.927367000354614,
            45.04258765584515,
            43.322241363562156,
            45.72304113098376,
            39.697801239008605,
            39.1160464452036,
            23.726101523734066,
            47.632793082757196,
            48.882039588318456,
            46.643304864613384,
            48.86050947848993,
            31.566195509444952,
            31.571400153595306,
            29.30925655303534,
            25.823989236462616,
            28.06449615288681,
            49.28839913050518,
            30.36025462149986
        ],
        "sinr_ue2": [
            9.208179348748631,
            7.098352972450566,
            18.29030332551651,
            7.082964298003523,
            4.996831527680767,
            5.073091621400675,
            7.112516726763614,
            8.799804856591146,
            21.755749488200347,
            3.061537405794189,
            3.123219222402938,
            9.525588463080451,
            8.955758453529105,
            13.21617222484879,
            15.363044449077584,
            22.364398734189024,
            22.12284343336815,
            19.232046632044582,
            4.985752733057391,
            23.164361385597463
        ],
        "power_bs1": [
            40.48247194104171,
            39.48247194104171,
            42.48247194104171,
            39.48247194104171,
            38.48247194104171,
            39.48247194104171,
            40.48247194104171,
            37.48247194104171,
            36.48247194104171,
            39.48247194104171,
            40.48247194104171,
            43.48247194104171,
            44.48247194104171,
            41.482471941041716,
            40.48247194104171,
            37.48247194104171,
            36.48247194104171,
            39.48247194104171,
            38.48247194104171,
            41.48247194104171
        ],
        "power_bs2": [
            37.4829464333243,
            34.4829464333243,
            33.4829464333243,
            34.4829464333243,
            31.482946433324305,
            32.4829464333243,
            35.4829464333243,
            34.4829464333243,
            33.4829464333243,
            30.4829464333243,
            31.482946433324305,
            30.4829464333243,
            31.482946433324305,
            30.4829464333243,
            29.4829464333243,
            28.4829464333243,
            31.482946433324305,
            32.4829464333243,
            31.482946433324305,
            32.4829464333243
        ]
    }
}