{
    "episode": 3009,
    "seed": 3009,
    "metrics": {
        "sinr_ue1": [
            8.629828896867501,
            12.664677219533784,
            20.374165135953053,
            35.05379568686698,
            14.633337924496194,
            24.116299733412884,
            31.852709772958963,
            16.39528895170892,
            28.491522957494595,
            12.336544973938206,
            25.612189950239042,
            13.480317448489087,
            22.227658104775237,
            23.973799201245697,
            47.77622816358011,
            20.108049473253146,
            41.49938452550216,
            18.1190604281296,
            30.823033453431997,
            18.039392475972193
        ],
        "sinr_ue2": [
            37.83065915856938,
            34.026569677714015,
            15.1005246245114,
            13.22310217481955,
            32.19052311215246,
            15.194225429823616,
            11.29170674274286,
            27.598794928970946,
            21.77956496807537,
            39.28652623492498,
            24.700117104658975,
            25.87062878853681,
            7.0726098095618255,
            27.005681163824114,
            3.0844645356168208,
            24.052481539301457,
            7.0198846072733,
            18.15292208426333,
            10.669812509555115,
            16.70661404759145
        ],
        "power_bs1": [
            35.104373639288845,
            36.104373639288845,
            37.104373639288845,
            40.10437363928885,
            39.104373639288845,
            38.104373639288845,
            41.104373639288845,
            38.104373639288845,
            35.104373639288845,
            34.104373639288845,
            35.104373639288845,
            38.104373639288845,
            41.104373639288845,
            40.10437363928885,
            41.104373639288845,
            38.104373639288845,
            37.104373639288845,
            36.104373639288845,
            33.104373639288845,
            34.104373639288845
        ],
        "power_bs2": [
            44.85894099744526,
            41.85894099744526,
            40.85894099744526,
            41.85894099744526,
            42.85894099744525,
            41.85894099744526,
            40.85894099744526,
            39.85894099744526,
            36.85894099744526,
            39.85894099744526,
            36.85894099744526,
            33.85894099744525,
            36.85894099744526,
            33.85894099744525,
            32.85894099744525,
            35.85894099744526,
            32.85894099744525,
            35.85894099744525,
            32.85894099744525,
            33.85894099744525
        ]
    }
}