{
    "episode": 720,
    "seed": 720,
    "metrics": {
        "sinr_ue1": [
            24.12148275369184,
            21.73540613846686,
            39.549004093700255,
            37.48405994611719,
            18.157204754788623,
            32.496023949856685,
            30.737889581868316,
            9.747846937099531,
            13.306817195321383,
            11.767578576206487,
            14.352804783922704,
            24.14378524148561,
            8.781397154715156,
            27.99474288443351,
            9.40344512856644,
            24.787816102386763,
            30.78176847849768,
            11.741946944843438,
            27.322605819595932,
            33.086190934695104
        ],
        "sinr_ue2": [
            15.170670211663941,
            13.10954821004013,
            15.200330076174446,
            4.206739198069947,
            4.341530695426349,
            4.182575842903727,
            9.984079278287481,
            28.621551290478795,
            27.2720907991173,
            29.041520602038112,
            25.834435247109212,
            11.493734445217987,
            34.250815816724554,
            13.164859437482672,
            21.700062409265453,
            9.090957017033132,
            22.089636819680788,
            25.911386923617698,
            7.623062685342205,
            7.62926286309898
        ],
        "power_bs1": [
            45.90568845145405,
            42.90568845145405,
            39.90568845145405,
            36.90568845145405,
            39.90568845145405,
            36.90568845145405,
            33.90568845145405,
            30.905688451454047,
            33.90568845145405,
            32.90568845145405,
            33.90568845145405,
            30.905688451454047,
            31.905688451454047,
            28.905688451454044,
            29.905688451454044,
            28.905688451454044,
            31.905688451454047,
            30.905688451454047,
            33.90568845145404,
            34.90568845145405
        ],
        "power_bs2": [
            31.400780967966497,
            30.400780967966497,
            27.400780967966497,
            28.400780967966494,
            31.400780967966497,
            28.400780967966494,
            31.400780967966497,
            30.400780967966497,
            29.400780967966497,
            30.400780967966497,
            27.400780967966494,
            30.400780967966497,
            33.4007809679665,
            30.400780967966497,
            29.400780967966497,
            26.400780967966494,
            25.40078096796649,
            26.400780967966494,
            29.400780967966497,
            30.400780967966497
        ]
    }
}