{
    "episode": 563,
    "seed": 563,
    "metrics": {
        "sinr_ue1": [
            46.222044200898615,
            23.650597533387547,
            41.080827981750076,
            21.39609672374075,
            42.08377194312456,
            21.399272995527316,
            37.69990367575983,
            47.466139785267025,
            35.566740361366655,
            39.92446887765076,
            23.42686077585785,
            19.584304832740745,
            21.33433534640791,
            19.570030017239198,
            6.910046898256103,
            15.643834787524469,
            34.970790442956556,
            15.784145939657932,
            21.43931742358182,
            20.92180250350586
        ],
        "sinr_ue2": [
            10.117127817492715,
            30.912945667504754,
            11.970764554432625,
            26.88514010722638,
            11.763002906862328,
            34.750862203074085,
            9.986423124801684,
            4.071803831866755,
            15.554599408023307,
            11.832013000546018,
            20.89597733488634,
            32.04286059912894,
            33.24270879943135,
            24.30797179227339,
            37.47289983755443,
            19.53292180805642,
            18.884551004063326,
            37.26958235481913,
            31.108601943536858,
            26.31485514468638
        ],
        "power_bs1": [
            42.02662708863687,
            43.026627088636864,
            40.02662708863687,
            37.02662708863687,
            36.02662708863687,
            37.02662708863687,
            40.02662708863687,
            43.026627088636864,
            40.02662708863687,
            37.02662708863687,
            34.026627088636864,
            31.026627088636868,
            32.02662708863687,
            31.026627088636868,
            30.026627088636868,
            33.026627088636864,
            30.026627088636868,
            29.026627088636868,
            32.026627088636864,
            29.026627088636868
        ],
        "power_bs2": [
            36.34952087749595,
            39.34952087749595,
            36.34952087749595,
            35.34952087749595,
            32.34952087749595,
            35.34952087749595,
            34.34952087749595,
            31.349520877495944,
            32.34952087749595,
            33.34952087749595,
            30.349520877495948,
            31.349520877495944,
            30.349520877495948,
            31.349520877495944,
            34.34952087749595,
            37.34952087749595,
            34.34952087749595,
            33.34952087749595,
            30.349520877495944,
            27.349520877495944
        ]
    }
}