{
    "episode": 4683,
    "seed": 4683,
    "metrics": {
        "sinr_ue1": [
            29.269635794787156,
            28.561077240179735,
            42.8633263835449,
            35.186250478548416,
            22.411472879419204,
            22.957259385028244,
            20.905962434075676,
            17.048909468216657,
            24.24811074748385,
            9.237234505815776,
            26.207211606338742,
            9.287359408585772,
            20.759478559169576,
            7.3578930963953395,
            3.5434658892710127,
            26.09942298715792,
            7.437927491238245,
            7.167185478859591,
            8.645401027795323,
            3.228812563215829
        ],
        "sinr_ue2": [
            25.420858684437285,
            38.17248669730954,
            17.25103798002796,
            23.262335025736828,
            27.105863952621778,
            21.29300000810811,
            32.808549131080426,
            35.9279778357208,
            44.6203557223363,
            33.359083778613574,
            28.992429449711672,
            42.87395394611879,
            30.624772440795873,
            47.627314090976625,
            52.5283288682312,
            28.498177579210168,
            47.279730871303926,
            37.513947953717924,
            45.74701137692913,
            49.685081313814635
        ],
        "power_bs1": [
            42.928920243414666,
            43.92892024341467,
            44.928920243414666,
            41.92892024341467,
            40.928920243414666,
            43.92892024341467,
            44.928920243414666,
            41.92892024341467,
            38.928920243414666,
            35.928920243414666,
            38.928920243414666,
            35.928920243414666,
            34.928920243414666,
            33.928920243414666,
            32.928920243414666,
            35.928920243414666,
            34.928920243414666,
            31.928920243414666,
            30.928920243414666,
            27.928920243414666
        ],
        "power_bs2": [
            42.472930450904045,
            39.472930450904045,
            36.472930450904045,
            39.472930450904045,
            42.472930450904045,
            39.472930450904045,
            36.472930450904045,
            37.472930450904045,
            40.472930450904045,
            39.472930450904045,
            42.472930450904045,
            39.472930450904045,
            40.472930450904045,
            39.472930450904045,
            42.472930450904045,
            39.472930450904045,
            40.472930450904045,
            37.472930450904045,
            34.472930450904045,
            37.472930450904045
        ]
    }
}