{
    "episode": 3470,
    "seed": 3470,
    "metrics": {
        "sinr_ue1": [
            27.4837462110392,
            16.73354542067172,
            22.88682201556952,
            27.59374327226304,
            11.149991247163962,
            15.941652739687129,
            9.464917737152128,
            14.923299970006212,
            23.897744577054073,
            10.899389549822496,
            5.436466086392235,
            22.95033422770579,
            19.4995282497105,
            5.552290496311922,
            7.6415938658534515,
            23.591540992418043,
            5.866004977554848,
            7.782827985366038,
            5.736098611691931,
            24.282721762036346
        ],
        "sinr_ue2": [
            42.87360032709073,
            38.51070438472124,
            24.338026669887487,
            22.154498090233268,
            27.176226334761186,
            21.987283073935544,
            44.76111843768939,
            35.25252145161292,
            22.174027349669466,
            38.79179115805328,
            41.07046617545442,
            28.516710603505096,
            32.44083655812834,
            37.61783080403958,
            26.88721720894895,
            28.60553777658106,
            44.979186411391595,
            44.276741536173915,
            46.20612083094563,
            24.73203099976662
        ],
        "power_bs1": [
            35.55905696425273,
            34.55905696425273,
            33.55905696425273,
            32.55905696425273,
            33.55905696425273,
            32.55905696425273,
            33.55905696425273,
            36.55905696425273,
            35.55905696425273,
            32.55905696425273,
            29.55905696425273,
            30.559056964252733,
            27.559056964252733,
            30.559056964252733,
            33.55905696425273,
            32.55905696425273,
            33.55905696425273,
            34.55905696425273,
            31.559056964252733,
            32.55905696425273
        ],
        "power_bs2": [
            36.8000841391127,
            33.8000841391127,
            34.8000841391127,
            31.800084139112702,
            32.8000841391127,
            31.800084139112702,
            34.8000841391127,
            31.800084139112702,
            34.8000841391127,
            31.800084139112702,
            34.8000841391127,
            35.8000841391127,
            36.8000841391127,
            35.8000841391127,
            36.8000841391127,
            37.8000841391127,
            38.8000841391127,
            37.8000841391127,
            36.8000841391127,
            33.8000841391127
        ]
    }
}