{
    "episode": 15,
    "seed": 15,
    "metrics": {
        "sinr_ue1": [
            21.929392835176355,
            31.793728680382728,
            25.36006889033571,
            10.328594244731942,
            12.471655999826739,
            10.586652437496866,
            8.453830182299969,
            9.830686871324582,
            6.399631095277579,
            6.235304733369455,
            6.406440463727446,
            23.0200371461502,
            19.198644020453916,
            0.7208353359901796,
            11.582029470167814,
            22.590227950681996,
            4.514387549531214,
            18.092947081807786,
            16.439883078811313,
            7.310215758020058
        ],
        "sinr_ue2": [
            12.840026693291872,
            10.742691850857895,
            25.471137687479185,
            19.751316023827094,
            26.066796276820654,
            28.864974028284248,
            32.64863359690122,
            26.1383099432732,
            34.87324820043497,
            30.537552197742443,
            32.38575098170986,
            29.371020276616726,
            17.820352941889578,
            37.0294284870258,
            40.009239839999104,
            17.767186421468924,
            35.01122509652588,
            15.236611839717057,
            19.257366083134247,
            31.38891226320702
        ],
        "power_bs1": [
            41.42827426287787,
            40.42827426287786,
            37.42827426287786,
            36.42827426287787,
            39.42827426287786,
            38.42827426287786,
            35.42827426287787,
            34.42827426287786,
            33.42827426287786,
            32.42827426287786,
            33.42827426287786,
            30.428274262877867,
            29.428274262877867,
            30.428274262877867,
            33.42827426287786,
            34.42827426287786,
            31.42827426287787,
            28.428274262877867,
            25.428274262877867,
            26.42827426287787
        ],
        "power_bs2": [
            41.12633241958049,
            38.126332419580486,
            35.126332419580486,
            36.126332419580486,
            37.126332419580486,
            38.126332419580486,
            37.126332419580486,
            34.126332419580486,
            37.126332419580486,
            36.126332419580486,
            37.126332419580486,
            34.126332419580486,
            37.126332419580486,
            40.126332419580486,
            43.12633241958048,
            40.126332419580486,
            37.126332419580486,
            34.126332419580486,
            37.126332419580486,
            34.126332419580486
        ]
    }
}