{
    "episode": 2851,
    "seed": 2851,
    "metrics": {
        "sinr_ue1": [
            64.1703940577204,
            59.01103222757839,
            44.25341155076734,
            58.82631490503801,
            45.89009728533331,
            40.281538029485056,
            58.7102934637135,
            42.57053092237983,
            36.64424098637539,
            55.87131716803342,
            38.521030971480876,
            37.011450925086486,
            49.1158812308163,
            54.39005753318003,
            40.74898417612619,
            44.106390721775384,
            42.18570458711693,
            47.448734262972174,
            49.906890600268895,
            50.11691151494073
        ],
        "sinr_ue2": [
            19.85015814528645,
            22.126429513235273,
            38.301328347562354,
            20.623709387874896,
            40.76998611903289,
            39.43843195916118,
            23.165947544439533,
            22.907333132751234,
            45.391263611857724,
            31.010963992176414,
            38.553662084046934,
            31.867622268015296,
            49.64724502215131,
            28.835054760081633,
            45.45472306803549,
            39.490018282078786,
            36.77588988566614,
            51.567545346703156,
            33.34040150344229,
            24.993504618718546
        ],
        "power_bs1": [
            42.351505106209366,
            39.351505106209366,
            40.35150510620937,
            39.351505106209366,
            38.35150510620937,
            35.351505106209366,
            36.35150510620937,
            39.351505106209366,
            36.35150510620937,
            33.351505106209366,
            36.351505106209366,
            37.351505106209366,
            34.351505106209366,
            35.351505106209366,
            38.351505106209366,
            39.351505106209366,
            38.351505106209366,
            41.35150510620937,
            44.351505106209366,
            45.351505106209366
        ],
        "power_bs2": [
            33.49573597755027,
            32.49573597755027,
            31.495735977550265,
            30.495735977550265,
            27.495735977550268,
            30.495735977550265,
            29.495735977550265,
            32.49573597755027,
            35.49573597755027,
            34.49573597755026,
            33.49573597755027,
            36.49573597755027,
            37.49573597755027,
            34.49573597755026,
            33.49573597755027,
            30.495735977550265,
            31.495735977550265,
            28.49573597755026,
            29.495735977550265,
            30.495735977550265
        ]
    }
}