{
    "episode": 1282,
    "seed": 1282,
    "metrics": {
        "sinr_ue1": [
            26.8347328812927,
            25.583352874576736,
            27.37636795779411,
            10.263500184255403,
            23.27120796630926,
            12.321346387312262,
            33.73521101904555,
            10.373594339100595,
            20.5710994156326,
            12.47925517705941,
            14.31534025878479,
            26.80256716288435,
            20.87683618451566,
            10.385350103775124,
            26.96403929614602,
            10.267634244861279,
            15.091517818480689,
            6.185661284680078,
            8.143608056730185,
            17.456286942688337
        ],
        "sinr_ue2": [
            6.7690284811054955,
            8.680156818850314,
            10.622005581658565,
            24.1042289978555,
            27.558631635937907,
            24.226923297102285,
            6.591773396037219,
            26.643830822124315,
            25.878088416294183,
            25.451718511401317,
            27.11578928291115,
            10.74822215531475,
            10.662743733759395,
            26.845446634527576,
            6.613275226026198,
            24.27930551455427,
            10.637123050527054,
            30.968613389847263,
            28.101261173261175,
            14.407597055300593
        ],
        "power_bs1": [
            34.32409339448393,
            31.32409339448393,
            30.32409339448393,
            33.32409339448393,
            30.32409339448393,
            31.324093394483935,
            34.32409339448393,
            31.324093394483935,
            32.32409339448394,
            35.32409339448393,
            34.32409339448393,
            31.324093394483935,
            32.32409339448394,
            35.32409339448393,
            34.32409339448393,
            33.32409339448393,
            30.32409339448393,
            27.32409339448393,
            26.32409339448393,
            23.32409339448393
        ],
        "power_bs2": [
            41.14434416965797,
            40.14434416965798,
            41.14434416965797,
            42.14434416965797,
            41.14434416965797,
            38.14434416965797,
            41.14434416965797,
            40.14434416965798,
            43.14434416965797,
            42.14434416965797,
            39.14434416965797,
            42.14434416965797,
            43.14434416965797,
            44.14434416965797,
            41.14434416965797,
            42.14434416965797,
            41.14434416965797,
            40.14434416965797,
            37.14434416965797,
            38.14434416965797
        ]
    }
}