{
    "episode": 2754,
    "seed": 2754,
    "metrics": {
        "sinr_ue1": [
            8.854652534566172,
            25.153061706776928,
            27.367196245558404,
            12.683594873789003,
            9.172355653065491,
            10.173657123046787,
            7.851384637648713,
            21.166946856698438,
            27.708934769695176,
            6.566549429744963,
            9.032004626340461,
            20.35315513899255,
            25.86338454628287,
            27.713183818633517,
            20.912943737915384,
            4.158800132418056,
            4.813226967097105,
            29.78581941532136,
            13.880408303931492,
            25.228897603826127
        ],
        "sinr_ue2": [
            24.000204112343788,
            13.674651359779519,
            11.76785423932434,
            24.596548809443483,
            23.65386075231033,
            29.803731230425615,
            28.477885337701757,
            26.66589611368287,
            11.13243263545343,
            25.778866681860553,
            25.754303208198838,
            6.288695268249041,
            6.550441942115352,
            11.45895475490303,
            30.745008452604058,
            31.42418707535914,
            32.26743582658385,
            10.712492404381459,
            22.88988128301596,
            10.665452545248769
        ],
        "power_bs1": [
            35.06809677842969,
            38.06809677842969,
            39.06809677842969,
            38.06809677842969,
            35.06809677842969,
            34.06809677842969,
            31.06809677842969,
            32.068096778429684,
            29.068096778429688,
            28.068096778429688,
            31.068096778429684,
            32.068096778429684,
            33.06809677842969,
            30.06809677842969,
            31.06809677842969,
            28.068096778429688,
            31.068096778429684,
            34.06809677842969,
            37.068096778429684,
            34.06809677842969
        ],
        "power_bs2": [
            36.5550665862144,
            39.55506658621441,
            38.55506658621441,
            35.55506658621441,
            34.55506658621441,
            33.55506658621441,
            32.55506658621441,
            31.555066586214405,
            30.5550665862144,
            29.55506658621441,
            30.5550665862144,
            27.555066586214405,
            28.555066586214405,
            31.555066586214405,
            34.55506658621441,
            33.55506658621441,
            36.5550665862144,
            33.55506658621441,
            32.55506658621441,
            33.55506658621441
        ]
    }
}