{
    "episode": 4142,
    "seed": 4142,
    "metrics": {
        "sinr_ue1": [
            15.366263937890867,
            17.2412863921933,
            33.71336316573196,
            18.826779185866815,
            27.794143747641492,
            27.408195241319618,
            23.400174744948096,
            25.917999274666318,
            20.65875768186851,
            33.77265107440443,
            39.95856921166927,
            32.83303796490812,
            14.910754825945517,
            14.841533802570599,
            30.797154403899583,
            14.786646283498516,
            38.840961879169754,
            31.390939080626552,
            30.79660308101376,
            28.09574056197977
        ],
        "sinr_ue2": [
            32.05389320052356,
            30.28556010528551,
            10.638800500074463,
            34.35023913375228,
            21.285978684251997,
            25.068232577567056,
            16.542209334091243,
            20.025651952908166,
            31.718314213274525,
            11.724551530027679,
            9.676599059974793,
            15.486126510165413,
            20.255978324699324,
            19.358195956799513,
            19.44742607873837,
            34.02058339061541,
            13.301195113841473,
            19.287961336584452,
            19.404401064233348,
            32.94407186478417
        ],
        "power_bs1": [
            36.66893709847232,
            35.66893709847232,
            36.66893709847232,
            33.66893709847232,
            30.66893709847232,
            29.66893709847232,
            30.66893709847232,
            33.66893709847232,
            36.66893709847232,
            39.66893709847232,
            40.66893709847232,
            37.66893709847232,
            36.66893709847232,
            39.66893709847232,
            38.66893709847232,
            35.66893709847232,
            38.66893709847232,
            35.66893709847232,
            38.66893709847232,
            41.66893709847231
        ],
        "power_bs2": [
            41.712865846685276,
            38.712865846685276,
            37.712865846685276,
            34.712865846685276,
            37.712865846685276,
            40.712865846685276,
            37.712865846685276,
            36.712865846685276,
            35.71286584668527,
            36.712865846685276,
            35.71286584668527,
            38.712865846685276,
            41.712865846685276,
            44.71286584668527,
            43.712865846685276,
            40.712865846685276,
            37.712865846685276,
            40.71286584668527,
            43.712865846685276,
            42.71286584668527
        ]
    }
}