{
    "episode": 3780,
    "seed": 3780,
    "metrics": {
        "sinr_ue1": [
            36.4971579126714,
            36.717055987460256,
            12.378276080379155,
            6.531310549801282,
            4.517388948310847,
            4.537487254702941,
            4.507179038123849,
            8.460559966205894,
            17.767200446422706,
            23.078962589367926,
            24.867658468927797,
            25.681600038311565,
            22.193172365801644,
            21.900914689736904,
            25.748859089174395,
            7.713079136088893,
            31.93772903466089,
            7.666991901070917,
            20.118985833825363,
            10.302763322926577
        ],
        "sinr_ue2": [
            35.43179923577151,
            21.16013638592918,
            40.2299638570383,
            51.448416681155365,
            49.34564093995341,
            32.64214069381929,
            45.53662156622538,
            46.80298176186602,
            33.15404541374178,
            30.892407085781866,
            28.91890719035498,
            31.067019533409315,
            45.74978462539498,
            30.779336480320584,
            26.780146968408012,
            42.31932797379458,
            22.62765806430968,
            38.48654002675017,
            28.1741394174553,
            43.36389252364634
        ],
        "power_bs1": [
            43.37625849181837,
            42.376258491818376,
            39.376258491818376,
            36.37625849181837,
            33.376258491818376,
            36.37625849181837,
            37.376258491818376,
            40.37625849181837,
            37.376258491818376,
            36.37625849181837,
            39.37625849181837,
            36.37625849181837,
            33.37625849181837,
            30.37625849181837,
            31.376258491818373,
            28.37625849181837,
            31.37625849181837,
            28.37625849181837,
            31.37625849181837,
            34.37625849181836
        ],
        "power_bs2": [
            40.02132703576875,
            39.02132703576874,
            40.02132703576875,
            43.02132703576874,
            42.021327035768735,
            45.02132703576875,
            46.02132703576874,
            45.02132703576875,
            46.02132703576874,
            43.02132703576874,
            44.02132703576874,
            43.02132703576874,
            40.02132703576875,
            37.02132703576874,
            34.02132703576874,
            33.02132703576874,
            30.021327035768742,
            33.02132703576874,
            36.02132703576874,
            37.021327035768735
        ]
    }
}