{
    "episode": 2378,
    "seed": 2378,
    "metrics": {
        "sinr_ue1": [
            33.06660510485357,
            22.03908784808445,
            16.486636506176563,
            34.091768129389955,
            34.008393474417566,
            16.70726395108123,
            14.010015830117904,
            30.989497812451276,
            14.593617844913936,
            14.803306433276608,
            12.540773317613954,
            28.89593198156746,
            14.366398236866672,
            21.256291352163217,
            17.09553513474024,
            14.245465829714172,
            20.311757135720114,
            14.932674052358774,
            2.60905871187828,
            5.695436911790487
        ],
        "sinr_ue2": [
            13.45702034843239,
            11.403067451207967,
            21.45026061199293,
            9.356533063951636,
            7.354887472562187,
            25.625293921147872,
            25.94849290298096,
            11.247091746315599,
            28.63045394853351,
            25.41275763365789,
            17.486202192292918,
            13.09957481621288,
            14.921037692651304,
            20.392868041708546,
            21.434219231862368,
            22.058809370042617,
            19.412636860437015,
            22.056812561415345,
            37.11814175748819,
            33.103874808094396
        ],
        "power_bs1": [
            40.33209008047122,
            39.33209008047121,
            38.33209008047121,
            39.33209008047121,
            38.33209008047121,
            35.33209008047122,
            34.33209008047121,
            37.33209008047122,
            36.33209008047122,
            37.33209008047122,
            34.33209008047121,
            35.33209008047122,
            34.33209008047121,
            31.332090080471215,
            28.33209008047121,
            25.332090080471215,
            28.33209008047121,
            25.332090080471215,
            24.332090080471215,
            25.332090080471215
        ],
        "power_bs2": [
            40.27609698347416,
            37.27609698347416,
            34.27609698347416,
            35.27609698347416,
            32.27609698347416,
            29.27609698347416,
            32.27609698347416,
            35.27609698347416,
            34.27609698347416,
            35.27609698347416,
            34.27609698347416,
            35.27609698347416,
            36.27609698347416,
            39.27609698347416,
            38.27609698347416,
            37.27609698347416,
            36.27609698347416,
            37.27609698347416,
            34.27609698347416,
            31.27609698347416
        ]
    }
}