{
    "episode": 2860,
    "seed": 2860,
    "metrics": {
        "sinr_ue1": [
            18.115788964221938,
            19.946238009097282,
            21.93627048189311,
            39.6057903564038,
            43.132518825301396,
            48.02678952175171,
            43.791031984771166,
            25.81213415079506,
            27.838908471805283,
            29.776743207603662,
            41.22435603211808,
            23.63540790972764,
            36.13791078410982,
            32.46967687730438,
            26.807981556843224,
            15.787807319046385,
            15.940988465162755,
            20.030266003262156,
            33.65693236131857,
            30.21068456053241
        ],
        "sinr_ue2": [
            28.181343965642817,
            27.446581939874957,
            22.472005314821317,
            4.71512673575147,
            6.462680793221553,
            0.8013831979382984,
            4.763883367262888,
            4.9352935290457705,
            15.226341934541768,
            18.826245779568026,
            2.873058428447921,
            21.00101848357906,
            19.67642316125331,
            10.747535967538166,
            14.6772281255538,
            35.322399820385954,
            32.44300994763585,
            10.839043300322759,
            29.317767059253445,
            14.680694080717382
        ],
        "power_bs1": [
            35.443670562826014,
            36.443670562826014,
            37.443670562826014,
            38.44367056282601,
            35.443670562826014,
            38.44367056282601,
            37.443670562826014,
            40.443670562826014,
            43.44367056282601,
            44.443670562826014,
            41.44367056282601,
            38.44367056282601,
            37.44367056282601,
            38.44367056282601,
            37.44367056282601,
            36.443670562826014,
            37.443670562826014,
            40.443670562826014,
            39.44367056282601,
            38.44367056282601
        ],
        "power_bs2": [
            33.83653637472007,
            32.83653637472007,
            31.83653637472007,
            28.83653637472007,
            27.83653637472007,
            24.836536374720065,
            27.83653637472007,
            30.83653637472007,
            31.83653637472007,
            30.83653637472007,
            29.836536374720065,
            30.83653637472007,
            33.83653637472007,
            34.83653637472007,
            37.83653637472007,
            36.83653637472007,
            37.83653637472007,
            36.83653637472007,
            39.83653637472007,
            38.83653637472007
        ]
    }
}