{
    "episode": 1301,
    "seed": 1301,
    "metrics": {
        "sinr_ue1": [
            15.736340517457734,
            16.701356247116614,
            17.76245286422858,
            35.637016453460355,
            27.96226170598873,
            19.557701271061212,
            14.868021209146038,
            13.341907758273472,
            29.023585621181837,
            7.265723461064094,
            7.58333051208444,
            21.595706562799254,
            26.24395523865937,
            7.280774578899761,
            8.374838130872943,
            10.856285715159359,
            16.962169234431336,
            19.446169543912564,
            5.209198436404636,
            7.354312631826931
        ],
        "sinr_ue2": [
            22.870296704995496,
            8.245277400528067,
            21.63758778204587,
            8.089601632520338,
            15.232538145476104,
            7.889130746955397,
            21.140753593883964,
            15.956545752456602,
            11.585384146887613,
            29.952394430206635,
            32.28711203683575,
            16.423183469829773,
            12.807652527406221,
            25.64110932970504,
            15.622027880676988,
            35.094155972128675,
            21.384897442578957,
            17.601283598230246,
            29.974663408411395,
            28.557238961915022
        ],
        "power_bs1": [
            37.29627826301498,
            40.29627826301499,
            39.29627826301499,
            36.29627826301498,
            35.29627826301499,
            34.29627826301499,
            35.29627826301499,
            34.29627826301499,
            31.296278263014983,
            28.296278263014987,
            27.296278263014987,
            26.296278263014983,
            27.296278263014987,
            28.296278263014987,
            31.296278263014983,
            30.296278263014983,
            29.296278263014987,
            30.296278263014983,
            31.296278263014983,
            34.29627826301499
        ],
        "power_bs2": [
            31.371361538144726,
            34.371361538144726,
            31.371361538144726,
            30.371361538144726,
            27.371361538144726,
            28.371361538144726,
            29.371361538144726,
            30.371361538144726,
            29.371361538144726,
            30.371361538144726,
            27.371361538144726,
            30.371361538144726,
            27.371361538144722,
            30.371361538144726,
            33.371361538144726,
            34.371361538144726,
            37.371361538144726,
            34.371361538144726,
            37.371361538144726,
            38.371361538144726
        ]
    }
}