{
    "episode": 3919,
    "seed": 3919,
    "metrics": {
        "sinr_ue1": [
            37.57249046412518,
            28.238400776826992,
            14.651797676469178,
            14.707103641730452,
            31.526097776244125,
            27.523426677823373,
            18.34865904369512,
            30.80000709056693,
            28.309926716983696,
            14.261906578982124,
            24.942133786259724,
            12.487987458885318,
            15.61429180482413,
            32.26207346342012,
            29.436465550160534,
            8.7806178626393,
            8.654623619943902,
            8.77968193737094,
            20.764839877105928,
            6.6846165788686065
        ],
        "sinr_ue2": [
            11.973892718628605,
            25.87780215072074,
            36.256550268360776,
            34.44390916038166,
            13.939073970418345,
            29.358898971105898,
            34.402181773344346,
            17.842310867761153,
            20.581365964387604,
            32.31494704161824,
            17.187381267261905,
            34.16787953817376,
            30.430361758676014,
            17.967163893589767,
            16.04657316791865,
            37.39854980375638,
            35.21274180057732,
            35.66669943319382,
            19.785050576921744,
            39.97409978181395
        ],
        "power_bs1": [
            40.68583197589653,
            39.68583197589653,
            38.68583197589652,
            39.68583197589653,
            38.68583197589652,
            37.68583197589653,
            40.68583197589653,
            37.68583197589653,
            38.68583197589652,
            35.68583197589653,
            32.68583197589652,
            35.68583197589653,
            38.68583197589652,
            39.68583197589653,
            40.68583197589653,
            37.68583197589652,
            34.68583197589653,
            37.68583197589652,
            36.68583197589652,
            33.68583197589652
        ],
        "power_bs2": [
            37.50368450835231,
            38.50368450835231,
            39.50368450835231,
            40.50368450835231,
            37.50368450835231,
            38.50368450835231,
            37.50368450835231,
            40.50368450835231,
            37.50368450835231,
            36.50368450835231,
            35.50368450835231,
            38.50368450835231,
            41.50368450835231,
            42.50368450835231,
            41.50368450835231,
            44.50368450835231,
            41.50368450835231,
            44.50368450835231,
            41.50368450835231,
            42.50368450835231
        ]
    }
}