{
    "episode": 2019,
    "seed": 2019,
    "metrics": {
        "sinr_ue1": [
            13.248008506356001,
            32.656424615877064,
            12.941773915992785,
            21.78498345461065,
            23.101654844533428,
            29.225645928909437,
            18.08861365771936,
            30.481309359983165,
            14.979728740624536,
            31.827401358262506,
            34.23443073960353,
            17.096890883156664,
            38.27767847279151,
            21.143991831345144,
            17.358815704487185,
            37.3174700379392,
            35.95278749561271,
            15.367775390693613,
            33.08043205036641,
            35.30365532217895
        ],
        "sinr_ue2": [
            39.75674005321299,
            21.055170821509115,
            36.31281068694281,
            28.81439764362983,
            26.999181363327317,
            29.539924275076185,
            40.45197012264832,
            21.09625238972994,
            40.742348316552466,
            28.032169277467197,
            19.12382488617777,
            37.0515702843887,
            13.155100854623177,
            37.66673118823817,
            38.206558996300416,
            16.99484093463318,
            16.952098755067706,
            40.84469942506986,
            20.997615467103927,
            16.93983015275897
        ],
        "power_bs1": [
            39.42673610723502,
            38.42673610723502,
            35.426736107235016,
            32.426736107235016,
            33.42673610723502,
            34.426736107235016,
            31.42673610723502,
            34.426736107235016,
            37.426736107235016,
            38.42673610723502,
            41.42673610723502,
            40.426736107235016,
            43.426736107235016,
            44.42673610723502,
            43.426736107235016,
            44.42673610723502,
            45.426736107235016,
            42.426736107235016,
            45.426736107235016,
            46.42673610723502
        ],
        "power_bs2": [
            42.30497328119884,
            39.30497328119883,
            38.30497328119883,
            41.30497328119883,
            40.30497328119884,
            37.30497328119883,
            36.30497328119884,
            35.30497328119884,
            38.30497328119883,
            41.30497328119883,
            40.30497328119884,
            39.30497328119883,
            36.30497328119883,
            39.30497328119883,
            42.30497328119884,
            41.30497328119883,
            42.30497328119884,
            43.30497328119883,
            46.30497328119883,
            43.30497328119883
        ]
    }
}