{
    "episode": 2371,
    "seed": 2371,
    "metrics": {
        "sinr_ue1": [
            47.2141797810995,
            47.31408787505096,
            45.1883704883823,
            44.854978158539424,
            29.85881800835052,
            48.12373509727854,
            31.346524708850694,
            50.27136527608288,
            48.27181314187173,
            33.295677144966845,
            35.73495828066881,
            27.55783987652407,
            41.88810401765326,
            44.1545865490582,
            43.369241242765725,
            32.433757075584005,
            32.37933263746869,
            32.03252437181783,
            31.682316076780236,
            31.598115380505263
        ],
        "sinr_ue2": [
            11.368995851859523,
            10.732009179799176,
            7.308468037221674,
            13.125389132320727,
            32.6853470690267,
            11.334988434796845,
            20.88815800461859,
            7.337169514413469,
            10.632177094891958,
            25.721999244658207,
            11.238705011478093,
            24.69998145653255,
            14.765192619754423,
            12.628233305225873,
            13.089605130394592,
            20.116416102437903,
            26.178061119982907,
            13.08488375449631,
            26.849227461744675,
            9.30527296870588
        ],
        "power_bs1": [
            38.69013490460412,
            41.69013490460412,
            38.69013490460412,
            35.69013490460412,
            38.69013490460412,
            39.69013490460413,
            40.69013490460413,
            39.69013490460413,
            38.69013490460412,
            37.69013490460412,
            36.69013490460412,
            33.69013490460412,
            32.69013490460412,
            31.690134904604122,
            34.69013490460412,
            37.69013490460412,
            40.69013490460412,
            39.69013490460412,
            38.69013490460412,
            41.69013490460412
        ],
        "power_bs2": [
            38.57477775575577,
            35.57477775575577,
            34.57477775575577,
            37.57477775575577,
            38.57477775575577,
            39.57477775575577,
            38.57477775575577,
            35.57477775575577,
            34.57477775575577,
            33.57477775575577,
            36.57477775575577,
            35.57477775575577,
            36.57477775575577,
            33.57477775575577,
            36.57477775575577,
            35.57477775575577,
            38.57477775575577,
            37.57477775575577,
            36.57477775575577,
            39.57477775575577
        ]
    }
}