{
    "episode": 2224,
    "seed": 2224,
    "metrics": {
        "sinr_ue1": [
            38.15614521815717,
            22.09247272886071,
            20.06822823375051,
            35.126736137842656,
            25.872114974980455,
            29.691165449553914,
            38.52544114209259,
            46.05132416935328,
            38.147447363849814,
            27.867183652936692,
            22.224039647823687,
            20.356482298954663,
            29.96038849703033,
            18.569809923369657,
            39.647422706971405,
            12.530987574718607,
            29.763458061244794,
            32.18594696049428,
            10.552269134785028,
            26.283427457991525
        ],
        "sinr_ue2": [
            34.95470313147556,
            33.99154956135603,
            40.33284144296053,
            19.99303221685222,
            32.57820700326238,
            29.362325388944992,
            12.117378068987819,
            14.039667536109192,
            17.632836045531057,
            12.171474346894318,
            32.835943334491375,
            25.10108004750854,
            23.97777124086534,
            39.70464333827888,
            22.13927806979037,
            45.67714220935984,
            27.648234085235966,
            29.433895416814853,
            41.54876155582278,
            41.97950641032362
        ],
        "power_bs1": [
            44.115575985504904,
            43.115575985504904,
            42.115575985504904,
            39.115575985504904,
            42.115575985504904,
            43.115575985504904,
            40.1155759855049,
            39.115575985504904,
            38.115575985504904,
            41.115575985504904,
            38.115575985504904,
            39.115575985504904,
            36.115575985504904,
            39.115575985504904,
            38.115575985504904,
            35.115575985504904,
            34.115575985504904,
            33.115575985504904,
            34.115575985504904,
            35.115575985504904
        ],
        "power_bs2": [
            40.962950179017525,
            41.962950179017525,
            42.96295017901752,
            39.96295017901752,
            36.962950179017525,
            33.96295017901752,
            32.96295017901752,
            33.962950179017525,
            30.962950179017522,
            33.96295017901752,
            36.962950179017525,
            39.96295017901752,
            40.962950179017525,
            41.962950179017525,
            40.962950179017525,
            43.962950179017525,
            42.96295017901752,
            43.962950179017525,
            44.96295017901752,
            45.962950179017525
        ]
    }
}