{
    "episode": 2491,
    "seed": 2491,
    "metrics": {
        "sinr_ue1": [
            40.434910612900595,
            33.69909022417217,
            22.225697855748237,
            34.018734623325805,
            4.903953463068688,
            27.786063297667596,
            29.525986840896742,
            16.442723719351214,
            20.403166017495753,
            42.57325149395436,
            33.60819115271754,
            29.46593938942442,
            32.49887565710077,
            27.427578332126746,
            14.785026244842543,
            14.707385503786835,
            33.69251011862241,
            20.700690768639912,
            31.853801870653488,
            36.87906739009924
        ],
        "sinr_ue2": [
            13.313533644656289,
            11.134155304286823,
            25.704856191109904,
            13.498194873769423,
            36.27071281265221,
            27.39075488406661,
            16.405350764318776,
            31.210498078738706,
            18.820574568365693,
            9.770586045063665,
            23.970496486316204,
            9.737610331779624,
            15.330650147275593,
            29.60859068419728,
            35.47556246697826,
            31.87756551367351,
            15.63548485259615,
            30.620364852978177,
            27.613855341874004,
            14.018269453257693
        ],
        "power_bs1": [
            36.04076633434363,
            35.04076633434364,
            38.04076633434364,
            37.04076633434363,
            34.04076633434364,
            31.040766334343633,
            32.04076633434363,
            35.04076633434363,
            36.04076633434363,
            39.04076633434364,
            42.04076633434363,
            39.04076633434363,
            36.04076633434363,
            33.04076633434363,
            34.04076633434363,
            35.04076633434363,
            38.04076633434364,
            41.04076633434363,
            44.04076633434364,
            43.04076633434363
        ],
        "power_bs2": [
            38.207318163231264,
            35.20731816323127,
            36.207318163231264,
            39.20731816323127,
            40.20731816323127,
            41.207318163231264,
            38.207318163231264,
            39.20731816323127,
            36.20731816323127,
            37.20731816323127,
            36.20731816323127,
            37.20731816323127,
            40.20731816323127,
            41.207318163231264,
            40.20731816323127,
            41.207318163231264,
            42.20731816323127,
            41.207318163231264,
            42.20731816323127,
            45.20731816323127
        ]
    }
}