{
    "episode": 2611,
    "seed": 2611,
    "metrics": {
        "sinr_ue1": [
            33.578678951696766,
            16.035161926951965,
            37.997012986533015,
            31.874720823042594,
            16.181510188552505,
            12.27096466321499,
            32.68075748952236,
            18.078070997555486,
            17.68679428820372,
            28.040497943114083,
            24.57343106423544,
            21.9123421385604,
            17.0645776327016,
            13.976661565198075,
            27.326845776714755,
            24.31018975501984,
            8.267286828585155,
            10.151229500362762,
            13.895832233216574,
            39.465857712423514
        ],
        "sinr_ue2": [
            10.572434163790893,
            32.23694693121531,
            10.765537282020702,
            22.62663034121767,
            33.69503603407206,
            22.489356480618753,
            26.254519074409977,
            14.753251726797687,
            29.26090744926556,
            12.708921807599282,
            16.701116287497634,
            20.788475630588557,
            38.616181406558375,
            28.68806901579195,
            18.68908862546862,
            20.777161867072543,
            20.7761221711013,
            38.41174480848084,
            31.563564870077506,
            9.31838567407307
        ],
        "power_bs1": [
            41.92004331856232,
            38.92004331856232,
            41.92004331856232,
            40.92004331856232,
            39.92004331856232,
            36.92004331856232,
            37.92004331856232,
            38.92004331856232,
            35.92004331856232,
            34.92004331856232,
            33.92004331856232,
            30.92004331856232,
            31.92004331856232,
            32.92004331856232,
            29.92004331856232,
            28.920043318562318,
            31.92004331856232,
            30.92004331856232,
            31.92004331856232,
            34.92004331856232
        ],
        "power_bs2": [
            36.74023036497361,
            35.74023036497361,
            36.74023036497361,
            39.74023036497361,
            36.74023036497361,
            37.74023036497361,
            36.74023036497361,
            33.74023036497361,
            30.740230364973613,
            31.740230364973613,
            34.74023036497361,
            35.74023036497361,
            32.740230364973606,
            31.740230364973613,
            32.74023036497361,
            33.74023036497361,
            36.74023036497361,
            33.74023036497361,
            30.740230364973613,
            27.74023036497361
        ]
    }
}