{
    "episode": 1907,
    "seed": 1907,
    "metrics": {
        "sinr_ue1": [
            15.759980589700444,
            26.5878430730104,
            15.518037585877977,
            37.27311493979509,
            18.7801168615894,
            14.621167741762086,
            15.057049901356507,
            16.229857252891698,
            40.333780325581195,
            22.572942308378057,
            42.2691984252079,
            34.70413020110992,
            30.674510644353422,
            10.867720537889012,
            26.519177588917945,
            30.603779454876637,
            19.080023600316217,
            22.48666889211163,
            13.568283856050801,
            26.337733330325857
        ],
        "sinr_ue2": [
            12.30782099652815,
            32.50010825156308,
            31.723040239864066,
            12.475615271357741,
            10.478051396614081,
            38.633692784128,
            31.61678582467651,
            29.798210865415335,
            4.469811514200575,
            21.439418829857345,
            4.398841472334062,
            10.1293815040301,
            14.08416857277825,
            26.532728769006688,
            14.253233619464963,
            18.212992932763868,
            15.009730827456554,
            8.931714056728762,
            33.21858760034256,
            34.00949467242584
        ],
        "power_bs1": [
            39.86451610005495,
            38.86451610005495,
            37.86451610005494,
            38.86451610005495,
            37.86451610005494,
            34.86451610005495,
            35.86451610005495,
            34.86451610005495,
            37.86451610005494,
            38.86451610005495,
            37.86451610005494,
            34.86451610005495,
            33.86451610005495,
            30.86451610005495,
            33.86451610005495,
            36.86451610005494,
            39.86451610005495,
            40.86451610005494,
            37.86451610005494,
            36.86451610005494
        ],
        "power_bs2": [
            33.554657475127414,
            34.554657475127414,
            31.55465747512741,
            32.554657475127414,
            29.554657475127414,
            32.554657475127414,
            29.554657475127414,
            26.55465747512741,
            23.554657475127414,
            22.55465747512741,
            23.554657475127414,
            26.55465747512741,
            29.554657475127414,
            28.554657475127414,
            29.554657475127414,
            26.55465747512741,
            29.554657475127414,
            30.55465747512741,
            33.554657475127414,
            36.554657475127414
        ]
    }
}