{
    "episode": 2732,
    "seed": 2732,
    "metrics": {
        "sinr_ue1": [
            18.007643585351538,
            18.09783441591935,
            20.94368666003657,
            31.35619377024597,
            10.226830779440803,
            8.22081030067287,
            12.02773511866576,
            28.955034162611746,
            26.57898098628837,
            19.72124498485519,
            23.89242551305035,
            15.691308571444388,
            14.079111024927888,
            33.815151312401014,
            10.07688816506547,
            4.328530239944771,
            7.402445412348797,
            23.53177968418615,
            0.37050399065170836,
            13.291601977631395
        ],
        "sinr_ue2": [
            21.072503314213918,
            19.952961314371656,
            4.567804622037055,
            10.441015846022186,
            25.392080879945887,
            27.237918552749207,
            30.422624746488218,
            24.47040369685854,
            4.446472139670023,
            22.07252660056202,
            6.34927395104355,
            12.611896091041919,
            16.11200150617599,
            12.404872432413567,
            26.551011011964775,
            32.177736161036414,
            27.613673836585164,
            28.04844447543461,
            43.38242911459379,
            23.955674632855377
        ],
        "power_bs1": [
            41.822699935166526,
            42.822699935166526,
            39.82269993516652,
            36.822699935166526,
            37.822699935166526,
            34.82269993516652,
            35.822699935166526,
            38.82269993516652,
            39.82269993516652,
            40.822699935166526,
            39.82269993516652,
            36.822699935166526,
            37.822699935166526,
            34.82269993516652,
            33.82269993516652,
            30.822699935166522,
            31.822699935166522,
            30.822699935166522,
            27.82269993516652,
            26.822699935166522
        ],
        "power_bs2": [
            35.27482336305922,
            36.27482336305923,
            33.27482336305923,
            36.27482336305923,
            39.27482336305922,
            38.27482336305923,
            35.27482336305922,
            34.27482336305922,
            33.27482336305923,
            32.27482336305923,
            35.27482336305922,
            32.27482336305923,
            35.27482336305922,
            36.27482336305923,
            35.27482336305922,
            38.27482336305923,
            37.27482336305923,
            36.27482336305923,
            39.27482336305922,
            40.27482336305923
        ]
    }
}