{
    "episode": 4341,
    "seed": 4341,
    "metrics": {
        "sinr_ue1": [
            42.17457199632648,
            29.26125206589078,
            45.13747717833976,
            50.974392431793014,
            27.953787036209405,
            27.140057339553746,
            24.76250710169571,
            40.082996024655245,
            33.341401306412884,
            20.94620878245585,
            17.160548467213186,
            17.342003793036046,
            22.36274030736505,
            41.248678198481635,
            36.10725902997437,
            23.91695175682444,
            24.947907454423735,
            28.546853785106393,
            45.04812479292156,
            43.847275628847946
        ],
        "sinr_ue2": [
            7.279176041465164,
            20.094034532882898,
            7.163965190439821,
            5.162809139472718,
            22.825696023274958,
            26.435522885798477,
            28.20932966159947,
            15.705852234321648,
            14.178688175172134,
            26.710127445707773,
            32.929361417483854,
            37.46240799909814,
            33.08636768776613,
            24.07342789605827,
            15.729899921812954,
            31.726019997474054,
            12.064184955738373,
            26.45902999635507,
            8.273409234984515,
            10.098606847091231
        ],
        "power_bs1": [
            39.875505163773106,
            36.875505163773106,
            35.875505163773106,
            36.875505163773106,
            33.875505163773106,
            34.875505163773106,
            31.875505163773106,
            30.875505163773106,
            27.875505163773102,
            28.875505163773102,
            25.875505163773106,
            26.875505163773106,
            29.875505163773106,
            28.875505163773102,
            27.875505163773102,
            30.875505163773106,
            33.875505163773106,
            36.8755051637731,
            35.8755051637731,
            36.8755051637731
        ],
        "power_bs2": [
            31.19365717868793,
            28.193657178687932,
            27.193657178687932,
            26.19365717868793,
            25.19365717868793,
            28.193657178687932,
            27.193657178687932,
            30.19365717868793,
            31.19365717868793,
            28.193657178687932,
            29.19365717868793,
            30.19365717868793,
            27.193657178687932,
            24.19365717868793,
            27.193657178687932,
            26.19365717868793,
            29.19365717868793,
            28.19365717868793,
            27.19365717868793,
            30.19365717868793
        ]
    }
}