{
    "episode": 4840,
    "seed": 4840,
    "metrics": {
        "sinr_ue1": [
            31.062454129802724,
            24.923837634335896,
            4.782229785848765,
            23.441422514396727,
            0.8965738445562617,
            2.7293825586954283,
            18.351221795401443,
            15.578608378814057,
            4.352155985835189,
            6.144615678109161,
            16.66283779654427,
            20.706346879877763,
            16.183795685549363,
            0.4608779259986102,
            15.57392608205037,
            15.759721131578125,
            0.9195600402032773,
            23.802220860505297,
            12.763501719049568,
            18.96747889167838
        ],
        "sinr_ue2": [
            16.7478440795044,
            22.601270279228064,
            42.377232209842575,
            24.610616027879296,
            52.9974426755788,
            45.74877527639561,
            21.521378010977447,
            30.078498938950887,
            42.0091406631012,
            34.23709977075791,
            27.91932799303368,
            24.247517113481344,
            26.56268955057536,
            41.809882767141424,
            30.539794725575383,
            30.70934095094643,
            31.087641210863033,
            17.449942688066066,
            32.93815773063899,
            31.283154682132768
        ],
        "power_bs1": [
            35.86698571005813,
            32.86698571005813,
            31.866985710058128,
            32.86698571005813,
            29.86698571005813,
            28.866985710058128,
            25.86698571005813,
            24.86698571005813,
            27.866985710058128,
            28.866985710058128,
            25.866985710058124,
            26.866985710058128,
            27.866985710058128,
            24.86698571005813,
            25.866985710058124,
            28.866985710058128,
            31.866985710058128,
            30.866985710058124,
            29.86698571005813,
            32.86698571005813
        ],
        "power_bs2": [
            33.610077301053906,
            36.610077301053906,
            39.610077301053906,
            38.610077301053906,
            41.6100773010539,
            38.610077301053906,
            35.610077301053906,
            36.610077301053906,
            35.610077301053906,
            34.610077301053906,
            35.610077301053906,
            32.6100773010539,
            35.610077301053906,
            36.610077301053906,
            37.610077301053906,
            40.610077301053906,
            43.610077301053906,
            40.610077301053906,
            43.610077301053906,
            44.6100773010539
        ]
    }
}