{
    "episode": 3545,
    "seed": 3545,
    "metrics": {
        "sinr_ue1": [
            56.04883527946966,
            46.391360382647036,
            47.16719592904903,
            35.712257609596996,
            51.5915396135122,
            34.16411293368536,
            52.54536116773045,
            46.38336555290823,
            44.704687624240506,
            25.056699292509954,
            36.27815822099808,
            45.4714269433903,
            26.755978949031732,
            22.713980063813707,
            42.945976823941464,
            24.736839008486548,
            35.52118880069934,
            33.40146837113104,
            34.74612726595139,
            38.63905848251994
        ],
        "sinr_ue2": [
            12.282674106688829,
            28.233765290203774,
            18.48385057522619,
            34.33404001652703,
            18.106318600758815,
            36.29952406494915,
            16.33598572017187,
            20.574031552451792,
            22.347976351946592,
            39.2202742427621,
            30.381251499148874,
            27.62378937199979,
            47.271351303029746,
            41.21016927017181,
            27.99655586014774,
            27.953595056621516,
            33.91319103335836,
            40.8368216872647,
            34.234798926722924,
            30.2793618596114
        ],
        "power_bs1": [
            43.06470392090262,
            46.06470392090262,
            43.06470392090262,
            42.06470392090263,
            41.06470392090262,
            42.06470392090263,
            45.06470392090263,
            44.06470392090263,
            43.06470392090262,
            40.06470392090263,
            37.06470392090262,
            36.06470392090262,
            35.06470392090262,
            32.06470392090262,
            35.06470392090262,
            38.06470392090262,
            35.06470392090262,
            34.06470392090262,
            33.06470392090262,
            36.06470392090262
        ],
        "power_bs2": [
            29.909104892699556,
            32.90910489269955,
            35.90910489269955,
            32.90910489269955,
            33.90910489269955,
            34.90910489269955,
            35.90910489269955,
            38.90910489269955,
            39.90910489269955,
            42.90910489269955,
            41.909104892699546,
            38.90910489269955,
            35.90910489269955,
            36.90910489269955,
            37.90910489269955,
            40.90910489269955,
            43.90910489269955,
            40.90910489269955,
            41.909104892699546,
            40.90910489269955
        ]
    }
}