{
    "episode": 221,
    "seed": 221,
    "metrics": {
        "sinr_ue1": [
            18.219313822981185,
            18.203789988297743,
            12.26957491906794,
            25.061056983780688,
            22.672641408782543,
            32.30086322593761,
            33.68658499051287,
            36.85876688019828,
            34.82949017732246,
            27.616580839024078,
            17.40752300102558,
            30.081683076678782,
            31.20840014755464,
            20.278458689622898,
            15.81230964572661,
            24.900109724362103,
            26.365579876392154,
            27.636949685942245,
            12.251426072591482,
            8.353764207956168
        ],
        "sinr_ue2": [
            28.972939861582375,
            36.530170959888125,
            26.874358269540153,
            32.38503535644607,
            29.63119959577753,
            11.70435176209072,
            24.088351080041697,
            9.36282898991667,
            26.69336087210363,
            10.719463069924872,
            23.703623443610688,
            11.161136265270557,
            4.588983292728285,
            29.910341794871847,
            33.45606706866415,
            18.088654669477652,
            18.44206994187577,
            21.249500454854264,
            15.480479159673612,
            39.722225325469815
        ],
        "power_bs1": [
            43.17278514794074,
            40.17278514794074,
            37.172785147940736,
            36.172785147940736,
            37.172785147940736,
            40.17278514794074,
            37.172785147940736,
            36.172785147940736,
            33.17278514794074,
            32.172785147940736,
            35.17278514794074,
            34.17278514794074,
            33.17278514794074,
            30.172785147940743,
            27.17278514794074,
            30.172785147940743,
            31.172785147940736,
            34.17278514794074,
            37.172785147940736,
            34.17278514794074
        ],
        "power_bs2": [
            39.075595145740756,
            42.075595145740756,
            39.075595145740756,
            42.075595145740756,
            39.075595145740756,
            38.07559514574075,
            35.075595145740756,
            32.07559514574075,
            31.075595145740756,
            30.075595145740756,
            29.075595145740753,
            32.07559514574075,
            33.07559514574075,
            36.07559514574075,
            37.07559514574075,
            36.07559514574075,
            37.07559514574075,
            36.07559514574075,
            39.075595145740756,
            40.075595145740756
        ]
    }
}