{
    "episode": 3141,
    "seed": 3141,
    "metrics": {
        "sinr_ue1": [
            4.918548883053202,
            2.926880993351029,
            14.926263406960395,
            20.40397155250384,
            15.810877407832137,
            2.7916421920570227,
            18.736831162668416,
            2.750790509569683,
            4.745039875467352,
            4.878131946290839,
            15.715061603662763,
            21.35437176147427,
            17.90436916718212,
            2.8405285940353773,
            23.458571086807304,
            4.810906295874923,
            6.860497427390195,
            19.953818565731613,
            21.91010580838933,
            5.051482284302235
        ],
        "sinr_ue2": [
            23.97743449806798,
            31.208123952998072,
            18.85384066057112,
            28.065540283724122,
            20.876611984994593,
            32.505767160237056,
            20.276614341858078,
            33.99204943414319,
            17.371852645285585,
            30.55556996894097,
            38.799383018047884,
            18.77877040619069,
            15.1808274447688,
            32.21358749512762,
            12.88290612161288,
            14.794200090447491,
            25.70940831900756,
            16.537257976133652,
            17.306495007323747,
            17.80419573492051
        ],
        "power_bs1": [
            32.38604862777307,
            33.386048627773064,
            32.38604862777307,
            35.386048627773064,
            32.386048627773064,
            33.386048627773064,
            30.386048627773068,
            31.386048627773064,
            34.386048627773064,
            31.386048627773064,
            30.386048627773064,
            27.386048627773064,
            28.386048627773064,
            25.386048627773064,
            24.386048627773064,
            27.386048627773064,
            30.386048627773064,
            31.386048627773064,
            34.386048627773064,
            37.386048627773064
        ],
        "power_bs2": [
            39.28919822045353,
            42.28919822045353,
            41.289198220453535,
            40.28919822045353,
            43.28919822045353,
            42.28919822045353,
            41.289198220453535,
            40.28919822045353,
            41.289198220453535,
            38.28919822045353,
            41.289198220453535,
            38.28919822045353,
            37.28919822045353,
            34.28919822045353,
            31.289198220453528,
            34.28919822045353,
            35.28919822045353,
            38.28919822045353,
            41.28919822045353,
            44.28919822045353
        ]
    }
}