{
    "episode": 1788,
    "seed": 1788,
    "metrics": {
        "sinr_ue1": [
            27.842721544954536,
            15.381267699568728,
            25.318136894016202,
            9.647204035514022,
            9.721675908960783,
            11.701021967794173,
            25.144220343885742,
            13.41738897464558,
            9.680916916046465,
            22.50376987978911,
            25.213562714987997,
            26.515268976017513,
            22.33290709531577,
            20.60938621597202,
            9.870050163824782,
            10.026339630548202,
            29.418265463900415,
            24.805799981153402,
            12.127992022638782,
            26.503286394244263
        ],
        "sinr_ue2": [
            1.690355894684594,
            27.510887147009303,
            9.496737207104463,
            33.27502806359619,
            30.765548748738002,
            20.882351524885664,
            9.290592383864002,
            18.74579572554499,
            13.236052352471454,
            11.767625550351632,
            11.299178362071585,
            14.760667817736326,
            14.113688761221033,
            22.296404885173455,
            30.175875787906318,
            32.101156551189284,
            16.465683866241907,
            14.881465381587027,
            11.89315891339181,
            16.28053805223964
        ],
        "power_bs1": [
            40.54028750302948,
            37.54028750302948,
            38.54028750302948,
            35.54028750302948,
            32.54028750302948,
            31.540287503029482,
            30.54028750302948,
            29.54028750302948,
            28.540287503029482,
            31.540287503029482,
            30.54028750302948,
            29.54028750302948,
            32.54028750302948,
            35.54028750302948,
            34.540287503029475,
            37.54028750302948,
            38.54028750302948,
            35.54028750302948,
            36.54028750302948,
            33.54028750302948
        ],
        "power_bs2": [
            29.35402407298124,
            32.35402407298124,
            35.35402407298124,
            36.35402407298124,
            33.35402407298124,
            30.35402407298124,
            29.35402407298124,
            26.35402407298124,
            29.35402407298124,
            32.35402407298124,
            31.35402407298124,
            34.35402407298124,
            35.35402407298124,
            34.35402407298124,
            35.35402407298124,
            38.35402407298124,
            37.35402407298124,
            38.35402407298124,
            35.35402407298124,
            38.35402407298124
        ]
    }
}