{
    "episode": 644,
    "seed": 644,
    "metrics": {
        "sinr_ue1": [
            46.94172056601636,
            47.8728609699828,
            44.71162371465864,
            54.26873301875527,
            35.99518301403699,
            49.76720200225225,
            48.36024813735253,
            30.22669623155202,
            34.316572774219296,
            58.35441823573183,
            30.109949263038356,
            63.7458954575595,
            60.03447374212435,
            48.092684219238095,
            60.35601150415134,
            48.965309781243604,
            75.11070418561587,
            51.82401350037806,
            64.44731927779308,
            51.191079638906636
        ],
        "sinr_ue2": [
            15.80406315905645,
            21.504356350072072,
            19.630160278105965,
            19.518715409961494,
            35.94773575442407,
            21.493297921353882,
            19.61399452794153,
            46.50374998695126,
            41.263473746540534,
            15.246790373748947,
            34.01072730800601,
            19.7971545679493,
            12.956562981012883,
            9.02406595821369,
            22.6112237182787,
            26.143534577801745,
            0.8572576560980855,
            22.726408351410115,
            4.7219389885847916,
            17.294955998114666
        ],
        "power_bs1": [
            32.24350092175868,
            29.243500921758677,
            28.243500921758677,
            29.243500921758677,
            32.24350092175868,
            29.243500921758677,
            28.243500921758677,
            25.24350092175868,
            26.243500921758674,
            29.243500921758677,
            30.24350092175868,
            33.24350092175868,
            32.243500921758674,
            35.24350092175868,
            36.24350092175868,
            37.243500921758674,
            40.24350092175868,
            39.24350092175868,
            36.24350092175868,
            37.243500921758674
        ],
        "power_bs2": [
            31.916795231705105,
            34.9167952317051,
            31.916795231705105,
            32.9167952317051,
            35.91679523170511,
            34.9167952317051,
            31.916795231705105,
            34.9167952317051,
            31.916795231705102,
            28.916795231705102,
            27.916795231705102,
            28.916795231705102,
            29.916795231705105,
            26.916795231705102,
            29.916795231705105,
            28.916795231705102,
            25.916795231705102,
            28.916795231705102,
            25.916795231705102,
            24.916795231705102
        ]
    }
}