{
    "episode": 1601,
    "seed": 1601,
    "metrics": {
        "sinr_ue1": [
            40.988735504910196,
            35.449054519352345,
            52.778344043617636,
            37.98166155373904,
            41.688307024029065,
            36.467158513714985,
            49.37791892000594,
            56.89071860619904,
            59.16432188651303,
            36.90833834930494,
            55.806555378437096,
            36.5131720973738,
            36.86373665841934,
            37.23613766136382,
            36.79058177952022,
            36.71219379943706,
            37.38002735359101,
            38.05846976299631,
            53.954740527939514,
            38.28910895239006
        ],
        "sinr_ue2": [
            26.35947832424452,
            35.84076253415317,
            16.277235714055568,
            32.14564936449253,
            29.57051504866375,
            28.121482227230086,
            12.562743559820323,
            12.412430493847973,
            14.465190788314963,
            30.835434308456037,
            26.494145702628337,
            28.808725285609015,
            35.98578728257354,
            14.050936385229942,
            34.641362067735734,
            13.96949762432855,
            29.62996449822719,
            22.872717469967178,
            10.37881118439429,
            27.494679173178053
        ],
        "power_bs1": [
            44.42901515932277,
            41.42901515932277,
            38.42901515932277,
            41.42901515932277,
            42.42901515932277,
            41.42901515932277,
            42.42901515932277,
            39.42901515932277,
            40.42901515932277,
            37.42901515932277,
            38.42901515932277,
            35.42901515932277,
            32.42901515932277,
            35.42901515932277,
            32.42901515932277,
            35.42901515932277,
            36.42901515932277,
            39.429015159322766,
            38.429015159322766,
            35.42901515932277
        ],
        "power_bs2": [
            40.211715212954076,
            43.21171521295408,
            42.211715212954076,
            41.21171521295408,
            44.211715212954076,
            43.211715212954076,
            42.211715212954076,
            39.211715212954076,
            42.211715212954076,
            39.211715212954076,
            36.211715212954076,
            37.211715212954076,
            34.211715212954076,
            37.211715212954076,
            34.211715212954076,
            37.211715212954076,
            40.211715212954076,
            39.211715212954076,
            36.211715212954076,
            35.211715212954076
        ]
    }
}