{
    "episode": 4735,
    "seed": 4735,
    "metrics": {
        "sinr_ue1": [
            43.85057385805296,
            29.408386179975302,
            27.097065938605688,
            38.904882163116156,
            44.65523212597746,
            25.297309262894473,
            25.65577766610978,
            47.1533733821511,
            38.824643518896316,
            24.215600048061493,
            30.436583132022086,
            44.91830466742271,
            53.73667093944655,
            45.91564348061004,
            30.21922505352005,
            50.86760355525893,
            29.764768436371583,
            51.86551167322067,
            44.172837730008865,
            25.483964398412166
        ],
        "sinr_ue2": [
            12.850486866564935,
            29.537722592285192,
            28.357780918270336,
            26.762964068759914,
            27.574152022762377,
            14.817238478409593,
            30.407587099098293,
            10.889405678500728,
            7.478975850059667,
            33.87871016502001,
            12.820375715514349,
            10.713858256453921,
            8.701411897900108,
            13.88123904183252,
            26.10017298967668,
            24.024134050404236,
            25.51367887064064,
            8.89579793103101,
            12.683028784722637,
            32.316783262683224
        ],
        "power_bs1": [
            36.408966892519025,
            39.40896689251902,
            40.408966892519025,
            39.40896689251902,
            36.408966892519025,
            39.40896689251902,
            38.40896689251902,
            41.408966892519025,
            38.40896689251902,
            35.408966892519025,
            36.408966892519025,
            35.408966892519025,
            34.40896689251902,
            31.408966892519018,
            32.40896689251902,
            33.40896689251902,
            36.408966892519025,
            37.40896689251902,
            34.40896689251902,
            35.408966892519025
        ],
        "power_bs2": [
            40.89650418987665,
            41.896504189876644,
            44.89650418987665,
            43.896504189876644,
            42.89650418987665,
            45.89650418987665,
            44.89650418987665,
            43.896504189876644,
            44.89650418987665,
            43.896504189876644,
            40.89650418987665,
            37.896504189876644,
            34.896504189876644,
            33.896504189876644,
            34.896504189876644,
            35.89650418987665,
            38.896504189876644,
            37.896504189876644,
            38.896504189876644,
            41.896504189876644
        ]
    }
}