{
    "episode": 4721,
    "seed": 4721,
    "metrics": {
        "sinr_ue1": [
            35.237699217252135,
            33.293086405826955,
            37.12789925765954,
            50.77997380309972,
            51.51252410065339,
            37.199897749504366,
            21.828496396240872,
            23.862046772415116,
            43.06576863338655,
            22.089384197471134,
            24.071364124556375,
            8.542787153223218,
            37.606248067097226,
            38.39689965521573,
            40.86442595349382,
            29.135599534988287,
            31.493411917136424,
            27.072095605804762,
            27.948017882278897,
            10.359860172562549
        ],
        "sinr_ue2": [
            31.185399303902784,
            30.853642226391127,
            14.269567542506126,
            16.1596350802399,
            20.0087713443194,
            35.911240808116304,
            40.013685441194696,
            40.62183537482154,
            25.96902475866146,
            42.54332939302412,
            43.99892669846353,
            47.37253462323781,
            27.900649937316352,
            29.823884787484516,
            27.74783214642676,
            45.41121644550551,
            31.664825060230058,
            31.68582432646855,
            35.56576959312652,
            54.90182479212905
        ],
        "power_bs1": [
            42.459933781851845,
            41.459933781851845,
            42.459933781851845,
            43.459933781851845,
            40.459933781851845,
            39.459933781851845,
            36.459933781851845,
            37.459933781851845,
            40.459933781851845,
            37.459933781851845,
            40.459933781851845,
            41.459933781851845,
            38.459933781851845,
            39.459933781851845,
            40.459933781851845,
            37.459933781851845,
            38.459933781851845,
            37.459933781851845,
            34.459933781851845,
            31.459933781851845
        ],
        "power_bs2": [
            31.482264778360314,
            32.48226477836031,
            31.482264778360314,
            34.48226477836031,
            35.48226477836031,
            36.48226477836032,
            39.48226477836031,
            38.48226477836032,
            41.48226477836032,
            40.48226477836032,
            41.48226477836032,
            44.48226477836031,
            41.48226477836032,
            44.48226477836031,
            43.48226477836032,
            46.48226477836032,
            45.48226477836031,
            44.48226477836031,
            45.48226477836031,
            46.48226477836032
        ]
    }
}