{
    "episode": 1307,
    "seed": 1307,
    "metrics": {
        "sinr_ue1": [
            14.581285148753993,
            9.59882392978718,
            14.180654766979135,
            14.196473161704189,
            10.7123332950606,
            12.760038996001128,
            12.738289198595538,
            14.620482790455156,
            14.201040420780945,
            14.196634516577635,
            14.20732101438412,
            14.193936501873628,
            12.68893658893856,
            12.613129431456574,
            6.692807954607556,
            10.656144208474645,
            10.511355902565311,
            12.427284802940779,
            8.48921750600811,
            10.3467829302921
        ],
        "sinr_ue2": [
            7.243403091895487,
            7.270555034331477,
            9.361630912348328,
            9.309943925113245,
            13.239091199434629,
            11.276924451662005,
            2.7589215399410003,
            7.231243133225563,
            9.323470346013382,
            9.426018570596545,
            9.439414478703858,
            9.36628688040138,
            11.26427862234679,
            11.156250193690793,
            14.743016032615847,
            13.105206983435355,
            13.098770820028095,
            10.965019294483488,
            14.200741433318758,
            12.870136552069212
        ],
        "power_bs1": [
            38.79381436908315,
            41.79381436908315,
            40.793814369083144,
            43.793814369083144,
            40.793814369083144,
            43.793814369083144,
            40.793814369083144,
            41.79381436908315,
            40.793814369083144,
            41.79381436908315,
            44.79381436908315,
            41.79381436908315,
            40.793814369083144,
            37.79381436908315,
            34.793814369083144,
            35.793814369083144,
            32.79381436908315,
            31.793814369083147,
            28.793814369083147,
            29.79381436908315
        ],
        "power_bs2": [
            35.43350212443778,
            38.43350212443778,
            39.43350212443778,
            42.43350212443778,
            43.43350212443778,
            44.43350212443778,
            41.43350212443778,
            38.43350212443778,
            39.43350212443778,
            40.43350212443778,
            43.43350212443778,
            40.43350212443777,
            41.43350212443778,
            38.43350212443778,
            41.43350212443778,
            38.43350212443778,
            35.43350212443777,
            32.43350212443778,
            33.43350212443778,
            32.43350212443778
        ]
    }
}