{
    "episode": 1684,
    "seed": 1684,
    "metrics": {
        "sinr_ue1": [
            14.142636365556406,
            10.411431921832364,
            12.216988525317488,
            10.11298525710081,
            10.35393357264046,
            10.094490753511213,
            10.363309080776341,
            10.082289417259933,
            9.613203309970945,
            9.36593022061324,
            12.40049234275229,
            9.99096275484587,
            9.476642436109765,
            6.960400901293328,
            6.382355081368963,
            7.9432999596143885,
            7.47172188438442,
            6.916354856783743,
            6.365872908371443,
            5.749000665982343
        ],
        "sinr_ue2": [
            8.625540868706242,
            4.91911079496911,
            3.0745416004628274,
            5.063570372586521,
            5.1228629551647025,
            4.977907526664591,
            4.905824484133506,
            4.967367800858481,
            4.839039163059376,
            6.783483549739545,
            0.9429637750473896,
            3.0467311029338955,
            3.0500442684166176,
            5.074257319520567,
            4.980821247704109,
            5.030617798678796,
            4.90340220740612,
            4.913819064539991,
            4.7995434716359515,
            4.691517301075756
        ],
        "power_bs1": [
            41.34660238382725,
            38.34660238382725,
            37.346602383827246,
            34.346602383827246,
            37.346602383827246,
            34.346602383827246,
            37.346602383827246,
            34.346602383827246,
            31.346602383827246,
            30.346602383827243,
            31.346602383827246,
            28.346602383827246,
            27.346602383827246,
            24.346602383827246,
            23.346602383827246,
            26.346602383827246,
            25.346602383827243,
            24.346602383827246,
            23.346602383827246,
            22.346602383827246
        ],
        "power_bs2": [
            42.07078585119991,
            43.0707858511999,
            40.07078585119991,
            39.07078585119991,
            42.07078585119991,
            39.07078585119991,
            42.07078585119991,
            39.07078585119991,
            36.07078585119991,
            35.07078585119991,
            32.07078585119991,
            31.070785851199908,
            30.070785851199908,
            29.070785851199904,
            28.070785851199904,
            31.070785851199908,
            30.070785851199908,
            29.070785851199904,
            28.070785851199904,
            27.070785851199904
        ]
    }
}