{
    "episode": 3115,
    "seed": 3115,
    "metrics": {
        "sinr_ue1": [
            14.432186367574925,
            14.349293225335202,
            14.387747621012991,
            14.1127082931688,
            13.85953523667271,
            13.763221222773593,
            14.254233011126917,
            13.3293281675768,
            14.567864411203981,
            13.717315091449942,
            13.876293412865019,
            13.965757953640612,
            10.162809677950081,
            9.963136930712368,
            9.51244797610767,
            9.964149118102547,
            9.587852958527058,
            9.796264675673832,
            9.956929371345055,
            10.05870144976761
        ],
        "sinr_ue2": [
            11.542722641121433,
            11.484905904100069,
            13.701389602175526,
            13.657071082064588,
            13.57423140740432,
            13.459760008728534,
            11.397088564646113,
            13.32522795354635,
            13.439924579597344,
            13.579689111405743,
            13.623950940420208,
            13.63445841194049,
            14.862904318109477,
            14.797276324236392,
            14.64864412011222,
            14.806279879521005,
            8.757460858049306,
            14.746446671528977,
            14.809724119851587,
            14.841346257281804
        ],
        "power_bs1": [
            38.252255929875496,
            35.252255929875496,
            36.252255929875496,
            37.252255929875496,
            34.2522559298755,
            33.252255929875496,
            32.252255929875496,
            31.252255929875496,
            32.252255929875496,
            33.252255929875496,
            34.2522559298755,
            35.2522559298755,
            34.2522559298755,
            31.252255929875496,
            28.2522559298755,
            31.252255929875496,
            28.2522559298755,
            29.2522559298755,
            30.252255929875496,
            31.252255929875496
        ],
        "power_bs2": [
            39.889188560992615,
            36.88918856099262,
            37.88918856099262,
            40.889188560992615,
            37.889188560992615,
            36.88918856099262,
            33.889188560992615,
            34.889188560992615,
            35.889188560992615,
            36.88918856099262,
            37.88918856099262,
            38.88918856099262,
            41.88918856099262,
            38.889188560992615,
            35.889188560992615,
            38.889188560992615,
            35.889188560992615,
            36.88918856099262,
            37.889188560992615,
            38.889188560992615
        ]
    }
}