{
    "episode": 1859,
    "seed": 1859,
    "metrics": {
        "sinr_ue1": [
            8.0831865666375,
            7.854584431644136,
            6.087859577332388,
            5.846598086176488,
            7.687571874160884,
            6.009760673307861,
            5.645304972624833,
            4.007005491499742,
            3.7197725251666993,
            2.008609576920975,
            1.6789825498368034,
            5.496595068979987,
            3.9305779272749204,
            2.155661358803646,
            2.0865551075143984,
            7.7803866193559506,
            2.029057066210464,
            3.767255700788465,
            2.021303702367109,
            7.740619733185095
        ],
        "sinr_ue2": [
            10.615024258879656,
            10.419329540099653,
            2.6185852153005524,
            1.3164704572836037,
            10.361725964774873,
            12.40558294191876,
            12.096626711151654,
            14.131408592034138,
            13.729215235855607,
            14.424108911637912,
            14.277855185871434,
            12.046376453383083,
            14.1193010664928,
            14.517684563506517,
            14.476252657742487,
            10.590358116342575,
            14.493126371846047,
            14.08302258687151,
            14.498886420375605,
            10.60149518123812
        ],
        "power_bs1": [
            32.791325754520805,
            29.79132575452081,
            30.791325754520813,
            27.79132575452081,
            28.79132575452081,
            29.79132575452081,
            26.791325754520805,
            27.79132575452081,
            24.79132575452081,
            25.791325754520813,
            22.79132575452081,
            25.791325754520813,
            26.791325754520805,
            27.79132575452081,
            26.791325754520805,
            29.79132575452081,
            26.791325754520805,
            25.791325754520813,
            26.791325754520805,
            29.79132575452081
        ],
        "power_bs2": [
            39.46300167018358,
            36.46300167018358,
            39.46300167018358,
            36.46300167018357,
            35.46300167018358,
            38.46300167018357,
            35.46300167018358,
            38.46300167018357,
            35.46300167018357,
            38.46300167018357,
            35.46300167018357,
            34.46300167018357,
            37.46300167018357,
            40.46300167018358,
            39.46300167018357,
            36.46300167018357,
            39.46300167018357,
            36.46300167018357,
            39.46300167018357,
            36.46300167018357
        ]
    }
}